Date,HomeTeam,AwayTeam,Referee,FTHG,FTAG,FTR,HTHG,HTAG,HTR,HS,AS,HST,AST,HC,AC,HY,AY,HR,AR,HF,AF
12-09-2020,Fulham,Arsenal,C Kavanagh,0,3,A,0,1,A,5,13,2,6,2,3,2,2,0,0,12,12
12-09-2020,Crystal Palace,Southampton,J Moss,1,0,H,1,0,H,5,9,3,5,7,3,2,1,0,0,14,11
12-09-2020,Liverpool,Leeds,M Oliver,4,3,H,3,2,H,22,6,6,3,9,0,1,0,0,0,9,6
12-09-2020,West Ham,Newcastle,S Attwell,0,2,A,0,0,D,15,15,3,2,8,7,2,2,0,0,13,7
13-09-2020,West Brom,Leicester,A Taylor,0,3,A,0,0,D,7,13,1,7,2,5,1,1,0,0,12,9
13-09-2020,Tottenham,Everton,M Atkinson,0,1,A,0,0,D,9,15,5,4,5,3,1,0,0,0,15,7
14-09-2020,Brighton,Chelsea,C Pawson,1,3,A,0,1,A,13,10,3,5,4,3,1,0,0,0,8,13
14-09-2020,Sheffield United,Wolves,M Dean,0,2,A,0,2,A,9,11,2,4,12,5,2,1,0,0,13,7
19-09-2020,Everton,West Brom,M Dean,5,2,H,2,1,H,17,6,7,4,11,1,1,0,0,1,9,11
19-09-2020,Leeds,Fulham,A Taylor,4,3,H,2,1,H,10,14,7,6,5,3,1,2,0,0,13,18
19-09-2020,Man United,Crystal Palace,M Atkinson,1,3,A,0,1,A,13,14,4,5,9,3,2,1,0,0,13,10
19-09-2020,Arsenal,West Ham,M Oliver,2,1,H,1,1,D,7,14,3,3,7,5,0,1,0,0,11,13
20-09-2020,Southampton,Tottenham,D Coote,2,5,A,1,1,D,14,9,7,6,3,2,4,3,0,0,16,18
20-09-2020,Newcastle,Brighton,K Friend,0,3,A,0,2,A,6,13,0,6,7,1,3,0,0,1,16,15
20-09-2020,Chelsea,Liverpool,P Tierney,0,2,A,0,0,D,5,18,3,6,1,11,0,0,1,0,10,6
20-09-2020,Leicester,Burnley,L Mason,4,2,H,1,1,D,14,16,6,5,15,4,1,2,0,0,11,13
21-09-2020,Aston Villa,Sheffield United,G Scott,1,0,H,0,0,D,18,4,2,1,10,4,3,1,0,1,12,13
21-09-2020,Wolves,Man City,A Marriner,1,3,A,0,2,A,10,14,1,9,4,6,0,3,0,0,6,8
26-09-2020,Brighton,Man United,C Kavanagh,2,3,A,1,1,D,18,7,5,3,7,1,4,2,0,0,18,16
26-09-2020,Crystal Palace,Everton,K Friend,1,2,A,1,2,A,8,10,1,5,7,6,3,1,0,0,16,15
26-09-2020,West Brom,Chelsea,J Moss,3,3,D,3,0,H,9,22,3,10,3,9,1,3,0,0,8,16
26-09-2020,Burnley,Southampton,A Marriner,0,1,A,0,1,A,10,5,2,1,8,2,1,0,0,0,8,10
27-09-2020,Sheffield United,Leeds,P Tierney,0,1,A,0,0,D,14,17,4,9,5,7,2,1,0,0,18,4
27-09-2020,Tottenham,Newcastle,P Bankes,1,1,D,1,0,H,23,6,12,1,10,4,1,4,0,0,15,9
27-09-2020,Man City,Leicester,M Oliver,2,5,A,1,1,D,16,7,5,7,3,4,1,3,0,0,13,8
27-09-2020,West Ham,Wolves,M Atkinson,4,0,H,1,0,H,15,11,7,2,1,3,0,1,0,0,7,11
28-09-2020,Fulham,Aston Villa,S Attwell,0,3,A,0,2,A,16,12,3,5,5,3,6,3,0,0,18,14
28-09-2020,Liverpool,Arsenal,C Pawson,3,1,H,2,1,H,21,4,8,3,7,3,2,2,0,0,11,7
03-10-2020,Chelsea,Crystal Palace,M Oliver,4,0,H,0,0,D,17,4,6,0,8,5,2,0,0,0,17,13
03-10-2020,Everton,Brighton,S Hooper,4,2,H,2,1,H,11,11,6,3,3,10,0,1,0,0,13,14
03-10-2020,Leeds,Man City,M Dean,1,1,D,0,1,A,12,23,7,2,7,10,2,1,0,0,11,12
03-10-2020,Newcastle,Burnley,D Coote,3,1,H,1,0,H,10,7,5,3,3,4,2,3,0,0,13,17
04-10-2020,Leicester,West Ham,A Madley,0,3,A,0,2,A,4,14,0,6,6,4,2,2,0,0,11,8
04-10-2020,Southampton,West Brom,C Kavanagh,2,0,H,1,0,H,13,5,7,2,5,1,2,1,0,0,19,10
04-10-2020,Arsenal,Sheffield United,L Mason,2,1,H,0,0,D,6,6,5,2,2,4,0,1,0,0,3,9
04-10-2020,Wolves,Fulham,D England,1,0,H,0,0,D,14,10,5,2,6,2,1,1,0,0,15,8
04-10-2020,Man United,Tottenham,A Taylor,1,6,A,1,4,A,5,22,2,8,2,4,2,1,1,0,14,10
04-10-2020,Aston Villa,Liverpool,M Atkinson,7,2,H,4,1,H,18,14,11,8,2,7,2,1,0,0,7,10
17-10-2020,Everton,Liverpool,M Oliver,2,2,D,1,1,D,11,22,5,8,2,5,3,2,1,0,15,9
17-10-2020,Chelsea,Southampton,P Bankes,3,3,D,2,1,H,11,13,5,6,6,2,1,1,0,0,11,9
17-10-2020,Man City,Arsenal,C Kavanagh,1,0,H,1,0,H,13,11,5,3,6,6,4,1,0,0,15,10
17-10-2020,Newcastle,Man United,C Pawson,1,4,A,1,1,D,7,28,4,14,0,7,1,1,0,0,9,12
18-10-2020,Sheffield United,Fulham,A Marriner,1,1,D,0,0,D,10,15,6,6,2,5,0,2,0,0,5,9
18-10-2020,Crystal Palace,Brighton,S Attwell,1,1,D,1,0,H,1,20,1,3,2,5,3,2,0,1,13,12
18-10-2020,Tottenham,West Ham,P Tierney,3,3,D,3,0,H,11,13,6,4,3,7,0,5,0,0,13,12
18-10-2020,Leicester,Aston Villa,J Moss,0,1,A,0,0,D,11,10,5,4,2,7,4,3,0,0,18,18
19-10-2020,West Brom,Burnley,A Taylor,0,0,D,0,0,D,13,9,6,4,8,2,2,2,0,0,15,17
19-10-2020,Leeds,Wolves,D Coote,0,1,A,0,0,D,13,7,2,3,8,3,2,1,0,0,13,12
23-10-2020,Aston Villa,Leeds,P Tierney,0,3,A,0,0,D,12,27,4,9,6,5,2,2,0,0,14,17
24-10-2020,West Ham,Man City,A Taylor,1,1,D,1,0,H,6,14,2,7,2,10,2,0,0,0,14,6
24-10-2020,Fulham,Crystal Palace,G Scott,1,2,A,0,1,A,16,14,3,10,4,4,0,1,1,0,11,11
24-10-2020,Man United,Chelsea,M Atkinson,0,0,D,0,0,D,14,6,4,1,9,6,3,1,0,0,8,6
24-10-2020,Liverpool,Sheffield United,M Dean,2,1,H,1,1,D,17,13,5,2,7,3,0,3,0,0,7,15
25-10-2020,Southampton,Everton,K Friend,2,0,H,2,0,H,12,6,6,2,4,5,1,2,0,1,11,11
25-10-2020,Wolves,Newcastle,L Mason,1,1,D,0,0,D,16,5,3,2,2,3,0,1,0,0,10,10
25-10-2020,Arsenal,Leicester,C Pawson,0,1,A,0,0,D,12,6,4,2,9,3,3,5,0,0,13,9
26-10-2020,Brighton,West Brom,J Moss,1,1,D,1,0,H,5,9,3,3,6,2,2,0,0,0,14,7
26-10-2020,Burnley,Tottenham,M Oliver,0,1,A,0,0,D,13,9,4,3,4,5,2,0,0,0,9,7
30-10-2020,Wolves,Crystal Palace,M Atkinson,2,0,H,2,0,H,15,11,5,2,7,6,0,2,0,1,13,4
31-10-2020,Sheffield United,Man City,M Oliver,0,1,A,0,1,A,5,16,1,8,2,5,0,0,0,0,14,6
31-10-2020,Burnley,Chelsea,D Coote,0,3,A,0,1,A,5,14,0,9,3,4,1,0,0,0,10,15
31-10-2020,Liverpool,West Ham,K Friend,2,1,H,1,1,D,9,4,5,3,1,2,0,1,0,0,13,14
01-11-2020,Aston Villa,Southampton,D England,3,4,A,0,3,A,19,9,10,4,11,1,1,2,0,0,12,17
01-11-2020,Newcastle,Everton,S Attwell,2,1,H,0,0,D,11,15,4,4,5,4,2,4,0,0,9,10
01-11-2020,Man United,Arsenal,M Dean,0,1,A,0,0,D,8,7,2,2,6,3,3,3,0,0,12,12
01-11-2020,Tottenham,Brighton,G Scott,2,1,H,1,0,H,9,6,3,2,4,5,2,1,0,0,14,13
02-11-2020,Fulham,West Brom,S Hooper,2,0,H,2,0,H,13,10,6,1,5,2,3,2,0,0,13,11
02-11-2020,Leeds,Leicester,A Marriner,1,4,A,0,2,A,11,10,4,8,10,3,1,1,0,0,9,5
06-11-2020,Brighton,Burnley,M Dean,0,0,D,0,0,D,19,4,3,1,5,3,1,0,0,0,11,5
06-11-2020,Southampton,Newcastle,P Bankes,2,0,H,1,0,H,15,4,8,2,8,3,1,2,0,0,12,11
07-11-2020,Everton,Man United,P Tierney,1,3,A,1,2,A,7,13,1,5,5,2,4,2,0,0,12,19
07-11-2020,Crystal Palace,Leeds,C Kavanagh,4,1,H,3,1,H,10,9,6,3,3,6,0,2,0,0,9,1
07-11-2020,Chelsea,Sheffield United,J Moss,4,1,H,2,1,H,20,6,9,3,6,7,0,2,0,0,5,14
07-11-2020,West Ham,Fulham,R Jones,1,0,H,0,0,D,16,13,7,3,9,5,2,2,0,0,10,9
08-11-2020,West Brom,Tottenham,A Madley,0,1,A,0,0,D,12,19,2,5,9,6,1,0,0,0,17,12
08-11-2020,Leicester,Wolves,A Taylor,1,0,H,1,0,H,10,7,3,2,6,3,2,3,0,0,12,8
08-11-2020,Man City,Liverpool,C Pawson,1,1,D,1,1,D,7,10,2,3,1,2,3,1,0,0,19,11
08-11-2020,Arsenal,Aston Villa,M Atkinson,0,3,A,0,1,A,13,15,2,6,3,8,0,0,0,0,11,13
21-11-2020,Newcastle,Chelsea,C Pawson,0,2,A,0,1,A,8,14,1,3,7,4,2,0,0,0,11,12
21-11-2020,Aston Villa,Brighton,M Oliver,1,2,A,0,1,A,15,7,4,3,12,3,2,1,0,1,5,18
21-11-2020,Tottenham,Man City,M Dean,2,0,H,1,0,H,4,22,2,5,0,10,2,2,0,0,13,19
21-11-2020,Man United,West Brom,D Coote,1,0,H,0,0,D,17,7,7,2,8,2,1,1,0,0,12,17
22-11-2020,Fulham,Everton,A Madley,2,3,A,1,3,A,14,9,6,7,2,5,2,0,0,0,14,10
22-11-2020,Sheffield United,West Ham,M Atkinson,0,1,A,0,0,D,9,15,5,3,2,6,0,0,0,0,7,6
22-11-2020,Leeds,Arsenal,A Taylor,0,0,D,0,0,D,25,9,4,2,5,3,3,0,0,1,9,8
22-11-2020,Liverpool,Leicester,C Kavanagh,3,0,H,2,0,H,24,11,13,4,10,3,0,2,0,0,15,6
23-11-2020,Burnley,Crystal Palace,K Friend,1,0,H,1,0,H,10,15,4,5,4,7,2,0,0,0,13,9
23-11-2020,Wolves,Southampton,A Marriner,1,1,D,0,0,D,20,7,9,2,7,4,2,0,0,0,14,13
27-11-2020,Crystal Palace,Newcastle,G Scott,0,2,A,0,0,D,12,14,3,7,7,3,2,2,0,0,9,10
28-11-2020,Brighton,Liverpool,S Attwell,1,1,D,0,0,D,11,6,3,2,4,3,2,1,0,0,9,13
28-11-2020,Man City,Burnley,L Mason,5,0,H,3,0,H,19,9,6,1,6,4,0,0,0,0,12,4
28-11-2020,Everton,Leeds,C Kavanagh,0,1,A,0,0,D,15,23,8,7,4,2,1,2,0,0,8,14
28-11-2020,West Brom,Sheffield United,M Dean,1,0,H,1,0,H,17,21,6,5,14,9,2,3,0,0,10,9
29-11-2020,Southampton,Man United,J Moss,2,3,A,2,0,H,10,15,5,6,5,9,1,0,0,0,12,12
29-11-2020,Chelsea,Tottenham,P Tierney,0,0,D,0,0,D,13,5,3,1,3,3,4,2,0,0,20,9
29-11-2020,Arsenal,Wolves,M Oliver,1,2,A,1,2,A,13,11,2,5,8,4,3,4,0,0,13,13
30-11-2020,Leicester,Fulham,S Hooper,1,2,A,0,2,A,16,10,3,5,6,5,0,2,0,0,9,21
30-11-2020,West Ham,Aston Villa,P Bankes,2,1,H,1,1,D,6,16,2,6,3,7,1,1,0,0,20,7
05-12-2020,Burnley,Everton,A Taylor,1,1,D,1,1,D,8,13,3,6,8,4,0,0,0,0,6,9
05-12-2020,Man City,Fulham,J Moss,2,0,H,2,0,H,16,6,6,1,9,3,0,0,0,0,7,6
05-12-2020,West Ham,Man United,A Marriner,1,3,A,1,0,H,19,15,6,6,5,4,0,0,0,0,9,10
05-12-2020,Chelsea,Leeds,K Friend,3,1,H,1,1,D,23,8,11,3,8,4,0,2,0,0,12,9
06-12-2020,West Brom,Crystal Palace,P Tierney,1,5,A,1,1,D,9,18,4,6,4,6,2,2,1,0,10,16
06-12-2020,Sheffield United,Leicester,S Attwell,1,2,A,1,1,D,4,13,1,4,6,5,1,3,0,0,13,6
06-12-2020,Tottenham,Arsenal,M Atkinson,2,0,H,2,0,H,6,11,3,2,3,9,1,2,0,0,16,12
06-12-2020,Liverpool,Wolves,C Pawson,4,0,H,1,0,H,11,9,6,3,4,6,1,1,0,0,8,14
07-12-2020,Brighton,Southampton,D Coote,1,2,A,1,1,D,12,10,4,3,4,3,3,3,0,0,12,12
11-12-2020,Leeds,West Ham,M Oliver,1,2,A,1,1,D,13,19,7,8,5,6,1,2,0,0,12,10
12-12-2020,Wolves,Aston Villa,M Dean,0,1,A,0,0,D,16,13,7,2,5,8,2,5,0,0,23,15
12-12-2020,Newcastle,West Brom,D England,2,1,H,1,0,H,12,13,7,3,4,3,2,3,0,0,9,12
12-12-2020,Man United,Man City,C Kavanagh,0,0,D,0,0,D,11,9,2,2,4,3,1,1,0,0,13,6
12-12-2020,Everton,Chelsea,J Moss,1,0,H,1,0,H,9,10,4,3,6,6,2,3,0,0,10,11
13-12-2020,Southampton,Sheffield United,A Madley,3,0,H,1,0,H,16,3,6,0,8,4,0,1,0,0,8,14
13-12-2020,Crystal Palace,Tottenham,K Friend,1,1,D,0,1,A,16,14,5,6,4,7,1,1,0,0,15,11
13-12-2020,Fulham,Liverpool,A Marriner,1,1,D,1,0,H,10,12,5,6,6,8,3,1,0,0,9,5
13-12-2020,Arsenal,Burnley,G Scott,0,1,A,0,0,D,18,10,6,2,13,4,2,1,1,0,5,11
13-12-2020,Leicester,Brighton,M Atkinson,3,0,H,3,0,H,15,12,6,4,9,5,2,1,0,0,9,11
15-12-2020,Wolves,Chelsea,S Attwell,2,1,H,0,0,D,12,13,4,3,5,6,2,2,0,0,12,12
15-12-2020,Man City,West Brom,P Bankes,1,1,D,1,1,D,26,5,7,1,13,2,2,3,0,0,5,8
16-12-2020,Arsenal,Southampton,P Tierney,1,1,D,0,1,A,9,13,4,3,2,7,1,3,1,0,13,13
16-12-2020,Leeds,Newcastle,S Hooper,5,2,H,1,1,D,25,10,10,4,7,4,3,1,0,0,10,13
16-12-2020,Leicester,Everton,L Mason,0,2,A,0,1,A,14,11,2,6,4,6,2,3,0,0,12,9
16-12-2020,Fulham,Brighton,R Jones,0,0,D,0,0,D,9,9,4,4,1,8,1,0,0,0,15,11
16-12-2020,Liverpool,Tottenham,A Taylor,2,1,H,1,1,D,17,8,11,2,7,4,0,2,0,0,8,9
16-12-2020,West Ham,Crystal Palace,D Coote,1,1,D,0,1,A,9,8,2,2,5,3,0,1,0,1,8,12
17-12-2020,Aston Villa,Burnley,C Pawson,0,0,D,0,0,D,27,6,7,4,11,1,1,1,0,0,17,19
17-12-2020,Sheffield United,Man United,M Oliver,2,3,A,1,2,A,12,14,6,8,6,3,3,2,0,0,17,8
19-12-2020,Crystal Palace,Liverpool,J Moss,0,7,A,0,3,A,5,14,3,8,5,4,1,0,0,0,5,11
19-12-2020,Southampton,Man City,M Dean,0,1,A,0,1,A,9,11,3,5,6,6,2,2,0,0,9,11
19-12-2020,Everton,Arsenal,A Marriner,2,1,H,2,1,H,9,13,2,2,4,3,1,3,0,0,9,9
19-12-2020,Newcastle,Fulham,G Scott,1,1,D,0,1,A,12,11,5,4,2,9,1,2,0,1,7,17
20-12-2020,Brighton,Sheffield United,P Bankes,1,1,D,0,0,D,21,5,5,3,14,2,1,5,0,1,9,11
20-12-2020,Tottenham,Leicester,C Pawson,0,2,A,0,1,A,8,17,3,4,5,3,2,2,0,0,15,14
20-12-2020,Man United,Leeds,A Taylor,6,2,H,4,1,H,26,17,14,3,11,13,1,0,0,0,6,6
20-12-2020,West Brom,Aston Villa,M Atkinson,0,3,A,0,1,A,1,19,1,10,1,7,1,2,1,0,14,8
21-12-2020,Burnley,Wolves,L Mason,2,1,H,1,0,H,10,15,4,3,1,7,2,1,0,0,11,15
21-12-2020,Chelsea,West Ham,C Kavanagh,3,0,H,1,0,H,11,6,7,0,5,4,0,0,0,0,11,6
26-12-2020,Leicester,Man United,M Dean,2,2,D,1,1,D,10,9,2,4,5,0,2,1,0,0,10,17
26-12-2020,Aston Villa,Crystal Palace,A Taylor,3,0,H,1,0,H,21,13,10,6,4,4,1,4,1,0,18,16
26-12-2020,Fulham,Southampton,D England,0,0,D,0,0,D,10,3,1,2,6,3,2,0,0,0,15,12
26-12-2020,Arsenal,Chelsea,M Oliver,3,1,H,2,0,H,15,19,7,3,7,9,2,1,0,0,13,10
26-12-2020,Man City,Newcastle,A Marriner,2,0,H,1,0,H,11,7,6,2,7,3,2,2,0,0,5,12
26-12-2020,Sheffield United,Everton,D Coote,0,1,A,0,0,D,10,7,2,3,6,3,2,4,0,0,11,10
27-12-2020,Leeds,Burnley,R Jones,1,0,H,1,0,H,11,14,4,6,4,12,0,3,0,0,8,14
27-12-2020,West Ham,Brighton,S Hooper,2,2,D,0,1,A,11,13,4,4,5,4,0,0,0,0,6,8
27-12-2020,Liverpool,West Brom,K Friend,1,1,D,1,0,H,17,5,2,3,8,3,0,1,0,0,8,5
27-12-2020,Wolves,Tottenham,P Tierney,1,1,D,0,1,A,11,6,6,3,9,2,4,1,0,0,20,13
28-12-2020,Crystal Palace,Leicester,G Scott,1,1,D,0,0,D,4,17,1,3,2,5,0,1,0,0,10,7
28-12-2020,Chelsea,Aston Villa,S Attwell,1,1,D,1,0,H,16,10,5,2,11,4,3,1,0,0,16,3
29-12-2020,Brighton,Arsenal,M Atkinson,0,1,A,0,0,D,13,11,2,3,5,4,2,0,0,0,11,4
29-12-2020,Burnley,Sheffield United,C Kavanagh,1,0,H,1,0,H,5,7,3,3,3,5,1,2,0,0,13,17
29-12-2020,Southampton,West Ham,A Madley,0,0,D,0,0,D,8,8,3,3,4,3,3,1,0,0,16,15
29-12-2020,West Brom,Leeds,L Mason,0,5,A,0,4,A,4,14,1,6,3,10,0,1,0,0,7,10
29-12-2020,Man United,Wolves,J Moss,1,0,H,0,0,D,11,9,3,5,2,2,1,1,0,0,11,7
30-12-2020,Newcastle,Liverpool,P Tierney,0,0,D,0,0,D,8,11,2,4,5,12,2,3,0,0,9,13
01-01-2021,Everton,West Ham,K Friend,0,1,A,0,0,D,10,11,2,5,5,4,2,0,0,0,9,7
01-01-2021,Man United,Aston Villa,M Oliver,2,1,H,1,0,H,19,5,9,5,5,10,4,0,0,0,22,10
02-01-2021,Tottenham,Leeds,D Coote,3,0,H,2,0,H,20,18,7,5,3,5,2,1,1,0,15,13
02-01-2021,Crystal Palace,Sheffield United,S Attwell,2,0,H,2,0,H,9,7,4,2,3,6,1,3,0,0,8,18
02-01-2021,Brighton,Wolves,A Madley,3,3,D,1,3,A,13,11,4,4,5,8,2,1,0,0,13,8
02-01-2021,West Brom,Arsenal,M Atkinson,0,4,A,0,2,A,7,21,3,12,3,5,1,2,0,0,7,4
03-01-2021,Newcastle,Leicester,R Jones,1,2,A,0,0,D,8,9,2,3,3,6,0,2,0,0,10,11
03-01-2021,Chelsea,Man City,A Taylor,1,3,A,0,3,A,9,18,2,6,5,3,3,1,0,0,11,10
04-01-2021,Southampton,Liverpool,A Marriner,1,0,H,1,0,H,7,17,3,1,1,10,1,3,0,0,5,12
12-01-2021,Sheffield United,Newcastle,A Madley,1,0,H,0,0,D,17,7,4,3,5,2,2,3,0,1,13,12
12-01-2021,Burnley,Man United,K Friend,0,1,A,0,0,D,11,13,0,7,3,4,1,2,0,0,15,13
12-01-2021,Wolves,Everton,M Atkinson,1,2,A,1,1,D,12,5,3,3,6,5,2,2,0,0,6,11
13-01-2021,Man City,Brighton,D England,1,0,H,1,0,H,16,5,6,1,8,4,0,2,0,0,4,12
13-01-2021,Tottenham,Fulham,P Tierney,1,1,D,1,0,H,15,15,6,4,6,5,1,2,0,0,13,15
14-01-2021,Arsenal,Crystal Palace,A Marriner,0,0,D,0,0,D,11,12,4,2,7,3,1,1,0,0,10,11
16-01-2021,Wolves,West Brom,M Oliver,2,3,A,2,1,H,23,12,6,5,11,0,2,1,0,0,10,14
16-01-2021,Leeds,Brighton,K Friend,0,1,A,0,1,A,7,7,2,2,5,2,1,1,0,0,8,9
16-01-2021,West Ham,Burnley,C Kavanagh,1,0,H,1,0,H,15,10,4,2,7,4,2,1,0,0,12,9
16-01-2021,Fulham,Chelsea,P Bankes,0,1,A,0,0,D,10,21,3,6,1,12,2,3,1,0,11,10
16-01-2021,Leicester,Southampton,S Attwell,2,0,H,1,0,H,16,8,5,3,2,5,2,2,0,0,10,11
17-01-2021,Sheffield United,Tottenham,A Marriner,1,3,A,0,2,A,15,14,5,5,5,7,4,0,0,0,13,4
17-01-2021,Liverpool,Man United,P Tierney,0,0,D,0,0,D,17,8,3,4,7,3,2,1,0,0,15,6
17-01-2021,Man City,Crystal Palace,L Mason,4,0,H,1,0,H,13,2,6,0,11,1,0,0,0,0,9,8
18-01-2021,Arsenal,Newcastle,D Coote,3,0,H,0,0,D,20,4,6,1,7,2,0,0,0,0,9,8
19-01-2021,West Ham,West Brom,G Scott,2,1,H,1,0,H,14,6,6,2,3,1,0,1,0,0,10,10
19-01-2021,Leicester,Chelsea,C Pawson,2,0,H,2,0,H,8,9,6,5,6,3,1,3,0,0,7,16
20-01-2021,Man City,Aston Villa,J Moss,2,0,H,0,0,D,28,11,9,4,16,2,0,2,0,0,10,9
20-01-2021,Fulham,Man United,M Atkinson,1,2,A,1,1,D,12,15,5,5,2,8,3,1,0,0,6,10
21-01-2021,Liverpool,Burnley,M Dean,0,1,A,0,0,D,27,6,6,4,12,0,2,1,0,0,11,8
23-01-2021,Aston Villa,Newcastle,S Hooper,2,0,H,2,0,H,14,7,5,1,5,4,0,3,0,0,9,18
26-01-2021,Crystal Palace,West Ham,S Attwell,2,3,A,1,2,A,6,17,3,7,3,4,0,0,0,0,9,8
26-01-2021,Newcastle,Leeds,A Taylor,1,2,A,0,1,A,22,9,5,2,9,5,1,3,0,0,10,15
26-01-2021,Southampton,Arsenal,K Friend,1,3,A,1,2,A,13,9,5,5,4,5,1,2,0,0,11,6
26-01-2021,West Brom,Man City,C Kavanagh,0,5,A,0,4,A,4,18,1,7,3,8,2,0,0,0,8,8
27-01-2021,Burnley,Aston Villa,P Tierney,3,2,H,0,1,A,10,18,5,10,2,4,1,0,0,0,16,7
27-01-2021,Chelsea,Wolves,A Madley,0,0,D,0,0,D,14,4,5,0,13,1,1,1,0,0,14,7
27-01-2021,Brighton,Fulham,C Pawson,0,0,D,0,0,D,16,10,5,3,10,0,2,1,0,0,10,14
27-01-2021,Everton,Leicester,M Dean,1,1,D,1,0,H,8,19,2,6,5,11,1,1,0,0,12,10
27-01-2021,Man United,Sheffield United,P Bankes,1,2,A,0,1,A,16,5,4,3,7,2,1,1,0,0,10,12
28-01-2021,Tottenham,Liverpool,M Atkinson,1,3,A,0,1,A,3,14,2,7,1,2,1,2,0,0,9,11
30-01-2021,Everton,Newcastle,S Attwell,0,2,A,0,0,D,11,13,3,3,7,12,3,4,0,0,13,6
30-01-2021,Crystal Palace,Wolves,S Hooper,1,0,H,0,0,D,11,6,2,4,1,6,1,2,0,0,7,10
30-01-2021,Man City,Sheffield United,D Coote,1,0,H,1,0,H,10,4,5,1,10,0,0,3,0,0,7,10
30-01-2021,West Brom,Fulham,A Taylor,2,2,D,0,1,A,5,12,3,7,2,3,1,0,0,0,9,10
30-01-2021,Arsenal,Man United,M Oliver,0,0,D,0,0,D,17,14,3,3,4,7,1,3,0,0,9,16
30-01-2021,Southampton,Aston Villa,L Mason,0,1,A,0,1,A,20,8,5,4,7,1,1,0,0,0,12,11
31-01-2021,Chelsea,Burnley,G Scott,2,0,H,1,0,H,19,1,8,0,4,2,0,1,0,0,7,9
31-01-2021,Leicester,Leeds,C Kavanagh,1,3,A,1,1,D,18,8,8,7,6,4,0,3,0,0,17,16
31-01-2021,West Ham,Liverpool,J Moss,1,3,A,0,0,D,8,14,2,5,6,5,2,0,0,0,7,8
31-01-2021,Brighton,Tottenham,P Bankes,1,0,H,1,0,H,16,8,5,4,9,2,2,1,0,0,11,11
02-02-2021,Sheffield United,West Brom,P Tierney,2,1,H,0,1,A,14,8,6,4,9,2,2,1,0,0,11,9
02-02-2021,Wolves,Arsenal,C Pawson,2,1,H,1,1,D,11,9,7,3,9,6,3,2,0,2,11,8
02-02-2021,Man United,Southampton,M Dean,9,0,H,4,0,H,24,3,14,1,5,3,2,3,0,2,11,6
02-02-2021,Newcastle,Crystal Palace,D England,1,2,A,1,2,A,21,6,5,3,9,1,1,3,0,0,14,11
03-02-2021,Burnley,Man City,M Atkinson,0,2,A,0,2,A,2,17,0,6,1,3,2,1,0,0,8,5
03-02-2021,Fulham,Leicester,R Jones,0,2,A,0,2,A,8,9,1,5,5,2,3,1,0,0,17,10
03-02-2021,Leeds,Everton,M Oliver,1,2,A,0,2,A,16,10,7,6,7,1,2,3,0,0,12,12
03-02-2021,Aston Villa,West Ham,A Madley,1,3,A,0,0,D,9,20,2,10,7,3,1,1,0,0,11,15
03-02-2021,Liverpool,Brighton,K Friend,0,1,A,0,0,D,11,13,1,4,6,3,1,0,0,0,12,6
04-02-2021,Tottenham,Chelsea,A Marriner,0,1,A,0,1,A,7,18,2,2,2,7,2,3,0,0,20,14
06-02-2021,Aston Villa,Arsenal,C Kavanagh,1,0,H,1,0,H,12,14,8,3,3,7,3,2,0,0,12,12
06-02-2021,Burnley,Brighton,A Taylor,1,1,D,0,1,A,20,10,7,2,8,7,2,0,0,0,8,10
06-02-2021,Newcastle,Southampton,C Pawson,3,2,H,3,1,H,6,14,4,5,0,7,2,1,1,0,11,14
06-02-2021,Fulham,West Ham,M Dean,0,0,D,0,0,D,20,8,2,1,7,3,1,2,0,1,11,10
06-02-2021,Man United,Everton,J Moss,3,3,D,2,0,H,14,6,5,3,5,1,2,1,0,0,14,10
07-02-2021,Tottenham,West Brom,S Attwell,2,0,H,0,0,D,13,4,6,1,8,0,1,2,0,0,16,12
07-02-2021,Wolves,Leicester,M Atkinson,0,0,D,0,0,D,13,13,1,3,8,2,1,3,0,0,11,15
07-02-2021,Liverpool,Man City,M Oliver,1,4,A,0,0,D,8,8,3,5,6,1,2,1,0,0,13,8
07-02-2021,Sheffield United,Chelsea,K Friend,1,2,A,0,1,A,8,9,3,3,1,8,1,0,0,0,8,8
08-02-2021,Leeds,Crystal Palace,A Marriner,2,0,H,1,0,H,17,8,7,3,5,3,0,2,0,0,7,8
13-02-2021,Leicester,Liverpool,A Taylor,3,1,H,0,0,D,11,15,6,4,2,12,1,2,0,0,9,6
13-02-2021,Crystal Palace,Burnley,M Oliver,0,3,A,0,2,A,13,16,3,4,7,4,0,0,0,0,15,14
13-02-2021,Man City,Tottenham,P Tierney,3,0,H,1,0,H,15,7,6,3,4,2,1,3,0,0,12,13
13-02-2021,Brighton,Aston Villa,D England,0,0,D,0,0,D,26,4,9,1,9,2,2,3,0,0,16,12
14-02-2021,Southampton,Wolves,G Scott,1,2,A,1,0,H,7,10,3,4,4,6,2,2,0,0,10,9
14-02-2021,West Brom,Man United,C Pawson,1,1,D,1,1,D,7,10,3,7,4,5,5,0,0,0,13,10
14-02-2021,Arsenal,Leeds,S Attwell,4,2,H,3,0,H,13,9,5,5,4,5,0,2,0,0,8,17
14-02-2021,Everton,Fulham,A Madley,0,2,A,0,0,D,7,12,2,3,5,4,1,1,0,0,7,16
15-02-2021,West Ham,Sheffield United,S Hooper,3,0,H,1,0,H,13,8,9,5,7,7,0,2,0,0,11,12
15-02-2021,Chelsea,Newcastle,P Bankes,2,0,H,2,0,H,18,10,5,4,10,5,0,0,0,0,9,13
17-02-2021,Burnley,Fulham,J Moss,1,1,D,0,0,D,8,8,3,3,5,5,1,1,0,0,7,13
17-02-2021,Everton,Man City,A Marriner,1,3,A,1,1,D,3,16,2,7,0,10,2,1,0,0,8,8
19-02-2021,Wolves,Leeds,D Coote,1,0,H,0,0,D,15,18,5,7,7,9,1,0,0,0,13,8
20-02-2021,Southampton,Chelsea,A Taylor,1,1,D,1,0,H,4,9,1,3,3,6,1,1,0,0,10,10
20-02-2021,Burnley,West Brom,M Dean,0,0,D,0,0,D,6,10,1,3,5,5,3,0,0,1,16,10
20-02-2021,Liverpool,Everton,C Kavanagh,0,2,A,0,1,A,15,9,6,6,7,2,2,1,0,0,10,10
20-02-2021,Fulham,Sheffield United,M Atkinson,1,0,H,0,0,D,15,4,7,2,6,4,1,2,0,0,11,14
21-02-2021,West Ham,Tottenham,C Pawson,2,1,H,1,0,H,4,20,4,4,5,7,4,3,0,0,14,7
21-02-2021,Aston Villa,Leicester,M Oliver,1,2,A,0,2,A,11,16,2,7,7,8,2,1,0,0,11,12
21-02-2021,Arsenal,Man City,J Moss,0,1,A,0,1,A,7,15,1,3,1,3,2,2,0,0,11,9
21-02-2021,Man United,Newcastle,P Tierney,3,1,H,1,1,D,15,10,7,6,6,4,1,2,0,0,9,11
22-02-2021,Brighton,Crystal Palace,K Friend,1,2,A,0,1,A,25,3,5,2,13,0,2,0,0,0,11,6
23-02-2021,Leeds,Southampton,A Marriner,3,0,H,0,0,D,11,13,7,5,2,4,1,2,0,0,11,13
27-02-2021,Man City,West Ham,M Oliver,2,1,H,1,1,D,10,9,3,3,4,2,1,1,0,0,8,11
27-02-2021,West Brom,Brighton,L Mason,1,0,H,1,0,H,6,15,2,6,7,4,0,0,0,0,11,12
27-02-2021,Leeds,Aston Villa,P Bankes,0,1,A,0,1,A,13,9,3,4,7,5,3,2,0,0,14,14
27-02-2021,Newcastle,Wolves,M Dean,1,1,D,0,0,D,19,14,7,4,3,5,2,0,0,0,11,13
28-02-2021,Crystal Palace,Fulham,A Taylor,0,0,D,0,0,D,3,16,0,4,1,3,1,1,0,0,10,14
28-02-2021,Leicester,Arsenal,P Tierney,1,3,A,1,2,A,8,12,3,4,2,7,2,1,0,0,15,3
28-02-2021,Tottenham,Burnley,K Friend,4,0,H,3,0,H,16,10,7,3,3,4,0,0,0,0,6,10
28-02-2021,Chelsea,Man United,S Attwell,0,0,D,0,0,D,18,11,6,4,3,4,1,2,0,0,11,12
28-02-2021,Sheffield United,Liverpool,J Moss,0,2,A,0,0,D,8,16,2,8,4,3,0,0,0,0,9,9
01-03-2021,Everton,Southampton,M Atkinson,1,0,H,1,0,H,7,9,1,1,4,10,0,2,0,0,13,9
02-03-2021,Man City,Wolves,C Kavanagh,4,1,H,1,0,H,22,6,10,1,10,2,0,1,0,0,9,5
03-03-2021,Burnley,Leicester,A Madley,1,1,D,1,1,D,12,15,7,4,5,8,0,2,0,0,6,12
03-03-2021,Sheffield United,Aston Villa,R Jones,1,0,H,1,0,H,9,16,2,4,2,7,1,0,1,0,13,6
03-03-2021,Crystal Palace,Man United,A Marriner,0,0,D,0,0,D,8,11,2,1,4,6,1,0,0,0,4,13
04-03-2021,Fulham,Tottenham,D Coote,0,1,A,0,1,A,11,9,3,2,4,1,2,1,0,0,13,9
04-03-2021,West Brom,Everton,D England,0,1,A,0,0,D,11,11,3,3,3,3,3,1,0,0,9,7
04-03-2021,Liverpool,Chelsea,M Atkinson,0,1,A,0,1,A,7,11,1,5,5,2,0,0,0,0,9,8
06-03-2021,Burnley,Arsenal,A Marriner,1,1,D,1,1,D,9,15,5,3,2,4,1,1,0,0,5,12
06-03-2021,Sheffield United,Southampton,P Tierney,0,2,A,0,1,A,8,15,2,5,7,3,4,3,0,0,17,11
06-03-2021,Aston Villa,Wolves,A Madley,0,0,D,0,0,D,9,10,1,2,5,3,1,0,0,0,13,13
06-03-2021,Brighton,Leicester,M Oliver,1,2,A,1,0,H,7,8,2,4,6,6,0,1,0,0,14,8
07-03-2021,West Brom,Newcastle,M Atkinson,0,0,D,0,0,D,13,9,3,5,9,7,0,0,0,0,11,10
07-03-2021,Liverpool,Fulham,K Friend,0,1,A,0,1,A,16,10,3,3,9,4,2,3,0,0,10,8
07-03-2021,Man City,Man United,A Taylor,0,2,A,0,1,A,23,8,6,6,6,2,0,3,0,0,9,12
07-03-2021,Tottenham,Crystal Palace,S Attwell,4,1,H,1,1,D,12,5,5,1,1,5,2,3,0,0,8,17
08-03-2021,Chelsea,Everton,D Coote,2,0,H,1,0,H,19,7,9,1,7,3,0,3,0,0,11,12
08-03-2021,West Ham,Leeds,M Dean,2,0,H,2,0,H,16,17,5,2,6,6,1,1,0,0,9,9
10-03-2021,Man City,Southampton,J Moss,5,2,H,3,1,H,17,11,10,6,5,5,1,0,0,0,6,4
12-03-2021,Newcastle,Aston Villa,P Tierney,1,1,D,0,0,D,12,15,3,6,2,2,2,3,0,0,10,10
13-03-2021,Leeds,Chelsea,K Friend,0,0,D,0,0,D,7,15,4,8,8,5,3,0,0,0,16,6
13-03-2021,Crystal Palace,West Brom,S Hooper,1,0,H,1,0,H,6,12,4,1,3,2,3,1,0,0,16,15
13-03-2021,Everton,Burnley,J Moss,1,2,A,1,2,A,14,14,4,5,7,4,0,4,0,0,9,6
13-03-2021,Fulham,Man City,A Marriner,0,3,A,0,0,D,3,8,0,7,4,2,0,0,0,0,14,13
14-03-2021,Southampton,Brighton,S Attwell,1,2,A,1,1,D,9,8,4,6,4,5,0,0,0,0,11,10
14-03-2021,Leicester,Sheffield United,P Bankes,5,0,H,1,0,H,19,1,10,0,9,1,0,2,0,0,10,9
14-03-2021,Arsenal,Tottenham,M Oliver,2,1,H,1,1,D,13,6,3,3,6,3,1,2,0,1,12,14
14-03-2021,Man United,West Ham,M Atkinson,1,0,H,0,0,D,15,7,4,0,6,3,4,0,0,0,12,2
15-03-2021,Wolves,Liverpool,C Pawson,0,1,A,0,1,A,10,12,5,4,3,2,2,1,0,0,17,10
19-03-2021,Fulham,Leeds,D Coote,1,2,A,1,1,D,13,13,6,4,13,7,2,2,0,0,13,12
20-03-2021,Brighton,Newcastle,A Taylor,3,0,H,1,0,H,11,3,6,1,3,1,0,1,0,0,12,5
21-03-2021,West Ham,Arsenal,J Moss,3,3,D,3,1,H,15,16,5,7,3,5,3,1,0,0,18,8
21-03-2021,Aston Villa,Tottenham,M Dean,0,2,A,0,1,A,8,9,1,3,5,8,3,2,0,0,18,13
03-04-2021,Chelsea,West Brom,D Coote,2,5,A,1,2,A,18,14,8,7,10,3,1,1,1,0,11,6
03-04-2021,Leeds,Sheffield United,G Scott,2,1,H,1,1,D,23,9,8,1,5,7,1,2,0,0,12,13
03-04-2021,Leicester,Man City,A Taylor,0,2,A,0,0,D,5,11,2,4,1,1,2,3,0,0,13,12
03-04-2021,Arsenal,Liverpool,S Attwell,0,3,A,0,0,D,3,16,2,7,1,2,1,1,0,0,10,10
04-04-2021,Southampton,Burnley,A Marriner,3,2,H,2,2,D,24,7,9,5,6,7,0,0,0,0,11,10
04-04-2021,Newcastle,Tottenham,C Pawson,2,2,D,1,2,A,22,11,6,5,7,3,3,2,0,0,13,14
04-04-2021,Aston Villa,Fulham,A Madley,3,1,H,0,0,D,14,15,4,7,4,4,1,2,0,0,14,20
04-04-2021,Man United,Brighton,M Dean,2,1,H,0,1,A,15,5,7,3,5,6,2,2,0,0,14,7
05-04-2021,Everton,Crystal Palace,K Friend,1,1,D,0,0,D,15,13,7,6,3,4,2,0,0,0,10,10
05-04-2021,Wolves,West Ham,M Oliver,2,3,A,1,3,A,20,9,5,6,4,2,1,4,0,0,9,9
09-04-2021,Fulham,Wolves,J Moss,0,1,A,0,0,D,14,7,3,3,3,4,0,0,0,0,11,8
10-04-2021,Man City,Leeds,A Marriner,1,2,A,0,1,A,29,2,7,2,9,3,3,1,0,1,12,15
10-04-2021,Liverpool,Aston Villa,P Tierney,2,1,H,0,1,A,23,9,10,5,7,0,2,4,0,0,16,11
10-04-2021,Crystal Palace,Chelsea,M Oliver,1,4,A,0,3,A,1,23,1,10,0,8,1,0,0,0,7,12
11-04-2021,Burnley,Newcastle,A Taylor,1,2,A,1,0,H,24,10,4,5,13,3,1,0,0,0,11,12
11-04-2021,West Ham,Leicester,M Dean,3,2,H,2,0,H,4,15,4,5,1,9,3,3,0,0,7,13
11-04-2021,Tottenham,Man United,C Kavanagh,1,3,A,1,0,H,12,12,3,7,7,5,1,5,0,0,11,15
11-04-2021,Sheffield United,Arsenal,P Bankes,0,3,A,0,1,A,7,14,2,5,2,4,1,1,0,0,9,6
12-04-2021,West Brom,Southampton,S Hooper,3,0,H,2,0,H,15,14,6,4,5,10,0,1,0,0,12,11
12-04-2021,Brighton,Everton,D England,0,0,D,0,0,D,23,8,3,1,10,3,1,2,0,0,12,7
16-04-2021,Everton,Tottenham,M Oliver,2,2,D,1,1,D,18,12,7,3,6,3,1,1,0,0,8,8
17-04-2021,Newcastle,West Ham,K Friend,3,2,H,2,0,H,16,16,8,6,3,8,2,0,0,1,9,7
17-04-2021,Wolves,Sheffield United,R Jones,1,0,H,0,0,D,10,8,5,2,3,3,1,2,0,0,8,15
18-04-2021,Arsenal,Fulham,C Pawson,1,1,D,0,0,D,18,3,5,1,11,1,0,3,0,0,9,11
18-04-2021,Man United,Burnley,J Moss,3,1,H,0,0,D,17,10,9,3,8,3,1,2,0,0,9,12
19-04-2021,Leeds,Liverpool,A Taylor,1,1,D,0,1,A,12,17,5,7,10,8,2,1,0,0,17,15
20-04-2021,Chelsea,Brighton,S Attwell,0,0,D,0,0,D,7,11,4,2,0,3,2,0,0,1,8,9
21-04-2021,Tottenham,Southampton,D Coote,2,1,H,0,1,A,12,10,3,5,5,5,2,1,0,0,10,14
21-04-2021,Aston Villa,Man City,P Bankes,1,2,A,1,2,A,8,13,3,3,1,11,0,1,1,1,12,7
22-04-2021,Leicester,West Brom,A Madley,3,0,H,3,0,H,17,4,7,1,7,3,0,2,0,0,13,12
23-04-2021,Arsenal,Everton,J Moss,0,1,A,0,0,D,14,8,3,1,7,3,1,3,0,0,13,10
24-04-2021,Liverpool,Newcastle,A Marriner,1,1,D,1,0,H,22,7,9,4,6,3,2,1,0,0,9,7
24-04-2021,West Ham,Chelsea,C Kavanagh,0,1,A,0,1,A,9,17,2,6,4,2,0,4,1,0,9,11
24-04-2021,Sheffield United,Brighton,K Friend,1,0,H,1,0,H,7,17,3,4,2,12,3,0,0,0,13,7
25-04-2021,Wolves,Burnley,D England,0,4,A,0,3,A,12,14,2,7,8,5,1,2,0,0,8,9
25-04-2021,Leeds,Man United,C Pawson,0,0,D,0,0,D,6,16,3,4,2,6,4,1,0,0,21,11
25-04-2021,Aston Villa,West Brom,S Attwell,2,2,D,1,1,D,24,10,11,4,11,4,0,2,0,0,14,9
26-04-2021,Leicester,Crystal Palace,G Scott,2,1,H,0,1,A,13,4,5,2,7,2,0,1,0,0,13,12
30-04-2021,Southampton,Leicester,R Jones,1,1,D,0,0,D,5,23,3,9,0,10,1,0,1,0,9,13
01-05-2021,Crystal Palace,Man City,D Coote,0,2,A,0,0,D,9,20,4,3,2,6,2,0,0,0,9,10
01-05-2021,Brighton,Leeds,C Kavanagh,2,0,H,1,0,H,17,11,5,2,2,9,1,1,0,0,17,6
01-05-2021,Chelsea,Fulham,K Friend,2,0,H,1,0,H,9,10,5,3,1,8,1,1,0,0,15,8
01-05-2021,Everton,Aston Villa,S Hooper,1,2,A,1,1,D,16,13,3,5,3,6,0,2,0,0,10,13
02-05-2021,Newcastle,Arsenal,M Dean,0,2,A,0,1,A,5,19,1,5,3,7,2,1,1,0,10,9
02-05-2021,Tottenham,Sheffield United,A Marriner,4,0,H,1,0,H,20,8,11,1,6,6,1,1,0,0,8,9
03-05-2021,West Brom,Wolves,P Tierney,1,1,D,0,1,A,10,20,4,10,5,6,2,0,0,0,17,11
03-05-2021,Burnley,West Ham,A Taylor,1,2,A,1,2,A,8,22,3,4,5,4,2,1,0,0,4,8
07-05-2021,Leicester,Newcastle,D England,2,4,A,0,2,A,25,14,9,6,9,6,1,1,0,0,12,9
08-05-2021,Leeds,Tottenham,M Oliver,3,1,H,2,1,H,16,11,7,3,8,6,1,2,0,0,12,10
08-05-2021,Sheffield United,Crystal Palace,S Hooper,0,2,A,0,1,A,7,21,0,8,5,11,1,1,0,0,11,8
08-05-2021,Man City,Chelsea,A Taylor,1,2,A,1,0,H,16,12,4,5,6,2,2,0,0,0,12,10
08-05-2021,Liverpool,Southampton,K Friend,2,0,H,1,0,H,14,12,6,6,8,4,0,1,0,0,10,6
09-05-2021,Wolves,Brighton,J Moss,2,1,H,0,1,A,16,5,6,3,10,5,2,2,0,2,12,7
09-05-2021,Aston Villa,Man United,C Kavanagh,1,3,A,1,0,H,11,18,5,7,5,6,1,1,1,0,13,18
09-05-2021,West Ham,Everton,S Attwell,0,1,A,0,1,A,11,9,0,3,5,6,2,1,0,0,8,10
09-05-2021,Arsenal,West Brom,P Bankes,3,1,H,2,0,H,15,12,7,1,6,6,1,2,0,0,7,9
10-05-2021,Fulham,Burnley,D Coote,0,2,A,0,2,A,21,14,3,5,8,4,2,0,0,0,11,10
11-05-2021,Man United,Leicester,C Pawson,1,2,A,1,1,D,4,12,1,3,3,4,0,0,0,0,9,12
11-05-2021,Southampton,Crystal Palace,A Madley,3,1,H,1,1,D,13,11,6,4,12,8,2,3,0,0,20,13
12-05-2021,Chelsea,Arsenal,A Marriner,0,1,A,0,1,A,19,5,5,2,9,1,0,1,0,0,7,6
13-05-2021,Aston Villa,Everton,M Atkinson,0,0,D,0,0,D,13,15,2,5,9,1,2,0,0,0,9,12
13-05-2021,Man United,Liverpool,A Taylor,2,4,A,1,2,A,18,17,3,8,6,4,3,0,0,0,10,12
14-05-2021,Newcastle,Man City,K Friend,3,4,A,2,2,D,11,15,5,6,4,5,2,2,0,0,11,10
15-05-2021,Burnley,Leeds,G Scott,0,4,A,0,1,A,16,16,4,6,6,8,1,1,0,0,10,10
15-05-2021,Southampton,Fulham,C Pawson,3,1,H,1,0,H,11,10,7,3,6,5,0,1,0,0,9,15
15-05-2021,Brighton,West Ham,A Marriner,1,1,D,0,0,D,10,15,2,3,3,3,1,1,0,0,7,5
16-05-2021,Crystal Palace,Aston Villa,D Coote,3,2,H,1,2,A,23,19,8,5,7,7,3,2,0,0,23,13
16-05-2021,Tottenham,Wolves,M Atkinson,2,0,H,1,0,H,24,15,13,3,10,3,1,0,0,0,8,11
16-05-2021,West Brom,Liverpool,M Dean,1,2,A,1,1,D,10,26,3,6,9,13,0,0,0,0,7,14
16-05-2021,Everton,Sheffield United,A Moss,0,1,A,0,1,A,16,10,6,3,11,4,1,3,0,0,8,12
18-05-2021,Man United,Fulham,L Mason,1,1,D,1,0,H,13,8,6,5,6,1,2,3,0,0,10,15
18-05-2021,Southampton,Leeds,P Bankes,0,2,A,0,0,D,18,15,3,7,4,5,0,3,0,0,10,12
18-05-2021,Brighton,Man City,S Attwell,3,2,H,0,1,A,19,8,6,4,5,3,3,3,0,1,13,11
18-05-2021,Chelsea,Leicester,M Dean,2,1,H,0,0,D,17,7,6,3,6,5,2,4,0,0,15,16
19-05-2021,Everton,Wolves,A Madley,1,0,H,0,0,D,14,9,4,3,7,12,0,2,0,0,11,11
19-05-2021,Newcastle,Sheffield United,R Jones,1,0,H,1,0,H,16,11,5,1,5,2,0,2,0,0,7,7
19-05-2021,Tottenham,Aston Villa,C Pawson,1,2,A,1,2,A,10,20,4,4,4,5,1,1,0,0,14,13
19-05-2021,Crystal Palace,Arsenal,A Taylor,1,3,A,0,1,A,12,6,6,3,6,7,2,1,0,0,7,7
19-05-2021,Burnley,Liverpool,C Kavanagh,0,3,A,0,1,A,10,20,4,3,6,7,0,0,0,0,10,7
19-05-2021,West Brom,West Ham,M Oliver,1,3,A,1,1,D,14,21,4,9,6,8,2,2,0,0,8,11
23-05-2021,Arsenal,Brighton,J Moss,2,0,H,0,0,D,16,5,5,1,11,3,0,0,0,0,10,8
23-05-2021,Aston Villa,Chelsea,S Attwell,2,1,H,1,0,H,6,23,3,7,2,9,3,3,0,1,11,12
23-05-2021,Fulham,Newcastle,C Kavanagh,0,2,A,0,1,A,14,10,0,4,5,4,1,0,0,0,12,6
23-05-2021,Leeds,West Brom,D Coote,3,1,H,2,0,H,17,14,9,5,8,3,2,1,0,0,12,12
23-05-2021,Leicester,Tottenham,A Taylor,2,4,A,1,1,D,10,11,6,4,8,7,0,2,0,0,9,8
23-05-2021,Liverpool,Crystal Palace,C Pawson,2,0,H,1,0,H,19,5,5,4,14,1,2,2,0,0,10,8
23-05-2021,Man City,Everton,M Oliver,5,0,H,2,0,H,21,8,11,3,7,5,2,2,0,0,8,10
23-05-2021,Sheffield United,Burnley,K Friend,1,0,H,1,0,H,12,10,3,3,8,9,3,1,0,0,11,1
23-05-2021,West Ham,Southampton,M Atkinson,3,0,H,2,0,H,14,17,7,5,2,3,0,3,0,0,5,9
23-05-2021,Wolves,Man United,M Dean,1,2,A,1,2,A,14,9,4,4,6,2,4,1,0,0,14,3
13-08-2021,Brentford,Arsenal,M Oliver,2,0,H,1,0,H,8,22,3,4,2,5,0,0,0,0,12,8
14-08-2021,Man United,Leeds,P Tierney,5,1,H,1,0,H,16,10,8,3,5,4,1,2,0,0,11,9
14-08-2021,Burnley,Brighton,D Coote,1,2,A,1,0,H,14,14,3,8,7,6,2,1,0,0,10,7
14-08-2021,Chelsea,Crystal Palace,J Moss,3,0,H,2,0,H,13,4,6,1,5,2,0,0,0,0,15,11
14-08-2021,Everton,Southampton,A Madley,3,1,H,0,1,A,14,6,6,3,6,8,2,0,0,0,13,15
14-08-2021,Leicester,Wolves,C Pawson,1,0,H,1,0,H,9,17,5,3,5,4,1,2,0,0,6,10
14-08-2021,Watford,Aston Villa,M Dean,3,2,H,2,0,H,13,11,7,2,2,4,3,1,0,0,18,13
14-08-2021,Norwich,Liverpool,A Marriner,0,3,A,0,1,A,14,19,3,8,3,11,1,1,0,0,4,14
15-08-2021,Newcastle,West Ham,M Atkinson,2,4,A,2,1,H,17,8,3,9,7,6,1,0,0,0,4,3
15-08-2021,Tottenham,Man City,A Taylor,1,0,H,0,0,D,13,18,3,4,3,11,2,1,0,0,11,8
21-08-2021,Liverpool,Burnley,M Dean,2,0,H,1,0,H,27,9,9,3,8,4,0,0,0,0,6,12
21-08-2021,Aston Villa,Newcastle,D Coote,2,0,H,1,0,H,10,9,2,1,3,4,3,4,0,0,8,18
21-08-2021,Crystal Palace,Brentford,M Atkinson,0,0,D,0,0,D,7,14,2,3,3,5,3,1,0,0,12,9
21-08-2021,Leeds,Everton,D England,2,2,D,1,1,D,17,17,4,8,8,5,2,4,0,0,6,13
21-08-2021,Man City,Norwich,G Scott,5,0,H,2,0,H,16,1,4,0,6,1,1,0,0,0,13,7
21-08-2021,Brighton,Watford,A Taylor,2,0,H,2,0,H,13,10,3,1,7,2,4,0,0,0,11,6
22-08-2021,Southampton,Man United,C Pawson,1,1,D,1,0,H,8,15,3,4,7,7,2,3,0,0,12,10
22-08-2021,Wolves,Tottenham,S Attwell,0,1,A,0,1,A,25,8,6,6,5,4,1,4,0,0,9,7
22-08-2021,Arsenal,Chelsea,P Tierney,0,2,A,0,2,A,6,22,3,5,9,8,3,0,0,0,10,4
23-08-2021,West Ham,Leicester,M Oliver,4,1,H,1,0,H,13,5,7,1,10,0,0,1,0,1,8,8
28-08-2021,Man City,Arsenal,M Atkinson,5,0,H,3,0,H,25,1,10,0,14,0,1,2,0,1,5,7
28-08-2021,Aston Villa,Brentford,P Bankes,1,1,D,1,1,D,7,9,5,2,3,2,3,3,0,0,15,14
28-08-2021,Brighton,Everton,J Moss,0,2,A,0,1,A,14,14,3,5,4,5,1,2,0,0,7,9
28-08-2021,Newcastle,Southampton,P Tierney,2,2,D,0,0,D,10,22,5,6,4,4,3,3,0,0,11,6
28-08-2021,Norwich,Leicester,R Jones,1,2,A,1,1,D,14,9,4,3,9,9,2,1,0,0,8,9
28-08-2021,West Ham,Crystal Palace,S Attwell,2,2,D,1,0,H,14,9,4,2,5,3,1,0,0,0,10,7
28-08-2021,Liverpool,Chelsea,A Taylor,1,1,D,1,1,D,24,6,7,3,12,3,0,2,0,1,13,4
29-08-2021,Burnley,Leeds,M Oliver,1,1,D,0,0,D,12,12,3,2,5,5,4,3,0,0,13,9
29-08-2021,Tottenham,Watford,A Marriner,1,0,H,1,0,H,15,9,8,2,10,3,3,3,0,0,8,14
29-08-2021,Wolves,Man United,M Dean,0,1,A,0,0,D,15,10,6,3,5,7,3,4,0,0,7,9
11-09-2021,Crystal Palace,Tottenham,J Moss,3,0,H,0,0,D,18,2,4,1,8,2,2,1,0,1,13,15
11-09-2021,Arsenal,Norwich,M Oliver,1,0,H,0,0,D,30,10,7,1,8,4,1,2,0,0,9,11
11-09-2021,Brentford,Brighton,G Scott,0,1,A,0,0,D,7,4,1,2,1,6,3,2,0,0,9,12
11-09-2021,Leicester,Man City,P Tierney,0,1,A,0,0,D,6,25,1,8,5,8,1,2,0,0,4,11
11-09-2021,Man United,Newcastle,A Taylor,4,1,H,1,0,H,21,12,7,3,7,3,1,0,0,0,9,2
11-09-2021,Southampton,West Ham,D Coote,0,0,D,0,0,D,11,13,3,3,5,4,3,1,0,1,10,12
11-09-2021,Watford,Wolves,P Bankes,0,2,A,0,0,D,6,14,2,5,6,8,3,3,0,0,15,13
11-09-2021,Chelsea,Aston Villa,S Attwell,3,0,H,1,0,H,12,18,4,6,4,11,1,4,0,0,11,11
12-09-2021,Leeds,Liverpool,C Pawson,0,3,A,0,1,A,9,30,4,9,2,11,2,1,1,0,9,8
13-09-2021,Everton,Burnley,M Atkinson,3,1,H,0,0,D,14,11,6,6,4,6,1,1,0,0,3,6
17-09-2021,Newcastle,Leeds,M Dean,1,1,D,1,1,D,17,22,7,9,4,5,2,2,0,0,9,11
18-09-2021,Wolves,Brentford,D England,0,2,A,0,2,A,11,9,0,3,4,2,4,2,0,1,10,7
18-09-2021,Burnley,Arsenal,A Taylor,0,1,A,0,1,A,18,13,3,3,8,3,2,1,0,0,9,8
18-09-2021,Liverpool,Crystal Palace,A Madley,3,0,H,1,0,H,25,13,10,2,10,5,3,1,0,0,17,11
18-09-2021,Man City,Southampton,J Moss,0,0,D,0,0,D,18,10,1,2,8,5,0,2,0,0,5,12
18-09-2021,Norwich,Watford,R Jones,1,3,A,1,1,D,12,12,5,8,4,8,1,1,0,0,10,14
18-09-2021,Aston Villa,Everton,C Pawson,3,0,H,0,0,D,15,11,3,1,5,4,1,1,0,0,7,10
19-09-2021,Brighton,Leicester,S Attwell,2,1,H,1,0,H,12,14,5,3,4,9,2,1,0,0,8,10
19-09-2021,West Ham,Man United,M Atkinson,1,2,A,1,1,D,13,17,4,10,2,11,0,0,0,0,5,8
19-09-2021,Tottenham,Chelsea,P Tierney,0,3,A,0,0,D,8,20,2,10,5,11,0,1,0,0,4,15
25-09-2021,Chelsea,Man City,M Oliver,0,1,A,0,0,D,5,15,0,4,4,13,3,2,0,0,12,10
25-09-2021,Man United,Aston Villa,M Dean,0,1,A,0,0,D,28,7,4,3,5,5,2,2,0,0,9,13
25-09-2021,Everton,Norwich,D Coote,2,0,H,1,0,H,11,10,4,2,6,4,2,3,0,0,12,9
25-09-2021,Leeds,West Ham,K Friend,1,2,A,1,0,H,15,20,5,7,5,7,3,2,0,0,10,6
25-09-2021,Leicester,Burnley,C Kavanagh,2,2,D,1,2,A,22,9,5,3,8,4,2,4,0,0,10,8
25-09-2021,Watford,Newcastle,J Gillett,1,1,D,0,1,A,15,20,4,6,5,6,4,3,0,0,19,12
25-09-2021,Brentford,Liverpool,S Attwell,3,3,D,1,1,D,12,16,4,6,2,11,1,1,0,0,8,7
26-09-2021,Southampton,Wolves,A Madley,0,1,A,0,0,D,18,5,6,3,5,5,0,0,0,0,12,8
26-09-2021,Arsenal,Tottenham,C Pawson,3,1,H,3,0,H,12,10,7,4,4,4,2,1,0,0,12,13
27-09-2021,Crystal Palace,Brighton,A Marriner,1,1,D,1,0,H,8,8,3,4,6,5,2,3,0,0,12,10
02-10-2021,Man United,Everton,M Oliver,1,1,D,1,0,H,13,12,6,2,10,1,1,1,0,0,10,9
02-10-2021,Burnley,Norwich,K Friend,0,0,D,0,0,D,14,10,4,2,9,5,5,2,0,0,13,3
02-10-2021,Chelsea,Southampton,M Atkinson,3,1,H,1,0,H,20,6,9,2,7,2,1,3,0,1,11,13
02-10-2021,Leeds,Watford,S Hooper,1,0,H,1,0,H,20,5,4,1,6,3,0,3,0,0,10,16
02-10-2021,Wolves,Newcastle,G Scott,2,1,H,1,1,D,7,8,3,2,0,4,0,2,0,0,15,5
02-10-2021,Brighton,Arsenal,J Moss,0,0,D,0,0,D,21,8,2,2,8,5,2,1,0,0,8,5
03-10-2021,Crystal Palace,Leicester,A Taylor,2,2,D,0,2,A,18,9,4,5,1,3,2,3,0,0,15,11
03-10-2021,Tottenham,Aston Villa,C Kavanagh,2,1,H,1,0,H,17,14,8,3,5,8,2,1,0,0,11,14
03-10-2021,West Ham,Brentford,P Bankes,1,2,A,0,1,A,18,13,5,6,11,6,2,3,0,0,16,13
03-10-2021,Liverpool,Man City,P Tierney,2,2,D,0,0,D,6,12,4,3,3,4,3,3,0,0,10,12
16-10-2021,Watford,Liverpool,J Moss,0,5,A,0,2,A,6,19,2,8,1,9,0,0,0,0,4,10
16-10-2021,Aston Villa,Wolves,M Oliver,2,3,A,0,0,D,14,9,5,4,6,7,2,3,0,0,8,17
16-10-2021,Leicester,Man United,C Pawson,4,2,H,1,1,D,22,18,11,6,4,3,0,3,0,0,5,17
16-10-2021,Man City,Burnley,M Atkinson,2,0,H,1,0,H,15,7,6,2,6,2,1,0,0,0,11,5
16-10-2021,Norwich,Brighton,P Bankes,0,0,D,0,0,D,15,11,3,3,8,4,3,5,0,0,5,14
16-10-2021,Southampton,Leeds,D Coote,1,0,H,0,0,D,19,3,5,0,8,1,2,3,0,0,16,14
16-10-2021,Brentford,Chelsea,A Taylor,0,1,A,0,1,A,17,5,7,1,5,5,1,1,0,0,13,8
17-10-2021,Everton,West Ham,S Attwell,0,1,A,0,0,D,15,16,2,4,7,9,0,2,0,0,3,3
17-10-2021,Newcastle,Tottenham,A Marriner,2,3,A,1,3,A,7,14,1,4,2,9,4,1,1,0,13,4
18-10-2021,Arsenal,Crystal Palace,M Dean,2,2,D,1,0,H,17,9,6,6,6,4,1,1,0,0,7,4
22-10-2021,Arsenal,Aston Villa,C Pawson,3,1,H,2,0,H,22,10,9,4,7,4,2,5,0,0,17,10
23-10-2021,Chelsea,Norwich,A Madley,7,0,H,3,0,H,23,3,13,1,5,0,0,2,0,1,14,16
23-10-2021,Crystal Palace,Newcastle,D England,1,1,D,0,0,D,15,6,3,2,3,7,3,4,0,0,13,9
23-10-2021,Everton,Watford,G Scott,2,5,A,1,1,D,15,20,4,8,3,5,4,3,0,0,9,13
23-10-2021,Leeds,Wolves,R Jones,1,1,D,0,1,A,18,8,4,4,6,3,2,3,0,0,15,14
23-10-2021,Southampton,Burnley,C Kavanagh,2,2,D,1,1,D,16,9,4,5,6,2,1,3,0,0,10,11
23-10-2021,Brighton,Man City,K Friend,1,4,A,0,3,A,10,23,5,14,7,6,2,3,0,0,10,6
24-10-2021,Brentford,Leicester,S Hooper,1,2,A,0,1,A,15,10,5,6,9,2,1,1,0,0,13,7
24-10-2021,West Ham,Tottenham,P Tierney,1,0,H,0,0,D,13,7,4,4,2,4,2,1,0,0,11,4
24-10-2021,Man United,Liverpool,A Taylor,0,5,A,0,4,A,12,19,4,8,6,3,6,0,1,0,10,8
30-10-2021,Leicester,Arsenal,M Oliver,0,2,A,0,2,A,16,9,8,5,7,6,2,0,0,0,8,11
30-10-2021,Burnley,Brentford,J Moss,3,1,H,3,0,H,15,12,6,5,4,2,1,1,0,0,7,10
30-10-2021,Liverpool,Brighton,M Dean,2,2,D,2,1,H,14,9,3,6,5,3,2,2,0,0,8,5
30-10-2021,Man City,Crystal Palace,A Marriner,0,2,A,0,1,A,14,8,3,3,7,1,2,3,1,0,11,11
30-10-2021,Newcastle,Chelsea,P Tierney,0,3,A,0,0,D,6,19,1,6,0,2,3,2,0,0,14,12
30-10-2021,Watford,Southampton,P Bankes,0,1,A,0,1,A,10,12,4,1,5,8,2,2,0,0,16,6
30-10-2021,Tottenham,Man United,S Attwell,0,3,A,0,1,A,9,10,0,4,10,2,2,3,0,0,12,14
31-10-2021,Norwich,Leeds,A Taylor,1,2,A,0,0,D,14,13,3,6,5,0,1,4,0,0,14,23
31-10-2021,Aston Villa,West Ham,C Kavanagh,1,4,A,1,2,A,9,21,3,9,3,6,1,2,1,0,7,13
01-11-2021,Wolves,Everton,M Atkinson,2,1,H,2,0,H,10,14,4,5,4,3,1,1,0,0,10,8
05-11-2021,Southampton,Aston Villa,A Madley,1,0,H,1,0,H,9,14,3,3,10,8,2,2,0,0,12,12
06-11-2021,Man United,Man City,M Oliver,0,2,A,0,2,A,5,16,1,5,1,9,1,2,0,0,9,12
06-11-2021,Brentford,Norwich,J Gillett,1,2,A,0,2,A,19,9,7,5,6,2,2,3,0,0,12,13
06-11-2021,Chelsea,Burnley,A Marriner,1,1,D,1,0,H,25,5,4,2,14,2,1,4,0,0,6,9
06-11-2021,Crystal Palace,Wolves,G Scott,2,0,H,0,0,D,13,4,6,2,4,6,2,1,0,0,14,13
06-11-2021,Brighton,Newcastle,D Coote,1,1,D,1,0,H,14,6,5,1,2,5,3,4,1,0,16,10
07-11-2021,Arsenal,Watford,K Friend,1,0,H,0,0,D,14,7,6,1,4,2,4,2,0,1,6,19
07-11-2021,Everton,Tottenham,C Kavanagh,0,0,D,0,0,D,12,8,2,0,4,2,2,4,1,0,13,17
07-11-2021,Leeds,Leicester,D England,1,1,D,1,1,D,18,9,5,3,10,5,1,1,0,0,12,5
07-11-2021,West Ham,Liverpool,C Pawson,3,2,H,1,1,D,7,16,3,5,3,2,1,1,0,0,11,6
20-11-2021,Leicester,Chelsea,P Tierney,0,3,A,0,2,A,4,16,3,7,3,5,3,1,0,0,15,8
20-11-2021,Aston Villa,Brighton,A Taylor,2,0,H,0,0,D,9,6,5,2,5,7,3,3,0,0,7,13
20-11-2021,Burnley,Crystal Palace,S Hooper,3,3,D,2,3,A,15,18,9,8,3,6,2,3,0,0,14,15
20-11-2021,Newcastle,Brentford,R Jones,3,3,D,2,2,D,23,10,9,4,8,2,2,2,0,0,13,11
20-11-2021,Norwich,Southampton,M Atkinson,2,1,H,1,1,D,8,17,4,5,5,7,3,2,0,0,8,9
20-11-2021,Watford,Man United,J Moss,4,1,H,2,0,H,20,9,7,3,9,3,2,1,0,1,7,5
20-11-2021,Wolves,West Ham,M Dean,1,0,H,0,0,D,15,8,5,3,7,3,1,1,0,0,6,9
20-11-2021,Liverpool,Arsenal,M Oliver,4,0,H,1,0,H,19,5,9,3,6,1,2,0,0,0,15,12
21-11-2021,Man City,Everton,S Attwell,3,0,H,1,0,H,17,4,7,1,7,1,1,1,0,0,5,7
21-11-2021,Tottenham,Leeds,A Marriner,2,1,H,0,1,A,13,18,4,7,4,8,1,4,0,0,11,12
27-11-2021,Arsenal,Newcastle,S Attwell,2,0,H,0,0,D,24,9,6,5,4,4,1,3,0,0,6,12
27-11-2021,Crystal Palace,Aston Villa,M Salisbury,1,2,A,0,1,A,8,10,3,3,7,3,3,3,0,0,12,10
27-11-2021,Liverpool,Southampton,A Marriner,4,0,H,3,0,H,20,7,6,3,5,7,0,1,0,0,7,14
27-11-2021,Norwich,Wolves,S Hooper,0,0,D,0,0,D,14,5,4,2,4,3,2,2,0,0,11,10
27-11-2021,Brighton,Leeds,C Pawson,0,0,D,0,0,D,20,11,4,4,6,1,1,3,0,0,12,14
28-11-2021,Brentford,Everton,D England,1,0,H,1,0,H,6,14,4,5,3,3,4,3,0,0,8,11
28-11-2021,Leicester,Watford,A Madley,4,2,H,3,1,H,18,16,8,5,8,6,0,0,0,0,5,19
28-11-2021,Man City,West Ham,M Oliver,2,1,H,1,0,H,19,5,9,3,8,4,2,0,0,0,7,6
28-11-2021,Chelsea,Man United,A Taylor,1,1,D,0,0,D,24,3,6,2,15,2,2,5,0,0,13,14
30-11-2021,Newcastle,Norwich,A Madley,1,1,D,0,0,D,9,16,1,6,2,5,0,0,0,1,8,11
30-11-2021,Leeds,Crystal Palace,K Friend,1,0,H,0,0,D,15,9,3,1,7,4,5,3,0,0,15,15
01-12-2021,Southampton,Leicester,R Jones,2,2,D,2,1,H,15,15,7,6,2,4,1,3,0,0,14,11
01-12-2021,Watford,Chelsea,D Coote,1,2,A,1,1,D,13,8,6,4,6,0,4,3,0,0,18,16
01-12-2021,West Ham,Brighton,C Kavanagh,1,1,D,1,0,H,14,9,6,3,9,5,1,1,0,0,10,8
01-12-2021,Wolves,Burnley,J Brooks,0,0,D,0,0,D,16,6,2,1,5,5,2,3,0,0,5,7
01-12-2021,Aston Villa,Man City,M Dean,1,2,A,0,2,A,9,17,3,7,4,11,0,0,0,0,8,12
01-12-2021,Everton,Liverpool,P Tierney,1,4,A,1,2,A,8,16,2,7,3,11,4,3,0,0,8,16
02-12-2021,Tottenham,Brentford,J Moss,2,0,H,1,0,H,11,6,6,2,11,5,0,0,0,0,13,11
02-12-2021,Man United,Arsenal,M Atkinson,3,2,H,1,1,D,14,17,10,8,3,8,1,0,0,0,9,10
04-12-2021,West Ham,Chelsea,A Marriner,3,2,H,1,2,A,11,19,5,7,1,9,1,3,0,0,10,10
04-12-2021,Newcastle,Burnley,P Tierney,1,0,H,1,0,H,19,10,4,1,10,3,1,1,0,0,11,9
04-12-2021,Southampton,Brighton,A Taylor,1,1,D,1,0,H,14,14,4,4,6,2,4,2,0,0,15,12
04-12-2021,Wolves,Liverpool,C Kavanagh,0,1,A,0,0,D,3,17,1,5,2,8,2,2,0,0,4,7
04-12-2021,Watford,Man City,S Hooper,1,3,A,0,2,A,11,26,4,13,5,11,3,0,0,0,10,7
05-12-2021,Leeds,Brentford,D Coote,2,2,D,1,0,H,13,9,6,3,5,1,5,3,0,0,11,9
05-12-2021,Man United,Crystal Palace,C Pawson,1,0,H,0,0,D,16,8,3,2,9,6,2,2,0,0,16,9
05-12-2021,Tottenham,Norwich,J Gillett,3,0,H,1,0,H,17,10,7,1,6,4,1,2,0,0,11,4
05-12-2021,Aston Villa,Leicester,M Oliver,2,1,H,1,1,D,13,12,4,5,3,6,1,1,0,0,8,25
06-12-2021,Everton,Arsenal,M Dean,2,1,H,0,1,A,11,10,5,3,3,3,2,2,0,0,8,12
10-12-2021,Brentford,Watford,M Oliver,2,1,H,0,1,A,14,6,5,2,8,2,4,0,0,0,12,18
11-12-2021,Man City,Wolves,J Moss,1,0,H,0,0,D,24,2,10,1,14,1,3,2,0,1,12,5
11-12-2021,Arsenal,Southampton,J Gillett,3,0,H,2,0,H,15,11,5,6,9,8,2,0,0,0,5,9
11-12-2021,Chelsea,Leeds,C Kavanagh,3,2,H,1,1,D,16,12,6,5,5,2,2,5,0,0,9,15
11-12-2021,Liverpool,Aston Villa,S Attwell,1,0,H,0,0,D,20,4,5,0,11,3,1,2,0,0,13,6
11-12-2021,Norwich,Man United,D England,0,1,A,0,0,D,11,13,5,5,8,6,1,1,0,0,6,17
12-12-2021,Burnley,West Ham,G Scott,0,0,D,0,0,D,9,16,1,3,6,4,2,1,0,0,13,11
12-12-2021,Leicester,Newcastle,P Bankes,4,0,H,1,0,H,8,12,5,3,4,6,2,3,0,0,9,16
12-12-2021,Crystal Palace,Everton,A Madley,3,1,H,1,0,H,17,12,6,6,8,2,0,2,0,0,15,14
14-12-2021,Norwich,Aston Villa,D Coote,0,2,A,0,1,A,7,17,3,6,7,10,3,1,0,0,12,9
14-12-2021,Man City,Leeds,P Tierney,7,0,H,3,0,H,31,6,15,3,6,2,1,1,0,0,5,9
15-12-2021,Brighton,Wolves,T Harrington,0,1,A,0,1,A,12,8,2,5,7,4,2,0,0,0,11,14
15-12-2021,Crystal Palace,Southampton,S Hooper,2,2,D,1,2,A,9,15,6,4,4,6,2,4,0,0,16,20
15-12-2021,Arsenal,West Ham,A Taylor,2,0,H,0,0,D,21,7,8,1,5,2,2,0,0,1,8,9
16-12-2021,Chelsea,Everton,M Oliver,1,1,D,0,0,D,23,5,10,3,7,1,2,3,0,0,11,11
16-12-2021,Liverpool,Newcastle,M Dean,3,1,H,2,1,H,23,4,8,2,11,0,1,3,0,0,9,4
18-12-2021,Leeds,Arsenal,A Marriner,1,4,A,0,3,A,9,21,2,12,1,4,3,1,0,0,11,7
19-12-2021,Newcastle,Man City,M Atkinson,0,4,A,0,2,A,5,18,1,7,3,6,1,2,0,0,9,6
19-12-2021,Wolves,Chelsea,D Coote,0,0,D,0,0,D,4,8,1,1,4,9,0,2,0,0,9,7
19-12-2021,Tottenham,Liverpool,P Tierney,2,2,D,1,1,D,10,18,5,6,6,4,4,4,0,1,12,11
26-12-2021,Man City,Leicester,C Kavanagh,6,3,H,4,0,H,17,14,9,8,14,4,1,2,0,0,11,9
26-12-2021,Norwich,Arsenal,G Scott,0,5,A,0,2,A,4,16,2,6,3,5,1,2,0,0,13,7
26-12-2021,Tottenham,Crystal Palace,J Moss,3,0,H,2,0,H,17,4,6,0,4,2,1,1,0,1,16,10
26-12-2021,West Ham,Southampton,K Friend,2,3,A,0,1,A,11,11,5,6,10,2,2,3,0,0,10,9
26-12-2021,Aston Villa,Chelsea,M Atkinson,1,3,A,1,1,D,8,10,1,4,2,5,3,1,0,0,8,11
26-12-2021,Brighton,Brentford,D England,2,0,H,2,0,H,15,16,5,6,6,9,1,3,0,0,8,10
27-12-2021,Newcastle,Man United,C Pawson,1,1,D,1,0,H,13,13,8,4,2,4,3,3,0,0,11,8
28-12-2021,Crystal Palace,Norwich,P Tierney,3,0,H,3,0,H,19,12,6,3,8,8,1,2,0,0,9,13
28-12-2021,Southampton,Tottenham,A Taylor,1,1,D,1,1,D,9,21,2,11,3,7,2,2,1,0,15,5
28-12-2021,Watford,West Ham,D England,1,4,A,1,2,A,14,13,5,6,4,5,0,1,0,0,12,12
28-12-2021,Leicester,Liverpool,M Oliver,1,0,H,0,0,D,6,21,1,4,1,12,0,1,0,0,8,11
29-12-2021,Chelsea,Brighton,M Dean,1,1,D,1,0,H,11,18,5,6,10,8,4,1,0,0,14,7
29-12-2021,Brentford,Man City,D Coote,0,1,A,0,1,A,6,12,2,3,3,5,0,0,0,0,12,10
30-12-2021,Man United,Burnley,J Moss,3,1,H,3,1,H,18,10,6,3,7,5,0,0,0,0,5,10
01-01-2022,Arsenal,Man City,S Attwell,1,2,A,1,0,H,7,15,2,2,5,5,3,2,1,0,13,5
01-01-2022,Watford,Tottenham,R Jones,0,1,A,0,0,D,6,21,4,9,3,7,0,1,0,0,6,9
01-01-2022,Crystal Palace,West Ham,D England,2,3,A,0,3,A,22,10,6,5,9,1,0,2,0,0,6,16
02-01-2022,Brentford,Aston Villa,C Pawson,2,1,H,1,1,D,10,16,4,5,3,7,2,2,0,0,17,11
02-01-2022,Everton,Brighton,J Brooks,2,3,A,0,2,A,17,12,6,5,8,5,1,1,0,0,5,12
02-01-2022,Leeds,Burnley,P Tierney,3,1,H,1,0,H,22,8,7,2,9,3,2,1,0,0,11,7
02-01-2022,Chelsea,Liverpool,A Taylor,2,2,D,2,2,D,15,10,6,6,6,7,1,2,0,0,5,13
03-01-2022,Man United,Wolves,M Dean,0,1,A,0,0,D,9,19,2,6,3,8,3,1,0,0,9,8
11-01-2022,Southampton,Brentford,S Attwell,4,1,H,2,1,H,12,5,6,4,5,2,0,1,0,0,9,8
12-01-2022,West Ham,Norwich,S Hooper,2,0,H,1,0,H,13,7,5,3,11,2,0,0,0,0,9,8
14-01-2022,Brighton,Crystal Palace,R Jones,1,1,D,0,0,D,19,3,4,1,9,0,0,2,0,0,11,7
15-01-2022,Man City,Chelsea,C Pawson,1,0,H,0,0,D,11,4,6,1,9,1,0,2,0,0,11,6
15-01-2022,Newcastle,Watford,P Tierney,1,1,D,0,0,D,12,18,1,5,4,6,3,2,0,0,13,13
15-01-2022,Norwich,Everton,A Madley,2,1,H,2,0,H,14,12,3,5,8,8,3,1,0,0,12,14
15-01-2022,Wolves,Southampton,M Salisbury,3,1,H,1,0,H,9,13,5,10,2,10,2,3,0,0,13,14
15-01-2022,Aston Villa,Man United,D Coote,2,2,D,0,1,A,13,13,9,6,3,6,1,2,0,0,8,13
16-01-2022,Liverpool,Brentford,J Moss,3,0,H,1,0,H,27,6,13,1,9,0,0,1,0,0,6,6
16-01-2022,West Ham,Leeds,M Dean,2,3,A,1,2,A,15,18,5,5,4,3,3,2,0,0,6,9
18-01-2022,Brighton,Chelsea,K Friend,1,1,D,0,1,A,10,15,2,3,5,7,1,2,0,0,8,5
19-01-2022,Leicester,Tottenham,J Moss,2,3,A,1,1,D,14,27,4,10,3,8,1,2,0,0,6,12
19-01-2022,Brentford,Man United,A Marriner,1,3,A,0,0,D,18,13,8,5,6,9,0,0,0,0,7,9
21-01-2022,Watford,Norwich,M Dean,0,3,A,0,0,D,15,7,4,2,5,1,0,1,1,0,16,11
22-01-2022,Everton,Aston Villa,C Pawson,0,1,A,0,1,A,15,8,1,3,9,2,5,3,0,0,14,16
22-01-2022,Brentford,Wolves,P Bankes,1,2,A,0,0,D,11,7,1,2,6,3,2,3,0,0,6,7
22-01-2022,Leeds,Newcastle,C Kavanagh,0,1,A,0,0,D,13,15,4,3,6,7,4,2,0,0,9,9
22-01-2022,Man United,West Ham,J Moss,1,0,H,0,0,D,18,6,3,1,3,3,1,1,0,0,9,8
22-01-2022,Southampton,Man City,S Hooper,1,1,D,1,0,H,7,20,3,5,2,11,3,0,0,0,13,5
23-01-2022,Arsenal,Burnley,D Coote,0,0,D,0,0,D,20,10,5,1,12,4,0,2,0,0,9,13
23-01-2022,Crystal Palace,Liverpool,K Friend,1,3,A,0,2,A,8,15,5,7,2,5,4,1,0,0,12,10
23-01-2022,Leicester,Brighton,M Atkinson,1,1,D,0,0,D,15,14,5,5,4,5,0,1,0,0,6,8
23-01-2022,Chelsea,Tottenham,P Tierney,2,0,H,0,0,D,15,6,7,3,10,3,2,1,0,0,17,14
05-02-2022,Burnley,Watford,C Pawson,0,0,D,0,0,D,13,11,2,5,4,7,1,2,0,0,16,9
08-02-2022,Newcastle,Everton,A Taylor,3,1,H,1,1,D,20,11,9,3,6,2,2,3,0,0,13,13
08-02-2022,West Ham,Watford,M Atkinson,1,0,H,0,0,D,9,6,3,1,5,6,1,0,0,0,1,6
08-02-2022,Burnley,Man United,M Dean,1,1,D,0,1,A,9,22,3,5,2,10,2,1,0,0,11,10
09-02-2022,Man City,Brentford,D England,2,0,H,1,0,H,15,6,7,2,9,3,0,0,0,0,7,13
09-02-2022,Norwich,Crystal Palace,P Tierney,1,1,D,1,0,H,5,13,1,5,4,6,1,2,0,0,11,15
09-02-2022,Tottenham,Southampton,D Coote,2,3,A,1,1,D,8,23,3,10,2,8,2,3,0,0,7,13
09-02-2022,Aston Villa,Leeds,J Gillett,3,3,D,3,2,H,12,16,4,8,6,11,1,3,1,0,11,9
10-02-2022,Liverpool,Leicester,C Kavanagh,2,0,H,1,0,H,22,5,11,1,7,6,1,0,0,0,11,7
10-02-2022,Wolves,Arsenal,M Oliver,0,1,A,0,1,A,15,12,4,2,7,4,2,3,0,1,12,13
12-02-2022,Man United,Southampton,S Attwell,1,1,D,1,0,H,12,13,8,4,1,4,4,0,0,0,12,13
12-02-2022,Brentford,Crystal Palace,S Hooper,0,0,D,0,0,D,9,6,2,3,3,9,1,0,0,0,10,10
12-02-2022,Everton,Leeds,G Scott,3,0,H,2,0,H,21,7,10,0,5,3,1,1,0,0,8,9
12-02-2022,Watford,Brighton,J Moss,0,2,A,0,1,A,9,11,1,6,4,5,3,2,0,0,16,9
12-02-2022,Norwich,Man City,A Marriner,0,4,A,0,1,A,8,22,3,9,4,12,0,2,0,0,7,8
13-02-2022,Burnley,Liverpool,M Atkinson,0,1,A,0,1,A,8,12,5,4,5,8,0,1,0,0,7,6
13-02-2022,Newcastle,Aston Villa,C Pawson,1,0,H,1,0,H,10,11,2,1,3,6,3,4,0,0,22,15
13-02-2022,Tottenham,Wolves,K Friend,0,2,A,0,2,A,17,11,7,7,7,3,3,1,0,0,13,13
13-02-2022,Leicester,West Ham,M Oliver,2,2,D,1,1,D,13,8,2,3,5,4,1,2,0,0,10,9
15-02-2022,Man United,Brighton,P Bankes,2,0,H,0,0,D,19,10,7,3,10,2,3,1,0,1,8,10
19-02-2022,West Ham,Newcastle,C Kavanagh,1,1,D,1,1,D,11,14,3,3,3,7,3,3,0,0,3,7
19-02-2022,Arsenal,Brentford,J Moss,2,1,H,0,0,D,24,6,8,2,14,0,1,1,0,0,10,5
19-02-2022,Aston Villa,Watford,R Jones,0,1,A,0,0,D,20,8,1,4,10,5,1,2,0,0,12,7
19-02-2022,Brighton,Burnley,K Friend,0,3,A,0,2,A,11,10,1,4,4,4,1,4,0,0,12,12
19-02-2022,Crystal Palace,Chelsea,D Coote,0,1,A,0,0,D,7,9,0,3,4,4,1,3,0,0,4,20
19-02-2022,Liverpool,Norwich,M Dean,3,1,H,0,0,D,29,6,8,1,9,4,0,1,0,0,7,8
19-02-2022,Southampton,Everton,A Madley,2,0,H,0,0,D,19,9,11,0,4,4,0,2,0,0,6,9
19-02-2022,Man City,Tottenham,A Taylor,2,3,A,1,1,D,21,6,4,5,10,0,0,3,0,0,5,7
20-02-2022,Leeds,Man United,P Tierney,2,4,A,0,2,A,16,15,6,9,3,3,6,3,0,0,13,19
20-02-2022,Wolves,Leicester,C Pawson,2,1,H,1,1,D,11,17,3,7,7,10,4,4,0,0,12,9
23-02-2022,Burnley,Tottenham,G Scott,1,0,H,0,0,D,15,12,4,2,3,7,0,0,0,0,8,8
23-02-2022,Watford,Crystal Palace,A Marriner,1,4,A,1,2,A,8,7,1,5,6,4,2,1,0,0,12,9
23-02-2022,Liverpool,Leeds,M Oliver,6,0,H,3,0,H,23,3,15,2,4,0,0,3,0,0,5,11
24-02-2022,Arsenal,Wolves,M Atkinson,2,1,H,0,1,A,26,6,5,2,5,4,1,1,0,0,8,9
25-02-2022,Southampton,Norwich,S Hooper,2,0,H,1,0,H,27,8,9,1,13,6,1,2,0,0,12,9
26-02-2022,Leeds,Tottenham,C Pawson,0,4,A,0,3,A,19,15,3,11,3,6,4,2,0,0,16,11
26-02-2022,Brentford,Newcastle,M Dean,0,2,A,0,2,A,6,26,1,11,6,6,3,1,1,0,9,7
26-02-2022,Crystal Palace,Burnley,J Moss,1,1,D,1,0,H,11,5,4,1,5,4,0,2,0,0,5,17
26-02-2022,Man United,Watford,K Friend,0,0,D,0,0,D,22,10,3,2,4,3,0,0,0,0,2,7
26-02-2022,Brighton,Aston Villa,J Brooks,0,2,A,0,1,A,12,9,1,4,7,2,4,5,0,0,17,11
26-02-2022,Everton,Man City,P Tierney,0,1,A,0,0,D,6,13,2,8,3,4,3,2,0,0,7,14
27-02-2022,West Ham,Wolves,A Taylor,1,0,H,0,0,D,13,14,4,1,3,5,1,0,0,0,8,2
01-03-2022,Burnley,Leicester,C Kavanagh,0,2,A,0,0,D,9,22,2,6,6,8,1,1,0,0,10,13
05-03-2022,Leicester,Leeds,D Coote,1,0,H,0,0,D,7,19,4,4,5,10,1,2,0,0,9,12
05-03-2022,Aston Villa,Southampton,P Bankes,4,0,H,2,0,H,14,11,9,1,4,7,1,1,0,0,10,8
05-03-2022,Burnley,Chelsea,A Marriner,0,4,A,0,0,D,6,11,1,5,5,2,2,0,0,0,12,7
05-03-2022,Newcastle,Brighton,M Atkinson,2,1,H,2,0,H,10,15,4,4,4,7,1,1,0,0,8,10
05-03-2022,Norwich,Brentford,A Taylor,1,3,A,0,1,A,15,10,7,6,5,5,2,5,0,0,13,18
05-03-2022,Wolves,Crystal Palace,A Madley,0,2,A,0,2,A,12,12,5,8,7,7,0,3,0,0,13,8
05-03-2022,Liverpool,West Ham,J Moss,1,0,H,1,0,H,22,13,5,5,4,6,2,1,0,0,7,7
06-03-2022,Watford,Arsenal,C Pawson,2,3,A,1,2,A,13,16,7,4,1,5,1,2,0,0,5,11
06-03-2022,Man City,Man United,M Oliver,4,1,H,2,1,H,24,5,10,2,9,3,0,1,0,0,10,14
07-03-2022,Tottenham,Everton,S Attwell,5,0,H,3,0,H,14,6,7,0,5,2,2,0,0,0,15,10
10-03-2022,Norwich,Chelsea,M Atkinson,1,3,A,0,2,A,9,15,3,7,3,8,0,2,0,0,8,15
10-03-2022,Southampton,Newcastle,K Friend,1,2,A,1,1,D,14,8,5,4,12,5,1,1,0,0,6,7
10-03-2022,Wolves,Watford,D England,4,0,H,3,0,H,10,9,5,0,5,2,2,2,0,0,11,10
10-03-2022,Leeds,Aston Villa,S Hooper,0,3,A,0,1,A,4,15,1,9,3,5,5,3,0,0,17,11
12-03-2022,Brighton,Liverpool,M Dean,0,2,A,0,1,A,8,18,3,9,7,6,3,1,0,0,12,15
12-03-2022,Brentford,Burnley,P Tierney,2,0,H,0,0,D,13,7,4,1,2,9,1,1,0,1,6,10
12-03-2022,Man United,Tottenham,J Moss,3,2,H,2,1,H,10,10,6,3,4,5,2,1,0,0,8,7
13-03-2022,Chelsea,Newcastle,D Coote,1,0,H,0,0,D,8,7,3,2,7,2,4,3,0,0,17,16
13-03-2022,Everton,Wolves,M Oliver,0,1,A,0,0,D,8,14,2,3,5,2,2,1,1,0,13,11
13-03-2022,Leeds,Norwich,S Attwell,2,1,H,1,0,H,13,12,7,4,6,2,3,1,0,0,18,8
13-03-2022,Southampton,Watford,G Scott,1,2,A,1,2,A,13,9,7,5,11,3,3,2,0,0,8,12
13-03-2022,West Ham,Aston Villa,J Gillett,2,1,H,0,0,D,11,13,4,7,5,7,1,0,0,0,9,3
13-03-2022,Arsenal,Leicester,A Taylor,2,0,H,1,0,H,21,6,8,3,2,6,0,3,0,0,8,10
14-03-2022,Crystal Palace,Man City,M Atkinson,0,0,D,0,0,D,7,18,1,4,2,6,3,1,0,0,6,11
16-03-2022,Brighton,Tottenham,R Jones,0,2,A,0,1,A,15,17,0,7,6,3,2,2,0,0,11,9
16-03-2022,Arsenal,Liverpool,A Marriner,0,2,A,0,0,D,9,9,2,3,1,6,0,1,0,0,9,9
17-03-2022,Everton,Newcastle,C Pawson,1,0,H,0,0,D,9,17,3,6,5,7,2,1,1,0,13,11
18-03-2022,Wolves,Leeds,K Friend,2,3,A,2,0,H,14,15,8,6,2,5,1,4,1,0,13,14
19-03-2022,Aston Villa,Arsenal,A Madley,0,1,A,0,1,A,8,10,1,3,6,5,3,3,0,0,13,14
20-03-2022,Leicester,Brentford,D England,2,1,H,2,0,H,12,15,4,6,2,5,1,2,0,0,10,10
20-03-2022,Tottenham,West Ham,A Taylor,3,1,H,2,1,H,17,6,4,1,5,3,0,1,0,0,7,7
02-04-2022,Liverpool,Watford,S Attwell,2,0,H,1,0,H,20,5,3,2,9,3,1,1,0,0,9,8
02-04-2022,Brighton,Norwich,S Hooper,0,0,D,0,0,D,31,6,4,0,11,2,1,1,0,0,12,11
02-04-2022,Burnley,Man City,C Pawson,0,2,A,0,2,A,3,18,1,6,1,8,1,0,0,0,11,6
02-04-2022,Chelsea,Brentford,A Madley,1,4,A,0,0,D,21,17,8,6,12,7,0,0,0,0,11,7
02-04-2022,Leeds,Southampton,A Taylor,1,1,D,1,0,H,12,14,3,6,4,7,1,1,0,0,14,7
02-04-2022,Wolves,Aston Villa,D England,2,1,H,2,0,H,11,15,5,5,4,9,4,3,0,0,15,8
02-04-2022,Man United,Leicester,A Marriner,1,1,D,0,0,D,11,11,5,3,6,5,2,2,0,0,13,6
03-04-2022,West Ham,Everton,M Oliver,2,1,H,1,0,H,11,13,5,2,2,4,1,1,0,1,9,12
03-04-2022,Tottenham,Newcastle,M Atkinson,5,1,H,1,1,D,19,8,6,1,2,3,2,3,0,0,10,7
04-04-2022,Crystal Palace,Arsenal,P Tierney,3,0,H,2,0,H,6,12,5,3,0,2,0,2,0,0,11,15
06-04-2022,Burnley,Everton,M Dean,3,2,H,1,2,A,13,16,4,4,9,6,2,2,0,0,11,16
08-04-2022,Newcastle,Wolves,P Bankes,1,0,H,0,0,D,12,5,4,2,1,2,1,1,0,0,6,13
09-04-2022,Everton,Man United,J Moss,1,0,H,1,0,H,7,12,3,4,5,7,2,2,0,0,4,10
09-04-2022,Arsenal,Brighton,D Coote,1,2,A,0,1,A,20,8,4,3,11,2,3,4,0,0,12,19
09-04-2022,Southampton,Chelsea,K Friend,0,6,A,0,4,A,4,24,1,14,3,3,1,0,0,0,11,10
09-04-2022,Watford,Leeds,A Marriner,0,3,A,0,1,A,8,10,1,5,3,8,2,0,0,0,8,12
09-04-2022,Aston Villa,Tottenham,G Scott,0,4,A,0,1,A,9,11,8,5,9,3,2,3,0,0,12,14
10-04-2022,Brentford,West Ham,M Atkinson,2,0,H,0,0,D,15,5,7,1,4,6,0,1,0,0,2,6
10-04-2022,Leicester,Crystal Palace,R Jones,2,1,H,2,0,H,12,11,3,3,3,4,1,1,0,0,11,12
10-04-2022,Norwich,Burnley,M Oliver,2,0,H,1,0,H,17,18,6,4,6,7,1,1,0,0,12,10
10-04-2022,Man City,Liverpool,A Taylor,2,2,D,2,1,H,11,6,5,4,4,1,1,4,0,0,9,11
16-04-2022,Tottenham,Brighton,C Pawson,0,1,A,0,0,D,5,12,0,5,4,4,3,3,0,0,14,10
16-04-2022,Man United,Norwich,A Madley,3,2,H,2,1,H,20,15,9,4,6,7,0,0,0,0,7,6
16-04-2022,Southampton,Arsenal,P Bankes,1,0,H,1,0,H,9,23,3,6,6,8,2,1,0,0,6,6
16-04-2022,Watford,Brentford,S Hooper,1,2,A,0,1,A,17,16,4,5,6,5,2,1,0,0,11,9
17-04-2022,Newcastle,Leicester,J Gillett,2,1,H,1,1,D,16,8,7,2,3,5,2,2,0,0,10,10
17-04-2022,West Ham,Burnley,P Tierney,1,1,D,0,1,A,21,9,8,1,13,4,2,2,0,0,9,10
19-04-2022,Liverpool,Man United,M Atkinson,4,0,H,2,0,H,14,2,5,1,10,2,1,2,0,0,3,6
20-04-2022,Chelsea,Arsenal,J Moss,2,4,A,2,2,D,11,14,2,4,6,1,3,1,0,0,7,6
20-04-2022,Everton,Leicester,D Coote,1,1,D,0,1,A,13,11,3,3,5,4,3,1,0,0,8,17
20-04-2022,Newcastle,Crystal Palace,T Harrington,1,0,H,1,0,H,13,10,4,2,2,5,1,1,0,0,12,12
20-04-2022,Man City,Brighton,M Dean,3,0,H,0,0,D,17,2,5,1,7,4,0,3,0,0,12,7
21-04-2022,Burnley,Southampton,S Attwell,2,0,H,2,0,H,16,11,6,3,10,10,2,2,0,0,7,7
23-04-2022,Arsenal,Man United,C Pawson,3,1,H,2,1,H,14,14,7,5,1,7,3,4,0,0,9,12
23-04-2022,Leicester,Aston Villa,A Madley,0,0,D,0,0,D,5,11,2,3,7,6,3,2,0,0,15,16
23-04-2022,Man City,Watford,K Friend,5,1,H,3,1,H,21,5,8,2,11,4,1,0,0,0,9,7
23-04-2022,Norwich,Newcastle,C Kavanagh,0,3,A,0,2,A,5,13,2,7,2,3,0,2,0,0,11,10
23-04-2022,Brentford,Tottenham,M Atkinson,0,0,D,0,0,D,15,9,2,0,12,8,2,1,0,0,8,7
24-04-2022,Brighton,Southampton,R Jones,2,2,D,2,1,H,8,18,5,5,6,6,1,0,0,0,12,7
24-04-2022,Burnley,Wolves,A Taylor,1,0,H,0,0,D,14,10,5,4,3,6,3,1,0,0,8,7
24-04-2022,Chelsea,West Ham,M Oliver,1,0,H,0,0,D,26,6,5,2,3,1,1,0,0,1,11,9
24-04-2022,Liverpool,Everton,S Attwell,2,0,H,0,0,D,18,9,4,1,13,1,2,5,0,0,8,8
25-04-2022,Crystal Palace,Leeds,D England,0,0,D,0,0,D,17,9,7,2,6,3,2,2,0,0,12,13
28-04-2022,Man United,Chelsea,M Dean,1,1,D,0,0,D,6,21,3,6,2,9,0,1,0,0,9,12
30-04-2022,Newcastle,Liverpool,A Marriner,0,1,A,0,1,A,4,24,2,10,0,6,1,3,0,0,11,11
30-04-2022,Aston Villa,Norwich,J Brooks,2,0,H,1,0,H,21,9,6,3,2,3,4,1,0,0,16,8
30-04-2022,Southampton,Crystal Palace,J Gillett,1,2,A,1,0,H,8,14,3,5,6,7,1,3,0,0,13,11
30-04-2022,Watford,Burnley,C Pawson,1,2,A,1,0,H,13,17,1,6,5,6,1,2,0,0,13,9
30-04-2022,Wolves,Brighton,S Hooper,0,3,A,0,1,A,11,17,1,9,7,3,2,1,0,0,6,4
30-04-2022,Leeds,Man City,P Tierney,0,4,A,0,1,A,7,19,2,6,3,6,1,2,0,0,13,3
01-05-2022,Everton,Chelsea,K Friend,1,0,H,0,0,D,9,17,4,5,3,8,3,5,0,0,9,12
01-05-2022,Tottenham,Leicester,J Moss,3,1,H,1,0,H,13,6,7,2,7,3,2,3,0,0,13,8
01-05-2022,West Ham,Arsenal,M Dean,1,2,A,1,1,D,8,13,3,7,3,7,2,2,0,0,8,9
02-05-2022,Man United,Brentford,C Kavanagh,3,0,H,1,0,H,9,12,5,4,3,8,1,0,0,0,4,6
07-05-2022,Brentford,Southampton,M Salisbury,3,0,H,2,0,H,18,19,5,4,4,7,0,1,0,0,12,9
07-05-2022,Burnley,Aston Villa,D Coote,1,3,A,0,2,A,14,12,6,7,4,5,1,2,0,0,13,11
07-05-2022,Chelsea,Wolves,P Bankes,2,2,D,0,0,D,19,14,6,4,9,3,1,3,0,0,7,11
07-05-2022,Crystal Palace,Watford,G Scott,1,0,H,1,0,H,15,6,7,1,8,5,2,1,0,1,11,18
07-05-2022,Brighton,Man United,A Madley,4,0,H,1,0,H,17,15,6,5,7,6,0,2,0,0,13,9
07-05-2022,Liverpool,Tottenham,M Oliver,1,1,D,0,0,D,22,8,3,3,11,5,3,2,0,0,12,8
08-05-2022,Arsenal,Leeds,C Kavanagh,2,1,H,2,0,H,19,3,9,2,8,2,2,2,0,1,13,15
08-05-2022,Leicester,Everton,C Pawson,1,2,A,1,2,A,16,10,9,4,6,1,3,0,0,0,11,6
08-05-2022,Norwich,West Ham,R Jones,0,4,A,0,3,A,8,13,2,5,9,5,1,1,0,0,7,7
08-05-2022,Man City,Newcastle,S Attwell,5,0,H,2,0,H,21,7,9,3,8,2,1,3,0,0,6,11
10-05-2022,Aston Villa,Liverpool,J Moss,1,2,A,1,1,D,9,17,4,6,2,3,0,0,0,0,10,12
11-05-2022,Leeds,Chelsea,A Taylor,0,3,A,0,1,A,5,17,0,4,1,5,1,0,1,0,10,14
11-05-2022,Leicester,Norwich,S Hooper,3,0,H,0,0,D,20,9,8,5,10,2,0,0,0,0,10,5
11-05-2022,Watford,Everton,M Dean,0,0,D,0,0,D,6,16,0,5,1,13,1,2,0,0,5,12
11-05-2022,Wolves,Man City,M Atkinson,1,5,A,1,3,A,7,16,3,5,6,2,0,1,0,0,2,10
12-05-2022,Tottenham,Arsenal,P Tierney,3,0,H,2,0,H,16,8,6,4,2,2,1,3,0,1,8,15
15-05-2022,Tottenham,Burnley,K Friend,1,0,H,1,0,H,21,8,8,1,8,2,3,2,0,0,12,8
15-05-2022,Aston Villa,Crystal Palace,C Kavanagh,1,1,D,0,0,D,13,16,4,4,1,5,1,3,0,0,11,15
15-05-2022,Leeds,Brighton,M Dean,1,1,D,0,1,A,19,16,5,6,8,1,3,2,0,0,16,8
15-05-2022,Watford,Leicester,J Gillett,1,5,A,1,2,A,13,13,5,7,7,3,0,1,0,0,4,6
15-05-2022,West Ham,Man City,A Taylor,2,2,D,2,0,H,6,31,2,8,4,9,3,1,0,0,9,5
15-05-2022,Wolves,Norwich,T Harrington,1,1,D,0,1,A,17,11,4,2,5,3,0,3,0,0,5,10
15-05-2022,Everton,Brentford,M Oliver,2,3,A,2,1,H,10,18,5,7,5,2,0,3,2,0,8,8
16-05-2022,Newcastle,Arsenal,D England,2,0,H,0,0,D,16,11,4,2,12,8,0,3,0,0,11,8
17-05-2022,Southampton,Liverpool,M Atkinson,1,2,A,1,1,D,4,24,2,5,1,9,2,0,0,0,6,6
19-05-2022,Everton,Crystal Palace,A Taylor,3,2,H,0,2,A,12,7,6,5,4,5,2,3,0,0,9,13
19-05-2022,Aston Villa,Burnley,P Tierney,1,1,D,0,1,A,22,10,9,5,13,6,0,1,0,1,11,20
19-05-2022,Chelsea,Leicester,S Attwell,1,1,D,1,1,D,20,2,7,1,6,0,4,1,0,0,13,7
22-05-2022,Arsenal,Everton,A Marriner,5,1,H,2,1,H,26,6,9,2,12,2,0,1,0,0,8,9
22-05-2022,Brentford,Leeds,P Tierney,1,2,A,0,0,D,14,14,5,6,3,2,2,1,1,0,11,13
22-05-2022,Brighton,West Ham,K Friend,3,1,H,0,1,A,18,7,7,2,5,6,1,1,0,0,9,9
22-05-2022,Burnley,Newcastle,C Pawson,1,2,A,0,1,A,12,8,5,6,8,2,1,0,0,0,8,9
22-05-2022,Chelsea,Watford,M Dean,2,1,H,1,0,H,19,8,8,3,3,3,0,0,0,0,9,9
22-05-2022,Crystal Palace,Man United,M Atkinson,1,0,H,1,0,H,6,10,3,4,3,6,2,4,0,0,12,22
22-05-2022,Leicester,Southampton,J Moss,4,1,H,0,0,D,12,7,6,2,3,3,0,1,0,0,10,5
22-05-2022,Liverpool,Wolves,A Taylor,3,1,H,1,1,D,29,7,8,5,5,3,1,0,0,0,6,3
22-05-2022,Man City,Aston Villa,M Oliver,3,2,H,0,1,A,24,4,5,2,13,1,0,1,0,0,5,11
22-05-2022,Norwich,Tottenham,C Kavanagh,0,5,A,0,2,A,9,19,0,13,3,2,3,1,0,0,13,7
05-08-2022,Crystal Palace,Arsenal,A Taylor,0,2,A,0,1,A,10,10,2,2,3,5,1,2,0,0,16,11
06-08-2022,Fulham,Liverpool,A Madley,2,2,D,1,0,H,9,11,3,4,4,4,2,0,0,0,7,9
06-08-2022,Bournemouth,Aston Villa,P Bankes,2,0,H,1,0,H,7,15,3,2,5,5,3,3,0,0,18,16
06-08-2022,Leeds,Wolves,R Jones,2,1,H,1,1,D,12,15,4,6,6,4,2,0,0,0,13,9
06-08-2022,Newcastle,Nott'm Forest,S Hooper,2,0,H,0,0,D,23,5,10,0,11,1,0,3,0,0,9,14
06-08-2022,Tottenham,Southampton,A Marriner,4,1,H,2,1,H,18,10,8,2,10,2,3,0,0,0,11,6
06-08-2022,Everton,Chelsea,C Pawson,0,1,A,0,1,A,8,15,4,6,4,16,3,2,0,0,14,11
07-08-2022,Leicester,Brentford,J Gillett,2,2,D,1,0,H,14,8,5,3,5,6,0,0,0,0,6,5
07-08-2022,Man United,Brighton,P Tierney,1,2,A,0,2,A,17,15,5,4,6,2,4,1,0,0,7,12
07-08-2022,West Ham,Man City,M Oliver,0,2,A,0,1,A,6,14,1,2,1,4,0,1,0,0,8,4
13-08-2022,Aston Villa,Everton,M Oliver,2,1,H,1,0,H,12,15,4,4,5,8,4,1,0,0,9,7
13-08-2022,Arsenal,Leicester,D England,4,2,H,2,0,H,19,6,7,2,6,2,1,1,0,0,15,9
13-08-2022,Brighton,Newcastle,G Scott,0,0,D,0,0,D,13,4,7,1,7,3,2,3,0,0,8,6
13-08-2022,Man City,Bournemouth,D Coote,4,0,H,3,0,H,19,3,7,1,11,1,0,3,0,0,9,9
13-08-2022,Southampton,Leeds,T Harrington,2,2,D,0,0,D,14,13,4,5,2,5,1,3,0,0,10,12
13-08-2022,Wolves,Fulham,J Brooks,0,0,D,0,0,D,7,9,1,3,5,3,3,3,0,0,7,14
13-08-2022,Brentford,Man United,S Attwell,4,0,H,4,0,H,13,15,7,4,8,2,0,4,0,0,6,15
14-08-2022,Nott'm Forest,West Ham,R Jones,1,0,H,1,0,H,13,19,6,5,6,7,4,1,0,0,10,11
14-08-2022,Chelsea,Tottenham,A Taylor,2,2,D,1,0,H,16,10,3,5,8,5,3,0,0,0,9,9
15-08-2022,Liverpool,Crystal Palace,P Tierney,1,1,D,0,1,A,24,7,4,3,4,2,2,4,1,0,7,8
20-08-2022,Tottenham,Wolves,S Hooper,1,0,H,0,0,D,11,20,4,3,8,6,2,2,0,0,10,8
20-08-2022,Crystal Palace,Aston Villa,A Madley,3,1,H,1,1,D,17,13,9,5,4,2,2,1,0,0,16,14
20-08-2022,Everton,Nott'm Forest,A Marriner,1,1,D,0,0,D,19,14,8,5,6,2,3,2,0,0,6,9
20-08-2022,Fulham,Brentford,P Bankes,3,2,H,2,1,H,18,13,9,5,6,3,3,2,0,0,13,7
20-08-2022,Leicester,Southampton,M Salisbury,1,2,A,0,0,D,6,9,1,3,2,5,2,3,0,0,11,15
20-08-2022,Bournemouth,Arsenal,C Pawson,0,3,A,0,2,A,6,14,1,6,3,4,2,1,0,0,12,10
21-08-2022,Leeds,Chelsea,S Attwell,3,0,H,2,0,H,12,14,6,3,4,6,0,1,0,1,16,15
21-08-2022,West Ham,Brighton,A Taylor,0,2,A,0,1,A,13,11,3,2,5,4,2,0,0,0,10,7
21-08-2022,Newcastle,Man City,J Gillett,3,3,D,2,1,H,12,21,6,10,5,5,4,2,0,0,14,7
22-08-2022,Man United,Liverpool,M Oliver,2,1,H,1,0,H,12,17,4,5,6,8,3,1,0,0,11,7
27-08-2022,Southampton,Man United,A Madley,0,1,A,0,0,D,17,11,5,6,5,3,0,3,0,0,4,14
27-08-2022,Brentford,Everton,J Brooks,1,1,D,0,1,A,19,14,5,7,8,5,2,2,0,0,8,8
27-08-2022,Brighton,Leeds,M Salisbury,1,0,H,0,0,D,13,10,4,2,5,3,2,3,0,0,10,14
27-08-2022,Chelsea,Leicester,P Tierney,2,1,H,0,0,D,7,17,3,5,3,11,1,2,1,0,10,7
27-08-2022,Liverpool,Bournemouth,S Attwell,9,0,H,5,0,H,19,5,12,2,8,1,0,1,0,0,6,5
27-08-2022,Man City,Crystal Palace,D England,4,2,H,0,2,A,18,2,5,2,6,1,1,2,0,0,14,8
27-08-2022,Arsenal,Fulham,J Gillett,2,1,H,0,0,D,22,11,8,3,9,2,2,3,0,0,6,12
28-08-2022,Aston Villa,West Ham,D Coote,0,1,A,0,0,D,9,7,3,2,3,2,2,0,0,0,10,10
28-08-2022,Wolves,Newcastle,P Bankes,1,1,D,1,0,H,10,21,4,6,4,13,2,1,0,0,10,11
28-08-2022,Nott'm Forest,Tottenham,C Pawson,0,2,A,0,1,A,17,18,1,7,6,1,6,1,0,0,11,13
30-08-2022,Crystal Palace,Brentford,S Hooper,1,1,D,0,0,D,13,9,4,3,4,6,1,2,0,0,11,8
30-08-2022,Fulham,Brighton,T Bramall,2,1,H,0,0,D,10,7,3,4,3,3,2,1,0,0,9,11
30-08-2022,Southampton,Chelsea,M Oliver,2,1,H,2,1,H,9,10,7,4,5,3,2,1,0,0,15,10
30-08-2022,Leeds,Everton,D England,1,1,D,0,1,A,14,7,5,2,10,2,3,3,0,0,10,9
31-08-2022,Arsenal,Aston Villa,R Jones,2,1,H,1,0,H,22,4,9,3,10,3,2,3,0,0,10,14
31-08-2022,Bournemouth,Wolves,A Taylor,0,0,D,0,0,D,5,17,2,4,2,5,2,1,0,0,12,12
31-08-2022,Man City,Nott'm Forest,P Tierney,6,0,H,3,0,H,17,8,9,1,10,1,0,1,0,0,9,7
31-08-2022,West Ham,Tottenham,P Bankes,1,1,D,0,1,A,14,13,4,4,3,4,2,5,0,0,10,9
31-08-2022,Liverpool,Newcastle,A Marriner,2,1,H,0,1,A,23,5,6,2,13,0,0,2,0,0,9,10
01-09-2022,Leicester,Man United,C Pawson,0,1,A,0,1,A,10,9,2,2,1,3,1,3,0,0,7,15
03-09-2022,Everton,Liverpool,A Taylor,0,0,D,0,0,D,14,23,3,8,7,9,2,2,0,0,7,11
03-09-2022,Brentford,Leeds,R Jones,5,2,H,2,1,H,14,17,8,6,2,6,2,2,0,0,8,9
03-09-2022,Chelsea,West Ham,A Madley,2,1,H,0,0,D,8,6,3,3,10,3,4,2,0,0,6,11
03-09-2022,Newcastle,Crystal Palace,M Salisbury,0,0,D,0,0,D,23,19,6,9,13,5,2,1,0,0,19,12
03-09-2022,Nott'm Forest,Bournemouth,M Oliver,2,3,A,2,0,H,11,8,3,3,4,6,2,1,0,0,13,10
03-09-2022,Tottenham,Fulham,S Attwell,2,1,H,1,0,H,23,9,10,3,10,3,3,4,0,0,9,6
03-09-2022,Wolves,Southampton,J Brooks,1,0,H,1,0,H,7,12,2,1,5,6,4,2,0,0,10,14
03-09-2022,Aston Villa,Man City,S Hooper,1,1,D,0,0,D,3,13,1,4,1,4,2,0,0,0,7,6
04-09-2022,Brighton,Leicester,T Harrington,5,2,H,2,2,D,23,6,11,4,10,1,1,1,0,0,6,8
04-09-2022,Man United,Arsenal,P Tierney,3,1,H,1,0,H,10,16,6,3,2,5,3,3,0,0,13,9
16-09-2022,Aston Villa,Southampton,T Harrington,1,0,H,1,0,H,11,7,3,1,6,3,3,1,0,0,13,13
16-09-2022,Nott'm Forest,Fulham,J Gillett,2,3,A,1,0,H,11,15,3,7,2,10,2,4,0,0,11,10
17-09-2022,Wolves,Man City,A Taylor,0,3,A,0,2,A,6,16,1,7,5,7,2,1,1,0,7,9
17-09-2022,Newcastle,Bournemouth,C Pawson,1,1,D,0,0,D,20,10,7,3,8,1,2,2,0,0,10,11
17-09-2022,Tottenham,Leicester,S Hooper,6,2,H,2,2,D,16,19,11,7,6,1,1,2,0,0,9,9
18-09-2022,Brentford,Arsenal,D Coote,0,3,A,0,2,A,5,13,2,7,3,3,0,2,0,0,10,10
18-09-2022,Everton,West Ham,M Oliver,1,0,H,0,0,D,7,14,2,4,5,14,3,1,0,0,8,11
01-10-2022,Arsenal,Tottenham,A Taylor,3,1,H,1,1,D,22,7,9,3,5,2,2,1,0,1,10,10
01-10-2022,Bournemouth,Brentford,T Bramall,0,0,D,0,0,D,7,13,1,4,7,8,1,2,0,0,11,10
01-10-2022,Crystal Palace,Chelsea,C Kavanagh,1,2,A,1,1,D,7,13,3,3,5,2,1,3,0,0,11,13
01-10-2022,Fulham,Newcastle,D England,1,4,A,0,3,A,3,19,1,10,1,8,2,0,1,0,9,10
01-10-2022,Liverpool,Brighton,A Madley,3,3,D,1,2,A,15,6,7,6,9,2,1,1,0,0,9,13
01-10-2022,Southampton,Everton,A Marriner,1,2,A,0,0,D,22,12,6,5,7,6,2,2,0,0,11,10
01-10-2022,West Ham,Wolves,P Tierney,2,0,H,1,0,H,18,15,5,4,1,6,2,2,0,0,8,6
02-10-2022,Man City,Man United,M Oliver,6,3,H,4,0,H,22,12,10,8,5,1,0,3,0,0,3,9
02-10-2022,Leeds,Aston Villa,S Attwell,0,0,D,0,0,D,9,19,1,7,2,9,3,2,1,0,23,12
03-10-2022,Leicester,Nott'm Forest,R Jones,4,0,H,3,0,H,17,10,7,3,6,6,2,4,0,0,13,12
08-10-2022,Bournemouth,Leicester,M Salisbury,2,1,H,0,1,A,10,9,4,5,7,2,1,2,0,0,8,16
08-10-2022,Chelsea,Wolves,S Hooper,3,0,H,1,0,H,20,8,7,2,4,2,2,0,0,0,8,8
08-10-2022,Man City,Southampton,A Madley,4,0,H,2,0,H,21,5,8,0,9,1,0,1,0,0,4,8
08-10-2022,Newcastle,Brentford,J Brooks,5,1,H,2,0,H,16,6,6,3,9,5,0,1,0,0,14,9
08-10-2022,Brighton,Tottenham,T Harrington,0,1,A,0,1,A,14,8,4,3,6,2,1,2,0,0,9,14
09-10-2022,Crystal Palace,Leeds,P Tierney,2,1,H,1,1,D,13,10,5,4,5,3,3,3,0,0,13,23
09-10-2022,West Ham,Fulham,C Kavanagh,3,1,H,1,1,D,17,8,8,2,4,2,1,3,0,0,9,7
09-10-2022,Arsenal,Liverpool,M Oliver,3,2,H,2,1,H,11,8,7,3,4,3,1,2,0,0,11,11
09-10-2022,Everton,Man United,D Coote,1,2,A,1,2,A,11,12,2,4,5,4,2,1,0,0,7,13
10-10-2022,Nott'm Forest,Aston Villa,A Taylor,1,1,D,1,1,D,6,12,3,2,1,4,3,3,0,0,13,19
14-10-2022,Brentford,Brighton,M Salisbury,2,0,H,1,0,H,7,21,3,7,2,11,3,1,0,0,12,15
15-10-2022,Leicester,Crystal Palace,A Madley,0,0,D,0,0,D,14,8,5,1,9,2,2,2,0,0,18,13
15-10-2022,Fulham,Bournemouth,G Scott,2,2,D,1,2,A,19,10,4,6,5,6,2,0,0,0,9,11
15-10-2022,Wolves,Nott'm Forest,T Bramall,1,0,H,0,0,D,9,10,2,2,4,5,2,2,0,0,17,13
15-10-2022,Tottenham,Everton,P Tierney,2,0,H,0,0,D,21,4,7,0,7,1,1,4,0,0,12,13
16-10-2022,Aston Villa,Chelsea,R Jones,0,2,A,0,1,A,18,8,7,4,7,1,0,3,0,0,12,11
16-10-2022,Leeds,Arsenal,C Kavanagh,0,1,A,0,1,A,16,9,4,4,6,3,0,2,0,0,10,11
16-10-2022,Man United,Newcastle,C Pawson,0,0,D,0,0,D,15,9,2,2,4,4,3,1,0,0,13,11
16-10-2022,Southampton,West Ham,P Bankes,1,1,D,1,0,H,10,25,8,4,4,14,1,1,0,0,7,3
16-10-2022,Liverpool,Man City,A Taylor,1,0,H,0,0,D,13,16,2,6,5,6,3,1,0,0,10,7
18-10-2022,Brighton,Nott'm Forest,D England,0,0,D,0,0,D,19,3,7,0,9,1,3,1,0,0,10,14
18-10-2022,Crystal Palace,Wolves,D Coote,2,1,H,0,1,A,14,10,4,4,4,3,3,1,0,0,14,18
19-10-2022,Bournemouth,Southampton,J Brooks,0,1,A,0,1,A,15,9,3,3,7,3,1,3,0,0,8,13
19-10-2022,Brentford,Chelsea,J Gillett,0,0,D,0,0,D,8,14,5,5,6,2,0,0,0,0,7,7
19-10-2022,Liverpool,West Ham,S Attwell,1,0,H,1,0,H,22,8,7,3,8,3,0,0,0,0,9,8
19-10-2022,Newcastle,Everton,T Harrington,1,0,H,1,0,H,16,1,4,0,8,2,2,4,0,0,9,12
19-10-2022,Man United,Tottenham,S Hooper,2,0,H,0,0,D,28,9,10,2,8,3,1,0,0,0,7,7
20-10-2022,Fulham,Aston Villa,M Oliver,3,0,H,1,0,H,18,12,8,6,9,7,0,2,0,1,11,11
20-10-2022,Leicester,Leeds,P Bankes,2,0,H,2,0,H,5,14,1,2,2,9,2,1,0,0,15,11
22-10-2022,Nott'm Forest,Liverpool,P Tierney,1,0,H,0,0,D,10,15,7,7,2,11,2,1,0,0,14,8
22-10-2022,Everton,Crystal Palace,S Hooper,3,0,H,1,0,H,9,9,6,2,3,4,3,4,0,0,16,14
22-10-2022,Man City,Brighton,C Pawson,3,1,H,2,0,H,10,8,4,2,7,3,1,3,0,0,11,12
22-10-2022,Chelsea,Man United,S Attwell,1,1,D,0,0,D,6,13,2,6,6,4,1,4,0,0,8,10
23-10-2022,Aston Villa,Brentford,D England,4,0,H,3,0,H,19,12,11,3,7,6,1,0,0,0,14,11
23-10-2022,Leeds,Fulham,A Taylor,2,3,A,1,1,D,14,11,5,5,3,6,1,1,0,0,12,8
23-10-2022,Southampton,Arsenal,R Jones,1,1,D,0,1,A,10,12,3,3,9,4,2,1,0,0,11,8
23-10-2022,Wolves,Leicester,M Oliver,0,4,A,0,2,A,21,5,5,4,9,2,2,1,0,0,10,13
23-10-2022,Tottenham,Newcastle,J Gillett,1,2,A,0,2,A,17,13,5,5,6,7,4,2,0,0,12,6
24-10-2022,West Ham,Bournemouth,D Coote,2,0,H,1,0,H,20,5,4,3,5,0,0,2,0,0,9,11
29-10-2022,Leicester,Man City,R Jones,0,1,A,0,0,D,10,15,5,5,3,10,0,0,0,0,5,10
29-10-2022,Bournemouth,Tottenham,A Taylor,2,3,A,1,0,H,6,23,4,7,2,19,1,2,0,0,10,5
29-10-2022,Brentford,Wolves,R Madley,1,1,D,0,0,D,12,14,3,4,3,6,3,3,0,1,10,17
29-10-2022,Brighton,Chelsea,A Madley,4,1,H,3,0,H,19,15,9,7,8,7,1,2,0,0,16,6
29-10-2022,Crystal Palace,Southampton,M Salisbury,1,0,H,1,0,H,12,14,3,4,8,4,3,3,0,0,13,12
29-10-2022,Newcastle,Aston Villa,P Tierney,4,0,H,1,0,H,20,3,7,0,3,0,1,1,0,0,11,11
29-10-2022,Fulham,Everton,J Brooks,0,0,D,0,0,D,24,9,6,4,13,4,2,1,0,0,10,8
29-10-2022,Liverpool,Leeds,M Oliver,1,2,A,1,1,D,22,14,10,6,14,5,0,1,0,0,9,3
30-10-2022,Arsenal,Nott'm Forest,S Hooper,5,0,H,1,0,H,24,5,10,2,9,4,0,1,0,0,9,8
30-10-2022,Man United,West Ham,C Kavanagh,1,0,H,1,0,H,16,13,3,5,5,10,1,3,0,0,12,10
05-11-2022,Leeds,Bournemouth,T Harrington,4,3,H,1,2,A,18,9,4,6,13,3,2,2,0,0,16,10
05-11-2022,Man City,Fulham,D England,2,1,H,1,1,D,16,4,5,2,9,0,2,4,1,0,6,11
05-11-2022,Nott'm Forest,Brentford,A Marriner,2,2,D,1,1,D,15,6,7,2,3,3,2,2,0,0,10,11
05-11-2022,Wolves,Brighton,G Scott,2,3,A,2,2,D,8,19,5,8,4,9,2,0,1,0,15,11
05-11-2022,Everton,Leicester,D Coote,0,2,A,0,1,A,12,22,2,8,8,3,0,0,0,0,9,5
06-11-2022,Chelsea,Arsenal,M Oliver,0,1,A,0,0,D,5,14,1,2,4,6,5,2,0,0,20,13
06-11-2022,Aston Villa,Man United,A Taylor,3,1,H,2,1,H,6,8,4,3,3,5,3,3,0,0,6,12
06-11-2022,Southampton,Newcastle,S Attwell,1,4,A,0,1,A,16,7,5,4,8,2,1,0,0,0,7,10
06-11-2022,West Ham,Crystal Palace,P Tierney,1,2,A,1,1,D,5,15,2,6,2,5,1,1,0,0,10,7
06-11-2022,Tottenham,Liverpool,A Madley,1,2,A,0,2,A,14,13,5,6,5,3,0,0,0,0,10,8
12-11-2022,Man City,Brentford,P Bankes,1,2,A,1,1,D,29,10,6,8,10,2,2,2,0,0,9,7
12-11-2022,Bournemouth,Everton,C Pawson,3,0,H,2,0,H,16,15,9,3,3,5,2,0,0,0,12,8
12-11-2022,Liverpool,Southampton,S Hooper,3,1,H,3,1,H,15,9,7,5,6,0,0,2,0,0,8,8
12-11-2022,Nott'm Forest,Crystal Palace,J Brooks,1,0,H,0,0,D,9,8,2,0,1,5,1,4,0,0,11,13
12-11-2022,Tottenham,Leeds,M Salisbury,4,3,H,1,2,A,14,12,8,5,9,2,1,1,0,1,8,7
12-11-2022,West Ham,Leicester,J Gillett,0,2,A,0,1,A,18,9,6,6,7,2,3,1,0,0,9,8
12-11-2022,Newcastle,Chelsea,R Jones,1,0,H,0,0,D,10,5,3,2,5,3,3,2,0,0,14,11
12-11-2022,Wolves,Arsenal,S Attwell,0,2,A,0,0,D,11,14,2,4,6,4,3,2,0,0,5,6
13-11-2022,Brighton,Aston Villa,C Kavanagh,1,2,A,1,1,D,7,8,2,2,11,4,2,7,0,0,14,11
13-11-2022,Fulham,Man United,P Tierney,1,2,A,0,1,A,14,14,7,9,10,3,1,1,0,0,9,10
26-12-2022,Brentford,Tottenham,D Coote,2,2,D,1,0,H,9,16,5,8,6,5,3,1,0,0,11,10
26-12-2022,Crystal Palace,Fulham,A Madley,0,3,A,0,1,A,4,23,0,11,1,8,0,0,2,0,12,15
26-12-2022,Everton,Wolves,C Pawson,1,2,A,1,1,D,12,7,6,4,2,2,1,6,0,0,9,22
26-12-2022,Leicester,Newcastle,J Gillett,0,3,A,0,3,A,8,12,2,5,5,5,0,0,0,0,9,6
26-12-2022,Southampton,Brighton,R Jones,1,3,A,0,2,A,14,7,4,4,4,2,1,2,0,0,9,10
26-12-2022,Aston Villa,Liverpool,P Tierney,1,3,A,0,2,A,12,16,6,9,0,6,0,0,0,0,7,12
26-12-2022,Arsenal,West Ham,M Oliver,3,1,H,0,1,A,16,8,5,4,7,5,0,2,0,0,13,17
27-12-2022,Chelsea,Bournemouth,S Hooper,2,0,H,2,0,H,15,9,5,4,6,8,0,0,0,0,8,10
27-12-2022,Man United,Nott'm Forest,A Taylor,3,0,H,2,0,H,17,8,8,3,9,9,3,1,0,0,13,4
28-12-2022,Leeds,Man City,S Attwell,1,3,A,0,1,A,9,26,1,9,3,5,3,3,0,0,11,14
30-12-2022,West Ham,Brentford,D England,0,2,A,0,2,A,20,9,5,6,8,1,1,0,0,0,9,5
30-12-2022,Liverpool,Leicester,C Pawson,2,1,H,2,1,H,21,7,5,2,4,5,0,1,0,0,8,15
31-12-2022,Wolves,Man United,R Jones,0,1,A,0,0,D,10,16,3,6,7,5,1,3,0,0,11,11
31-12-2022,Bournemouth,Crystal Palace,A Marriner,0,2,A,0,2,A,6,15,2,6,2,7,4,1,0,0,17,11
31-12-2022,Fulham,Southampton,G Scott,2,1,H,1,0,H,8,9,2,3,4,4,0,1,0,0,8,13
31-12-2022,Man City,Everton,A Madley,1,1,D,1,0,H,16,2,3,1,7,1,3,4,0,0,13,14
31-12-2022,Newcastle,Leeds,S Hooper,0,0,D,0,0,D,16,8,5,1,9,3,3,5,0,0,13,19
31-12-2022,Brighton,Arsenal,A Taylor,2,4,A,0,2,A,9,14,5,7,7,4,3,3,0,0,7,11
01-01-2023,Tottenham,Aston Villa,J Brooks,0,2,A,0,0,D,6,13,2,4,5,3,4,3,0,0,15,10
01-01-2023,Nott'm Forest,Chelsea,P Bankes,1,1,D,0,1,A,12,7,5,2,1,2,2,2,0,0,16,14
02-01-2023,Brentford,Liverpool,S Attwell,3,1,H,2,0,H,10,16,7,6,4,9,1,3,0,0,5,8
03-01-2023,Arsenal,Newcastle,A Madley,0,0,D,0,0,D,17,8,4,1,5,5,4,4,0,0,10,16
03-01-2023,Everton,Brighton,A Marriner,1,4,A,0,1,A,10,19,4,8,5,2,3,1,0,0,8,10
03-01-2023,Leicester,Fulham,D Bond,0,1,A,0,1,A,15,11,6,2,6,3,2,6,0,0,12,11
03-01-2023,Man United,Bournemouth,M Salisbury,3,0,H,1,0,H,18,7,6,4,6,5,0,3,0,0,13,7
04-01-2023,Southampton,Nott'm Forest,T Bramall,0,1,A,0,1,A,8,11,0,1,6,2,2,2,0,0,14,17
04-01-2023,Leeds,West Ham,D Coote,2,2,D,1,1,D,14,15,6,2,8,1,3,1,0,0,11,18
04-01-2023,Aston Villa,Wolves,J Gillett,1,1,D,0,1,A,13,10,4,3,7,8,1,3,0,0,6,12
04-01-2023,Crystal Palace,Tottenham,M Oliver,0,4,A,0,0,D,19,14,4,6,10,4,1,2,0,0,11,8
05-01-2023,Chelsea,Man City,P Tierney,0,1,A,0,0,D,8,12,2,3,3,2,2,0,0,0,9,9
12-01-2023,Fulham,Chelsea,D Coote,2,1,H,1,0,H,8,20,3,10,5,7,4,3,0,1,12,16
13-01-2023,Aston Villa,Leeds,M Oliver,2,1,H,1,0,H,11,16,5,4,0,11,2,2,0,0,12,8
14-01-2023,Man United,Man City,S Attwell,2,1,H,0,0,D,8,5,4,1,1,2,3,0,0,0,15,5
14-01-2023,Brighton,Liverpool,D England,3,0,H,0,0,D,16,6,9,2,7,1,1,3,0,0,8,15
14-01-2023,Everton,Southampton,J Brooks,1,2,A,1,0,H,12,13,4,5,6,4,0,3,0,0,7,19
14-01-2023,Nott'm Forest,Leicester,P Tierney,2,0,H,0,0,D,15,6,5,1,3,5,1,2,0,0,11,12
14-01-2023,Wolves,West Ham,S Hooper,1,0,H,0,0,D,17,16,4,4,4,3,0,2,0,0,10,7
14-01-2023,Brentford,Bournemouth,J Gillett,2,0,H,1,0,H,12,7,4,2,5,3,1,1,0,0,5,9
15-01-2023,Chelsea,Crystal Palace,P Bankes,1,0,H,0,0,D,15,10,5,5,11,7,2,5,0,0,10,17
15-01-2023,Newcastle,Fulham,R Jones,1,0,H,0,0,D,20,5,5,0,10,5,1,3,0,0,6,14
15-01-2023,Tottenham,Arsenal,C Pawson,0,2,A,0,2,A,17,14,7,5,4,3,4,2,0,0,16,15
18-01-2023,Crystal Palace,Man United,R Jones,1,1,D,0,1,A,10,15,5,4,3,3,1,2,0,0,9,10
19-01-2023,Man City,Tottenham,S Hooper,4,2,H,0,2,A,16,9,6,3,8,3,1,2,0,0,10,14
21-01-2023,Liverpool,Chelsea,M Oliver,0,0,D,0,0,D,15,11,3,2,5,5,3,1,0,0,16,9
21-01-2023,Bournemouth,Nott'm Forest,A Madley,1,1,D,1,0,H,16,20,4,5,4,6,1,2,0,0,10,7
21-01-2023,Leicester,Brighton,T Bramall,2,2,D,1,1,D,9,13,2,4,5,6,0,1,0,0,9,9
21-01-2023,Southampton,Aston Villa,M Salisbury,0,1,A,0,0,D,8,16,5,5,2,2,1,2,0,0,19,9
21-01-2023,West Ham,Everton,S Attwell,2,0,H,2,0,H,11,5,4,2,4,9,1,1,0,0,9,6
21-01-2023,Crystal Palace,Newcastle,C Pawson,0,0,D,0,0,D,6,16,1,7,3,15,4,2,0,0,13,7
22-01-2023,Leeds,Brentford,P Bankes,0,0,D,0,0,D,9,6,5,0,2,3,2,2,0,0,10,18
22-01-2023,Man City,Wolves,D Coote,3,0,H,1,0,H,13,10,7,1,5,7,1,2,0,0,10,10
22-01-2023,Arsenal,Man United,A Taylor,3,2,H,1,1,D,25,6,5,4,12,4,1,2,0,0,8,9
23-01-2023,Fulham,Tottenham,P Tierney,0,1,A,0,1,A,10,10,5,3,3,8,1,3,0,0,10,10
03-02-2023,Chelsea,Fulham,S Attwell,0,0,D,0,0,D,12,10,3,4,6,2,1,4,0,0,16,12
04-02-2023,Everton,Arsenal,D Coote,1,0,H,0,0,D,12,15,4,3,7,5,4,1,0,0,13,8
04-02-2023,Aston Villa,Leicester,D England,2,4,A,2,3,A,19,9,4,5,11,3,0,2,0,0,10,10
04-02-2023,Brentford,Southampton,D Bond,3,0,H,2,0,H,14,14,4,6,4,4,1,2,0,0,10,9
04-02-2023,Brighton,Bournemouth,C Pawson,1,0,H,0,0,D,20,12,6,2,7,3,3,1,0,0,14,7
04-02-2023,Man United,Crystal Palace,A Marriner,2,1,H,1,0,H,14,10,5,3,5,5,1,2,1,0,9,9
04-02-2023,Wolves,Liverpool,P Tierney,3,0,H,2,0,H,12,22,6,4,2,7,1,1,0,0,9,7
04-02-2023,Newcastle,West Ham,P Bankes,1,1,D,1,1,D,8,10,2,1,4,2,2,1,0,0,11,13
05-02-2023,Nott'm Forest,Leeds,R Jones,1,0,H,1,0,H,6,10,2,4,0,2,4,2,0,0,15,14
05-02-2023,Tottenham,Man City,A Madley,1,0,H,1,0,H,12,15,3,5,4,6,2,3,1,0,19,14
08-02-2023,Man United,Leeds,S Hooper,2,2,D,0,1,A,24,8,7,2,6,5,1,3,0,0,7,11
11-02-2023,West Ham,Chelsea,C Pawson,1,1,D,1,1,D,10,12,2,4,5,6,1,1,0,0,9,11
11-02-2023,Arsenal,Brentford,P Bankes,1,1,D,0,0,D,23,9,7,2,7,4,0,2,0,0,9,9
11-02-2023,Crystal Palace,Brighton,M Oliver,1,1,D,0,0,D,6,17,1,7,1,6,4,1,0,0,10,11
11-02-2023,Fulham,Nott'm Forest,A Madley,2,0,H,1,0,H,16,10,3,1,5,4,0,1,0,0,9,11
11-02-2023,Leicester,Tottenham,M Salisbury,4,1,H,3,1,H,15,11,7,4,1,5,5,2,0,0,14,9
11-02-2023,Southampton,Wolves,J Gillett,1,2,A,1,0,H,17,11,2,2,5,2,2,2,0,1,12,14
11-02-2023,Bournemouth,Newcastle,S Attwell,1,1,D,1,1,D,11,15,5,7,4,6,2,3,0,0,8,10
12-02-2023,Leeds,Man United,P Tierney,0,2,A,0,0,D,16,11,6,5,7,3,2,1,0,0,10,13
12-02-2023,Man City,Aston Villa,R Jones,3,1,H,3,0,H,17,6,9,2,8,4,1,2,0,0,13,14
13-02-2023,Liverpool,Everton,S Hooper,2,0,H,1,0,H,15,6,6,1,3,3,1,3,0,0,8,16
15-02-2023,Arsenal,Man City,A Taylor,1,3,A,1,1,D,10,9,1,6,1,3,2,3,0,0,11,15
18-02-2023,Aston Villa,Arsenal,S Hooper,2,4,A,2,1,H,7,20,5,5,2,9,2,1,0,0,13,4
18-02-2023,Brentford,Crystal Palace,P Tierney,1,1,D,0,0,D,12,10,5,4,2,6,2,2,0,0,10,8
18-02-2023,Brighton,Fulham,D England,0,1,A,0,0,D,21,5,7,2,10,2,0,5,0,0,12,14
18-02-2023,Chelsea,Southampton,D Coote,0,1,A,0,1,A,17,8,5,5,8,2,3,6,0,0,16,24
18-02-2023,Everton,Leeds,A Madley,1,0,H,0,0,D,15,8,6,0,6,4,2,3,0,0,8,6
18-02-2023,Nott'm Forest,Man City,G Scott,1,1,D,0,1,A,4,26,1,6,0,10,1,0,0,0,8,6
18-02-2023,Wolves,Bournemouth,M Salisbury,0,1,A,0,0,D,15,5,4,1,12,2,3,3,0,0,12,10
18-02-2023,Newcastle,Liverpool,A Taylor,0,2,A,0,2,A,14,13,4,7,6,7,1,1,1,0,3,8
19-02-2023,Man United,Leicester,S Attwell,3,0,H,1,0,H,26,19,8,3,6,6,0,2,0,0,9,9
19-02-2023,Tottenham,West Ham,M Oliver,2,0,H,0,0,D,16,6,6,1,4,7,2,1,0,0,16,10
24-02-2023,Fulham,Wolves,M Oliver,1,1,D,0,1,A,10,8,5,2,4,3,2,0,0,0,12,17
25-02-2023,Everton,Aston Villa,A Taylor,0,2,A,0,0,D,15,9,5,5,5,1,2,1,0,0,12,12
25-02-2023,Leeds,Southampton,P Bankes,1,0,H,0,0,D,14,8,4,2,9,2,2,4,0,0,15,13
25-02-2023,Leicester,Arsenal,C Pawson,0,1,A,0,0,D,1,10,0,2,0,8,0,1,0,0,14,9
25-02-2023,West Ham,Nott'm Forest,J Gillett,4,0,H,0,0,D,18,8,5,3,12,3,0,0,0,0,8,5
25-02-2023,Bournemouth,Man City,P Tierney,1,4,A,0,3,A,13,20,2,5,4,6,2,2,0,0,10,9
25-02-2023,Crystal Palace,Liverpool,D England,0,0,D,0,0,D,6,12,0,4,5,3,2,5,0,0,11,14
26-02-2023,Tottenham,Chelsea,S Attwell,2,0,H,0,0,D,8,10,3,2,4,4,2,3,0,0,10,10
01-03-2023,Arsenal,Everton,M Oliver,4,0,H,2,0,H,15,8,5,5,5,1,0,2,0,0,5,12
01-03-2023,Liverpool,Wolves,P Tierney,2,0,H,0,0,D,15,4,6,1,5,2,2,3,0,0,13,14
04-03-2023,Man City,Newcastle,S Hooper,2,0,H,1,0,H,11,5,3,2,8,4,2,4,0,0,8,13
04-03-2023,Arsenal,Bournemouth,C Kavanagh,3,2,H,0,1,A,31,4,9,4,17,1,0,2,0,0,6,8
04-03-2023,Aston Villa,Crystal Palace,C Pawson,1,0,H,1,0,H,8,3,1,0,2,4,2,3,0,1,14,17
04-03-2023,Brighton,West Ham,S Attwell,4,0,H,1,0,H,20,3,9,2,7,3,0,3,0,0,6,8
04-03-2023,Chelsea,Leeds,M Oliver,1,0,H,0,0,D,13,11,3,2,5,7,2,0,0,0,10,7
04-03-2023,Wolves,Tottenham,T Robinson,1,0,H,0,0,D,8,21,5,6,4,8,1,1,0,0,11,18
04-03-2023,Southampton,Leicester,R Jones,1,0,H,1,0,H,11,11,5,0,3,4,4,2,0,0,12,11
05-03-2023,Nott'm Forest,Everton,J Brooks,2,2,D,1,2,A,10,10,4,3,3,3,3,5,0,0,11,17
05-03-2023,Liverpool,Man United,A Madley,7,0,H,1,0,H,18,8,8,4,4,3,2,3,0,0,13,14
06-03-2023,Brentford,Fulham,A Taylor,3,2,H,1,1,D,14,9,6,5,2,3,0,3,0,0,12,17
11-03-2023,Bournemouth,Liverpool,J Brooks,1,0,H,1,0,H,5,15,2,6,3,8,2,1,0,0,7,9
11-03-2023,Everton,Brentford,S Hooper,1,0,H,1,0,H,13,12,6,4,5,8,2,1,0,0,11,12
11-03-2023,Leeds,Brighton,P Tierney,2,2,D,1,1,D,12,14,4,2,4,7,1,1,0,0,12,9
11-03-2023,Leicester,Chelsea,A Marriner,1,3,A,1,2,A,17,12,7,6,2,5,1,2,1,0,10,11
11-03-2023,Tottenham,Nott'm Forest,C Pawson,3,1,H,2,0,H,15,9,7,5,2,10,3,1,0,0,13,13
11-03-2023,Crystal Palace,Man City,R Jones,0,1,A,0,0,D,4,14,0,4,2,6,2,2,0,0,11,17
12-03-2023,Fulham,Arsenal,D Coote,0,3,A,0,3,A,12,15,2,7,4,8,0,1,0,0,10,9
12-03-2023,Man United,Southampton,A Taylor,0,0,D,0,0,D,10,17,4,4,7,8,2,0,0,0,12,9
12-03-2023,West Ham,Aston Villa,C Kavanagh,1,1,D,1,1,D,17,12,6,4,13,2,1,0,0,0,8,6
12-03-2023,Newcastle,Wolves,A Madley,2,1,H,1,0,H,19,7,8,4,10,3,1,2,0,0,11,10
15-03-2023,Brighton,Crystal Palace,P Bankes,1,0,H,1,0,H,11,11,5,3,1,4,1,2,0,0,13,20
15-03-2023,Southampton,Brentford,M Salisbury,0,2,A,0,1,A,7,11,1,5,3,3,1,2,0,0,14,10
17-03-2023,Nott'm Forest,Newcastle,P Tierney,1,2,A,1,1,D,5,15,3,4,3,7,5,1,0,0,17,9
18-03-2023,Aston Villa,Bournemouth,R Jones,3,0,H,1,0,H,20,10,9,3,9,6,1,4,0,0,8,13
18-03-2023,Brentford,Leicester,D Bond,1,1,D,1,0,H,11,14,2,1,8,4,1,2,1,0,10,11
18-03-2023,Southampton,Tottenham,S Hooper,3,3,D,0,1,A,19,17,7,3,10,3,1,1,0,0,13,8
18-03-2023,Wolves,Leeds,M Salisbury,2,4,A,0,1,A,23,11,8,4,5,4,3,5,1,0,15,9
18-03-2023,Chelsea,Everton,D England,2,2,D,0,0,D,20,12,7,3,8,2,2,2,0,0,8,12
19-03-2023,Arsenal,Crystal Palace,S Attwell,4,1,H,2,0,H,15,8,5,4,5,4,0,1,0,0,8,10
01-04-2023,Man City,Liverpool,S Hooper,4,1,H,1,1,D,17,4,8,1,7,1,1,1,0,0,9,12
01-04-2023,Arsenal,Leeds,D England,4,1,H,1,0,H,13,7,6,5,4,3,0,2,0,0,11,13
01-04-2023,Bournemouth,Fulham,P Bankes,2,1,H,0,1,A,12,10,7,2,4,3,1,4,0,0,15,13
01-04-2023,Brighton,Brentford,M Oliver,3,3,D,2,2,D,33,7,15,5,14,0,2,1,0,0,16,10
01-04-2023,Crystal Palace,Leicester,T Robinson,2,1,H,0,0,D,31,3,9,2,10,1,3,4,0,0,12,16
01-04-2023,Nott'm Forest,Wolves,C Kavanagh,1,1,D,1,0,H,17,8,7,1,4,3,3,5,0,0,14,13
01-04-2023,Chelsea,Aston Villa,A Madley,0,2,A,0,1,A,27,5,8,2,13,2,3,3,0,0,14,16
02-04-2023,West Ham,Southampton,P Tierney,1,0,H,1,0,H,12,9,2,3,5,3,0,2,0,0,10,11
02-04-2023,Newcastle,Man United,S Attwell,2,0,H,0,0,D,22,6,6,1,7,4,0,0,0,0,8,12
03-04-2023,Everton,Tottenham,D Coote,1,1,D,0,0,D,15,8,6,2,3,3,0,3,1,1,10,14
04-04-2023,Bournemouth,Brighton,D Bond,0,2,A,0,1,A,14,16,3,6,5,5,1,1,0,0,11,5
04-04-2023,Leeds,Nott'm Forest,R Jones,2,1,H,2,1,H,21,13,6,1,11,4,1,4,0,0,11,13
04-04-2023,Leicester,Aston Villa,G Scott,1,2,A,1,1,D,9,15,4,5,4,8,2,0,1,0,10,14
04-04-2023,Chelsea,Liverpool,A Taylor,0,0,D,0,0,D,12,7,3,4,3,5,1,4,0,0,6,17
05-04-2023,Man United,Brentford,J Brooks,1,0,H,1,0,H,18,6,3,1,12,3,3,2,0,0,8,13
05-04-2023,West Ham,Newcastle,C Pawson,1,5,A,1,2,A,7,15,2,8,7,6,2,1,0,0,11,12
08-04-2023,Man United,Everton,M Oliver,2,0,H,1,0,H,29,15,11,1,10,4,0,0,0,0,10,9
08-04-2023,Aston Villa,Nott'm Forest,A Taylor,2,0,H,0,0,D,8,6,3,2,1,8,3,4,0,0,7,17
08-04-2023,Brentford,Newcastle,C Kavanagh,1,2,A,1,0,H,12,10,6,4,6,5,0,0,0,0,10,15
08-04-2023,Fulham,West Ham,J Gillett,0,1,A,0,1,A,16,9,3,5,11,4,1,1,0,0,10,12
08-04-2023,Leicester,Bournemouth,D Coote,0,1,A,0,1,A,14,19,4,7,6,6,0,3,0,0,10,13
08-04-2023,Tottenham,Brighton,S Attwell,2,1,H,1,1,D,9,17,3,4,3,7,3,1,0,0,15,15
08-04-2023,Wolves,Chelsea,P Bankes,1,0,H,1,0,H,9,13,4,1,8,8,2,5,0,0,14,10
08-04-2023,Southampton,Man City,R Jones,1,4,A,0,1,A,4,13,1,8,0,10,0,2,0,0,6,10
09-04-2023,Leeds,Crystal Palace,S Hooper,1,5,A,1,1,D,11,16,7,8,2,4,3,1,0,0,11,8
09-04-2023,Liverpool,Arsenal,P Tierney,2,2,D,1,2,A,21,9,6,5,5,4,4,4,0,0,11,11
15-04-2023,Aston Villa,Newcastle,J Brooks,3,0,H,1,0,H,16,8,6,2,7,2,1,1,0,0,13,15
15-04-2023,Chelsea,Brighton,R Jones,1,2,A,1,1,D,8,26,2,10,2,8,2,2,0,0,11,11
15-04-2023,Everton,Fulham,A Taylor,1,3,A,1,1,D,15,21,7,7,4,8,3,2,0,0,10,6
15-04-2023,Southampton,Crystal Palace,M Oliver,0,2,A,0,0,D,11,9,4,2,6,2,3,1,0,0,6,13
15-04-2023,Tottenham,Bournemouth,A Madley,2,3,A,1,1,D,24,6,8,6,8,1,1,2,0,0,8,9
15-04-2023,Wolves,Brentford,P Tierney,2,0,H,1,0,H,11,10,9,3,5,2,1,1,0,0,12,8
15-04-2023,Man City,Leicester,D England,3,1,H,3,0,H,12,10,4,4,6,2,1,1,0,0,8,8
16-04-2023,West Ham,Arsenal,D Coote,2,2,D,1,2,A,16,11,3,5,7,2,1,2,0,0,11,8
16-04-2023,Nott'm Forest,Man United,S Hooper,0,2,A,0,1,A,6,22,0,8,4,9,2,2,0,0,9,9
17-04-2023,Leeds,Liverpool,C Pawson,1,6,A,0,2,A,13,13,3,7,4,2,0,1,0,0,6,12
21-04-2023,Arsenal,Southampton,S Hooper,3,3,D,1,2,A,25,8,6,6,7,2,1,5,0,0,10,14
22-04-2023,Fulham,Leeds,P Bankes,2,1,H,0,0,D,12,10,5,2,8,6,1,4,0,0,10,15
22-04-2023,Brentford,Aston Villa,M Salisbury,1,1,D,0,0,D,6,14,5,2,8,4,3,2,0,0,12,8
22-04-2023,Crystal Palace,Everton,J Brooks,0,0,D,0,0,D,12,10,2,5,8,1,1,1,0,1,12,14
22-04-2023,Leicester,Wolves,A Madley,2,1,H,1,1,D,15,16,8,3,1,7,1,3,0,0,17,16
22-04-2023,Liverpool,Nott'm Forest,M Oliver,3,2,H,0,0,D,18,11,6,5,9,3,0,1,0,0,9,12
23-04-2023,Bournemouth,West Ham,A Taylor,0,4,A,0,3,A,17,18,5,10,8,5,1,2,0,0,7,8
23-04-2023,Newcastle,Tottenham,D Coote,6,1,H,5,0,H,25,11,8,3,9,3,0,3,0,0,7,13
25-04-2023,Wolves,Crystal Palace,R Jones,2,0,H,1,0,H,9,14,3,4,6,11,5,4,0,0,13,14
25-04-2023,Aston Villa,Fulham,T Bramall,1,0,H,1,0,H,14,1,3,0,8,2,3,2,0,0,6,18
25-04-2023,Leeds,Leicester,P Tierney,1,1,D,1,0,H,13,15,3,3,3,6,4,2,0,0,14,15
26-04-2023,Nott'm Forest,Brighton,J Gillett,3,1,H,1,1,D,12,17,5,7,2,7,2,0,0,0,7,8
26-04-2023,Chelsea,Brentford,A Madley,0,2,A,0,1,A,15,7,4,1,5,2,1,2,0,0,5,13
26-04-2023,West Ham,Liverpool,C Kavanagh,1,2,A,1,1,D,7,20,2,4,3,6,0,0,0,0,6,8
26-04-2023,Man City,Arsenal,M Oliver,4,1,H,2,0,H,14,8,9,2,1,3,3,1,0,0,13,13
27-04-2023,Everton,Newcastle,A Marriner,1,4,A,0,1,A,13,15,5,8,3,14,2,1,0,0,8,6
27-04-2023,Southampton,Bournemouth,D England,0,1,A,0,0,D,11,16,2,2,6,4,0,3,0,0,9,11
27-04-2023,Tottenham,Man United,A Taylor,2,2,D,0,2,A,18,17,7,8,6,8,1,2,0,0,8,7
29-04-2023,Crystal Palace,West Ham,C Pawson,4,3,H,3,2,H,16,8,6,4,8,5,1,2,0,0,9,17
29-04-2023,Brentford,Nott'm Forest,P Bankes,2,1,H,0,1,A,14,5,8,3,6,0,1,2,0,0,6,13
29-04-2023,Brighton,Wolves,D Coote,6,0,H,4,0,H,22,10,8,2,2,5,1,1,0,0,14,11
30-04-2023,Bournemouth,Leeds,C Kavanagh,4,1,H,2,1,H,12,15,7,6,2,6,1,0,0,0,12,14
30-04-2023,Fulham,Man City,S Hooper,1,2,A,1,2,A,4,12,1,9,2,5,1,3,0,0,9,10
30-04-2023,Man United,Aston Villa,J Gillett,1,0,H,1,0,H,14,7,6,1,1,4,2,0,0,0,16,7
30-04-2023,Newcastle,Southampton,A Taylor,3,1,H,0,1,A,22,4,5,3,11,2,1,4,0,0,7,10
30-04-2023,Liverpool,Tottenham,P Tierney,4,3,H,3,1,H,12,10,4,7,5,2,3,2,0,0,12,6
01-05-2023,Leicester,Everton,M Oliver,2,2,D,2,1,H,15,23,6,8,2,9,4,1,0,0,10,12
02-05-2023,Arsenal,Chelsea,R Jones,3,1,H,3,0,H,16,7,10,4,7,2,0,2,0,0,10,10
03-05-2023,Liverpool,Fulham,S Attwell,1,0,H,1,0,H,15,9,3,3,7,5,0,0,0,0,10,8
03-05-2023,Man City,West Ham,J Brooks,3,0,H,0,0,D,16,6,7,2,6,3,0,1,0,0,8,8
04-05-2023,Brighton,Man United,A Marriner,1,0,H,0,0,D,22,16,6,5,8,6,4,4,0,0,10,14
06-05-2023,Bournemouth,Chelsea,J Brooks,1,3,A,1,1,D,10,11,4,5,7,7,1,3,0,0,9,11
06-05-2023,Man City,Leeds,A Madley,2,1,H,2,0,H,18,4,6,2,10,1,0,3,0,0,3,16
06-05-2023,Tottenham,Crystal Palace,D England,1,0,H,1,0,H,8,7,3,2,8,4,3,5,0,0,15,14
06-05-2023,Wolves,Aston Villa,S Attwell,1,0,H,1,0,H,6,16,2,3,5,6,3,3,0,0,20,9
06-05-2023,Liverpool,Brentford,A Taylor,1,0,H,1,0,H,15,5,5,1,7,3,4,2,0,0,19,10
07-05-2023,Newcastle,Arsenal,C Kavanagh,0,2,A,0,1,A,12,10,5,6,9,4,2,1,0,0,16,12
07-05-2023,West Ham,Man United,P Bankes,1,0,H,1,0,H,15,19,4,4,5,6,0,2,0,0,4,9
08-05-2023,Fulham,Leicester,R Jones,5,3,H,3,0,H,17,18,7,9,2,7,0,3,0,0,13,15
08-05-2023,Brighton,Everton,S Hooper,1,5,A,0,3,A,23,10,5,5,15,1,1,5,0,0,11,13
08-05-2023,Nott'm Forest,Southampton,M Oliver,4,3,H,3,1,H,9,19,4,5,2,11,1,0,0,0,16,10
13-05-2023,Leeds,Newcastle,S Hooper,2,2,D,1,1,D,9,18,4,5,2,6,3,2,1,0,16,14
13-05-2023,Aston Villa,Tottenham,P Bankes,2,1,H,1,0,H,8,5,4,2,8,3,3,3,0,0,9,14
13-05-2023,Chelsea,Nott'm Forest,P Tierney,2,2,D,0,1,A,14,11,6,2,2,5,3,1,0,0,13,15
13-05-2023,Crystal Palace,Bournemouth,M Salisbury,2,0,H,1,0,H,17,5,5,0,11,2,0,2,0,0,5,12
13-05-2023,Man United,Wolves,J Brooks,2,0,H,1,0,H,27,5,9,0,11,7,3,2,0,0,9,9
13-05-2023,Southampton,Fulham,T Bramall,0,2,A,0,0,D,5,9,1,4,1,8,2,0,0,0,17,12
14-05-2023,Brentford,West Ham,M Oliver,2,0,H,2,0,H,24,4,10,4,7,5,1,0,0,0,5,5
14-05-2023,Everton,Man City,A Taylor,0,3,A,0,2,A,7,9,3,4,8,6,1,0,0,0,12,4
14-05-2023,Arsenal,Brighton,A Madley,0,3,A,0,0,D,14,12,2,6,5,2,1,2,0,0,13,17
15-05-2023,Leicester,Liverpool,C Pawson,0,3,A,0,2,A,4,16,4,5,4,4,2,1,0,0,11,17
18-05-2023,Newcastle,Brighton,R Jones,4,1,H,2,0,H,22,8,9,2,6,1,2,4,0,0,17,16
20-05-2023,Tottenham,Brentford,J Gillett,1,3,A,1,0,H,22,11,8,4,8,2,1,1,0,0,11,9
20-05-2023,Bournemouth,Man United,C Kavanagh,0,1,A,0,1,A,10,20,4,5,3,6,1,0,0,0,6,7
20-05-2023,Fulham,Crystal Palace,J Smith,2,2,D,1,1,D,11,11,4,5,7,4,3,0,0,0,13,12
20-05-2023,Liverpool,Aston Villa,J Brooks,1,1,D,0,1,A,10,6,5,3,9,4,3,5,0,0,16,13
20-05-2023,Wolves,Everton,D Coote,1,1,D,1,0,H,13,19,5,4,1,7,5,1,0,0,18,10
20-05-2023,Nott'm Forest,Arsenal,A Taylor,1,0,H,1,0,H,6,11,2,3,3,6,3,2,0,0,11,12
21-05-2023,West Ham,Leeds,P Bankes,3,1,H,1,1,D,19,12,9,3,9,5,1,3,0,0,6,11
21-05-2023,Brighton,Southampton,P Tierney,3,1,H,2,0,H,26,5,8,1,4,3,2,5,0,0,8,9
21-05-2023,Man City,Chelsea,M Oliver,1,0,H,1,0,H,15,13,2,6,5,2,0,2,0,0,12,9
22-05-2023,Newcastle,Leicester,A Marriner,0,0,D,0,0,D,23,1,4,1,12,1,2,0,0,0,9,5
24-05-2023,Brighton,Man City,S Hooper,1,1,D,1,1,D,20,13,7,4,5,1,2,1,0,0,16,11
25-05-2023,Man United,Chelsea,S Attwell,4,1,H,2,0,H,18,14,9,5,3,4,1,1,0,0,12,6
28-05-2023,Arsenal,Wolves,A Marriner,5,0,H,3,0,H,14,6,8,0,8,4,0,0,0,0,8,11
28-05-2023,Aston Villa,Brighton,D Coote,2,1,H,2,1,H,12,8,5,4,4,3,4,4,0,0,15,16
28-05-2023,Brentford,Man City,J Brooks,1,0,H,0,0,D,11,17,4,3,3,4,4,0,0,0,12,8
28-05-2023,Chelsea,Newcastle,J Gillett,1,1,D,1,1,D,22,13,5,4,10,3,0,0,0,0,9,11
28-05-2023,Crystal Palace,Nott'm Forest,T Bramall,1,1,D,0,1,A,16,7,4,4,5,4,0,2,0,0,9,13
28-05-2023,Everton,Bournemouth,S Attwell,1,0,H,0,0,D,13,7,6,2,9,3,1,3,0,0,11,12
28-05-2023,Leeds,Tottenham,A Taylor,1,4,A,0,1,A,19,11,2,7,12,3,3,0,0,0,7,5
28-05-2023,Leicester,West Ham,S Hooper,2,1,H,1,0,H,13,16,4,3,3,5,1,1,0,0,8,10
28-05-2023,Man United,Fulham,R Jones,2,1,H,1,1,D,21,10,8,3,5,4,1,2,0,0,14,10
28-05-2023,Southampton,Liverpool,D England,4,4,D,2,2,D,15,30,10,8,2,9,0,2,0,0,4,10
11-08-2023,Burnley,Man City,C Pawson,0,3,A,0,2,A,6,17,1,8,6,5,0,0,1,0,11,8
12-08-2023,Arsenal,Nott'm Forest,M Oliver,2,1,H,2,0,H,15,6,7,2,8,3,2,2,0,0,12,12
12-08-2023,Bournemouth,West Ham,P Bankes,1,1,D,0,0,D,14,16,5,3,10,4,1,4,0,0,9,14
12-08-2023,Brighton,Luton,D Coote,4,1,H,1,0,H,27,9,12,3,6,7,2,2,0,0,11,12
12-08-2023,Everton,Fulham,S Attwell,0,1,A,0,0,D,19,9,9,2,10,4,0,2,0,0,12,6
12-08-2023,Sheffield United,Crystal Palace,J Brooks,0,1,A,0,0,D,8,24,1,8,5,5,3,0,0,0,18,11
12-08-2023,Newcastle,Aston Villa,A Madley,5,1,H,2,1,H,17,16,13,6,6,5,4,4,0,0,12,17
13-08-2023,Brentford,Tottenham,R Jones,2,2,D,2,2,D,11,18,6,6,3,6,1,4,0,0,12,13
13-08-2023,Chelsea,Liverpool,A Taylor,1,1,D,1,1,D,10,13,4,1,4,4,3,3,0,0,5,12
14-08-2023,Man United,Wolves,S Hooper,1,0,H,0,0,D,15,23,3,6,8,7,2,3,0,0,14,10
18-08-2023,Nott'm Forest,Sheffield United,P Bankes,2,1,H,1,0,H,16,7,4,3,6,7,2,3,0,0,5,9
19-08-2023,Fulham,Brentford,D Bond,0,3,A,0,1,A,10,17,2,8,5,5,2,2,1,0,13,12
19-08-2023,Liverpool,Bournemouth,T Bramall,3,1,H,2,1,H,26,13,10,5,10,2,1,3,1,0,11,13
19-08-2023,Wolves,Brighton,A Madley,1,4,A,0,1,A,16,16,5,8,5,3,3,6,1,0,14,11
19-08-2023,Tottenham,Man United,M Oliver,2,0,H,0,0,D,17,22,6,6,5,6,1,3,0,0,9,8
19-08-2023,Man City,Newcastle,R Jones,1,0,H,1,0,H,14,7,4,1,3,0,1,5,0,0,12,11
20-08-2023,Aston Villa,Everton,A Taylor,4,0,H,2,0,H,13,9,7,2,7,6,3,4,0,0,8,12
20-08-2023,West Ham,Chelsea,J Brooks,3,1,H,1,1,D,12,17,6,4,3,9,2,3,1,0,12,9
21-08-2023,Crystal Palace,Arsenal,D Coote,0,1,A,0,0,D,14,14,2,3,1,8,2,1,0,1,14,10
25-08-2023,Chelsea,Luton,R Jones,3,0,H,1,0,H,19,11,8,1,6,4,2,3,0,0,15,12
26-08-2023,Bournemouth,Tottenham,T Robinson,0,2,A,0,1,A,11,17,3,6,6,2,1,3,0,0,18,11
26-08-2023,Arsenal,Fulham,P Tierney,2,2,D,0,1,A,19,8,11,3,8,3,0,3,0,1,6,5
26-08-2023,Brentford,Crystal Palace,P Bankes,1,1,D,1,0,H,12,15,1,5,8,6,0,0,0,0,9,15
26-08-2023,Everton,Wolves,C Pawson,0,1,A,0,0,D,15,11,7,2,7,0,3,4,0,0,10,14
26-08-2023,Man United,Nott'm Forest,S Attwell,3,2,H,1,2,A,18,9,9,4,11,3,4,4,0,1,13,11
26-08-2023,Brighton,West Ham,A Taylor,1,3,A,0,1,A,25,12,10,3,17,4,1,3,0,0,10,9
27-08-2023,Burnley,Aston Villa,M Salisbury,1,3,A,0,2,A,9,16,2,6,4,6,2,0,0,0,12,11
27-08-2023,Sheffield United,Man City,J Gillett,1,2,A,0,0,D,6,30,2,9,1,12,3,0,0,0,11,2
27-08-2023,Newcastle,Liverpool,J Brooks,1,2,A,1,0,H,23,9,8,4,5,9,1,2,0,1,16,10
01-09-2023,Luton,West Ham,P Tierney,1,2,A,0,1,A,16,9,1,3,9,6,1,1,0,0,8,13
02-09-2023,Sheffield United,Everton,A Madley,2,2,D,2,1,H,13,16,8,6,4,6,1,2,0,0,11,13
02-09-2023,Brentford,Bournemouth,R Madley,2,2,D,1,1,D,21,12,7,5,5,2,1,2,0,0,6,13
02-09-2023,Burnley,Tottenham,D England,2,5,A,1,2,A,16,20,4,10,7,4,4,3,0,0,15,9
02-09-2023,Chelsea,Nott'm Forest,T Robinson,0,1,A,0,0,D,21,7,2,3,8,0,3,4,0,0,10,9
02-09-2023,Man City,Fulham,M Oliver,5,1,H,2,1,H,7,6,5,4,4,5,2,4,0,0,12,12
02-09-2023,Brighton,Newcastle,S Attwell,3,1,H,1,0,H,15,9,6,2,5,3,4,4,0,0,14,17
03-09-2023,Crystal Palace,Wolves,R Jones,3,2,H,0,0,D,16,12,11,4,4,2,1,3,0,0,12,12
03-09-2023,Liverpool,Aston Villa,S Hooper,3,0,H,2,0,H,17,9,4,3,7,3,0,1,0,0,12,7
03-09-2023,Arsenal,Man United,A Taylor,3,1,H,1,1,D,17,10,5,2,12,3,2,3,0,0,8,7
16-09-2023,Wolves,Liverpool,M Oliver,1,3,A,1,0,H,11,16,2,6,4,4,1,3,0,0,10,4
16-09-2023,Aston Villa,Crystal Palace,D England,3,1,H,0,0,D,16,6,5,3,4,2,5,3,0,0,13,9
16-09-2023,Fulham,Luton,M Salisbury,1,0,H,0,0,D,13,7,2,2,6,2,2,2,0,0,6,14
16-09-2023,Man United,Brighton,J Gillett,1,3,A,0,1,A,14,10,4,8,8,1,2,2,0,0,8,9
16-09-2023,Tottenham,Sheffield United,P Bankes,2,1,H,0,0,D,28,7,10,5,15,2,6,5,0,1,13,14
16-09-2023,West Ham,Man City,A Madley,1,3,A,1,0,H,6,29,3,15,4,11,3,2,0,0,7,11
16-09-2023,Newcastle,Brentford,C Pawson,1,0,H,0,0,D,9,11,2,2,8,3,3,5,0,0,8,12
17-09-2023,Bournemouth,Chelsea,D Coote,0,0,D,0,0,D,13,14,4,6,1,7,1,5,0,0,15,20
17-09-2023,Everton,Arsenal,S Hooper,0,1,A,0,0,D,8,13,1,4,1,11,1,1,0,0,12,10
18-09-2023,Nott'm Forest,Burnley,R Jones,1,1,D,0,1,A,14,10,4,3,5,4,2,3,0,1,16,10
23-09-2023,Crystal Palace,Fulham,P Tierney,0,0,D,0,0,D,7,10,3,5,3,2,3,2,0,0,10,15
23-09-2023,Luton,Wolves,J Smith,1,1,D,0,0,D,20,3,4,3,10,1,0,2,0,1,12,17
23-09-2023,Man City,Nott'm Forest,A Taylor,2,0,H,2,0,H,7,10,4,3,6,6,3,7,1,0,5,17
23-09-2023,Brentford,Everton,M Oliver,1,3,A,1,1,D,12,18,2,6,1,4,2,2,0,0,9,12
23-09-2023,Burnley,Man United,T Harrington,0,1,A,0,1,A,12,11,4,4,9,5,1,2,0,0,6,12
24-09-2023,Arsenal,Tottenham,R Jones,2,2,D,1,1,D,13,13,6,5,11,4,3,4,0,0,12,19
24-09-2023,Brighton,Bournemouth,J Brooks,3,1,H,1,1,D,13,12,4,4,4,4,3,3,0,0,12,17
24-09-2023,Chelsea,Aston Villa,J Gillett,0,1,A,0,0,D,10,15,4,7,5,11,2,3,0,0,9,11
24-09-2023,Liverpool,West Ham,C Kavanagh,3,1,H,1,1,D,22,11,7,4,7,4,0,2,0,0,12,13
24-09-2023,Sheffield United,Newcastle,S Attwell,0,8,A,0,3,A,9,22,1,15,2,6,3,0,0,0,12,8
30-09-2023,Aston Villa,Brighton,A Madley,6,1,H,3,0,H,19,11,9,3,1,3,4,4,0,0,19,21
30-09-2023,Bournemouth,Arsenal,M Salisbury,0,4,A,0,2,A,8,15,1,8,6,6,0,1,0,0,11,10
30-09-2023,Everton,Luton,A Taylor,1,2,A,1,2,A,23,9,5,2,3,6,0,1,0,0,8,10
30-09-2023,Man United,Crystal Palace,C Kavanagh,0,1,A,0,1,A,19,8,4,2,10,4,3,2,0,0,10,8
30-09-2023,Newcastle,Burnley,T Bramall,2,0,H,1,0,H,20,8,8,2,5,3,1,3,0,0,7,15
30-09-2023,West Ham,Sheffield United,G Scott,2,0,H,2,0,H,20,16,9,2,7,4,1,1,0,0,6,9
30-09-2023,Wolves,Man City,C Pawson,2,1,H,1,0,H,3,23,1,8,0,6,5,4,0,0,18,12
30-09-2023,Tottenham,Liverpool,S Hooper,2,1,H,1,1,D,24,12,8,4,12,5,5,4,0,2,11,17
01-10-2023,Nott'm Forest,Brentford,P Tierney,1,1,D,0,0,D,6,18,1,5,1,11,1,2,1,0,6,10
02-10-2023,Fulham,Chelsea,T Robinson,0,2,A,0,2,A,10,11,3,4,8,1,1,4,0,0,15,12
03-10-2023,Luton,Burnley,P Bankes,1,2,A,0,1,A,18,14,3,4,7,6,4,2,0,0,14,6
07-10-2023,Luton,Tottenham,J Brooks,0,1,A,0,0,D,12,15,2,4,5,6,2,1,0,1,16,7
07-10-2023,Burnley,Chelsea,S Attwell,1,4,A,1,1,D,10,9,3,5,7,3,2,4,0,0,11,8
07-10-2023,Everton,Bournemouth,D Coote,3,0,H,2,0,H,25,11,8,4,8,7,1,2,0,0,14,15
07-10-2023,Fulham,Sheffield United,S Barrott,3,1,H,0,0,D,20,5,6,2,9,4,1,2,0,0,8,10
07-10-2023,Man United,Brentford,A Madley,2,1,H,0,1,A,21,11,8,3,7,5,0,5,0,0,10,17
07-10-2023,Crystal Palace,Nott'm Forest,C Pawson,0,0,D,0,0,D,8,16,2,5,3,7,0,1,0,0,7,12
08-10-2023,Brighton,Liverpool,A Taylor,2,2,D,1,2,A,14,14,3,4,8,1,1,2,0,0,12,20
08-10-2023,West Ham,Newcastle,P Bankes,2,2,D,1,0,H,5,10,3,3,4,2,3,3,0,0,11,18
08-10-2023,Wolves,Aston Villa,R Jones,1,1,D,0,0,D,8,18,3,4,2,10,2,2,1,0,19,9
08-10-2023,Arsenal,Man City,M Oliver,1,0,H,0,0,D,12,4,2,1,5,4,2,3,0,0,8,7
21-10-2023,Liverpool,Everton,C Pawson,2,0,H,0,0,D,26,6,6,1,12,4,1,1,0,1,9,9
21-10-2023,Bournemouth,Wolves,P Tierney,1,2,A,1,0,H,7,20,4,7,3,12,2,6,1,0,15,10
21-10-2023,Brentford,Burnley,J Smith,3,0,H,1,0,H,23,6,10,1,5,5,5,2,0,1,14,12
21-10-2023,Man City,Brighton,R Jones,2,1,H,2,0,H,10,5,6,3,2,2,2,2,1,0,9,11
21-10-2023,Newcastle,Crystal Palace,T Robinson,4,0,H,3,0,H,10,17,7,3,6,8,2,3,0,0,7,12
21-10-2023,Nott'm Forest,Luton,S Barrott,2,2,D,0,0,D,19,13,8,4,4,2,3,0,0,0,12,11
21-10-2023,Chelsea,Arsenal,C Kavanagh,2,2,D,1,0,H,11,13,5,3,2,7,3,3,0,0,7,14
21-10-2023,Sheffield United,Man United,M Oliver,1,2,A,1,1,D,12,14,6,5,5,4,3,1,0,0,12,10
22-10-2023,Aston Villa,West Ham,D Coote,4,1,H,1,0,H,15,14,7,4,8,7,0,1,0,0,9,15
23-10-2023,Tottenham,Fulham,A Taylor,2,0,H,1,0,H,15,10,5,3,3,5,2,0,0,0,10,14
27-10-2023,Crystal Palace,Tottenham,A Madley,1,2,A,0,0,D,13,10,3,1,11,2,2,1,0,0,19,11
28-10-2023,Chelsea,Brentford,S Hooper,0,2,A,0,0,D,17,7,2,5,10,1,1,4,0,0,12,7
28-10-2023,Arsenal,Sheffield United,T Robinson,5,0,H,1,0,H,13,2,8,0,6,1,0,3,0,0,9,13
28-10-2023,Bournemouth,Burnley,S Barrott,2,1,H,1,1,D,13,6,6,3,10,5,2,3,0,0,9,12
28-10-2023,Wolves,Newcastle,A Taylor,2,2,D,1,2,A,11,13,6,5,8,7,1,4,0,0,13,15
29-10-2023,West Ham,Everton,S Attwell,0,1,A,0,0,D,12,10,2,4,4,3,4,1,0,0,7,11
29-10-2023,Aston Villa,Luton,J Brooks,3,1,H,1,0,H,17,7,6,1,6,4,3,2,0,0,11,10
29-10-2023,Brighton,Fulham,M Salisbury,1,1,D,1,0,H,18,10,7,5,7,3,0,3,0,0,12,8
29-10-2023,Liverpool,Nott'm Forest,C Kavanagh,3,0,H,2,0,H,21,9,8,1,8,3,2,3,0,0,9,13
29-10-2023,Man United,Man City,P Tierney,0,3,A,0,1,A,7,21,3,10,7,12,4,1,0,0,9,4
04-11-2023,Fulham,Man United,J Brooks,0,1,A,0,0,D,18,12,3,5,9,4,5,2,0,0,9,15
04-11-2023,Brentford,West Ham,T Bramall,3,2,H,1,2,A,16,12,4,2,4,3,1,4,0,0,12,14
04-11-2023,Burnley,Crystal Palace,P Bankes,0,2,A,0,1,A,17,4,5,3,12,1,0,5,0,0,9,12
04-11-2023,Everton,Brighton,T Robinson,1,1,D,1,0,H,10,7,4,2,3,3,4,2,0,0,15,5
04-11-2023,Man City,Bournemouth,C Pawson,6,1,H,3,0,H,21,5,8,1,12,1,0,1,0,0,8,9
04-11-2023,Sheffield United,Wolves,R Jones,2,1,H,0,0,D,11,10,2,3,4,4,2,3,0,0,13,10
04-11-2023,Newcastle,Arsenal,S Attwell,1,0,H,0,0,D,9,14,2,1,0,11,5,1,0,0,14,9
05-11-2023,Nott'm Forest,Aston Villa,J Gillett,2,0,H,1,0,H,5,13,3,3,0,10,1,1,0,0,6,9
05-11-2023,Luton,Liverpool,A Madley,1,1,D,0,0,D,8,24,5,6,4,7,1,1,0,0,7,13
06-11-2023,Tottenham,Chelsea,M Oliver,1,4,A,1,1,D,8,17,5,8,1,6,1,5,2,0,12,21
11-11-2023,Wolves,Tottenham,T Robinson,2,1,H,0,1,A,17,6,4,2,11,3,4,3,0,0,19,15
11-11-2023,Arsenal,Burnley,M Oliver,3,1,H,1,0,H,16,8,6,5,3,3,0,1,1,0,8,9
11-11-2023,Crystal Palace,Everton,S Barrott,2,3,A,1,1,D,13,8,4,4,9,2,1,4,0,0,9,18
11-11-2023,Man United,Luton,G Scott,1,0,H,0,0,D,15,10,4,4,11,3,0,2,0,0,9,11
11-11-2023,Bournemouth,Newcastle,C Kavanagh,2,0,H,0,0,D,19,8,10,5,6,5,2,1,0,0,10,4
12-11-2023,Aston Villa,Fulham,S Hooper,3,1,H,2,0,H,12,9,6,5,2,2,2,5,0,0,4,17
12-11-2023,Brighton,Sheffield United,J Brooks,1,1,D,1,0,H,11,9,6,1,6,3,3,2,1,0,13,16
12-11-2023,Liverpool,Brentford,P Tierney,3,0,H,1,0,H,17,16,10,3,6,8,1,2,0,0,16,12
12-11-2023,West Ham,Nott'm Forest,M Salisbury,3,2,H,1,1,D,16,10,6,5,9,4,2,2,0,0,9,12
12-11-2023,Chelsea,Man City,A Taylor,4,4,D,2,2,D,17,15,9,10,3,3,5,3,0,0,12,15
25-11-2023,Man City,Liverpool,C Kavanagh,1,1,D,1,0,H,16,8,5,3,9,6,1,3,0,0,9,11
25-11-2023,Burnley,West Ham,S Barrott,1,2,A,0,0,D,11,11,5,3,4,5,1,3,0,0,11,7
25-11-2023,Luton,Crystal Palace,J Gillett,2,1,H,0,0,D,8,16,3,8,4,5,6,1,0,0,15,12
25-11-2023,Newcastle,Chelsea,S Hooper,4,1,H,1,1,D,14,7,5,4,4,2,4,4,0,1,13,19
25-11-2023,Nott'm Forest,Brighton,A Taylor,2,3,A,1,2,A,18,11,5,5,6,4,2,4,0,1,12,7
25-11-2023,Sheffield United,Bournemouth,A Madley,1,3,A,0,2,A,10,23,2,11,4,7,4,1,0,0,6,8
25-11-2023,Brentford,Arsenal,T Robinson,0,1,A,0,0,D,9,15,3,4,1,8,1,1,0,0,9,7
26-11-2023,Tottenham,Aston Villa,R Jones,1,2,A,1,1,D,18,15,8,5,9,3,0,4,0,0,11,13
26-11-2023,Everton,Man United,J Brooks,0,3,A,0,1,A,24,9,6,4,6,5,3,0,0,0,10,8
27-11-2023,Fulham,Wolves,M Salisbury,3,2,H,1,1,D,12,10,6,6,6,2,2,2,0,0,13,13
02-12-2023,Arsenal,Wolves,P Bankes,2,1,H,2,0,H,19,6,6,3,4,0,1,2,0,0,10,10
02-12-2023,Brentford,Luton,A Taylor,3,1,H,0,0,D,27,7,6,1,7,5,1,2,0,0,10,8
02-12-2023,Burnley,Sheffield United,C Kavanagh,5,0,H,2,0,H,19,6,7,3,6,1,2,5,0,1,9,12
02-12-2023,Nott'm Forest,Everton,P Tierney,0,1,A,0,0,D,13,12,2,3,4,3,1,0,0,0,15,14
02-12-2023,Newcastle,Man United,R Jones,1,0,H,0,0,D,22,8,4,1,7,3,1,2,0,0,6,13
03-12-2023,Bournemouth,Aston Villa,T Bramall,2,2,D,1,1,D,15,11,7,3,7,7,5,3,0,0,16,12
03-12-2023,Chelsea,Brighton,C Pawson,3,2,H,2,1,H,8,18,5,9,5,8,3,5,1,0,16,12
03-12-2023,Liverpool,Fulham,S Attwell,4,3,H,2,2,D,26,9,12,5,3,4,0,0,0,0,6,7
03-12-2023,West Ham,Crystal Palace,M Oliver,1,1,D,1,0,H,9,9,3,2,2,3,2,0,0,0,17,7
03-12-2023,Man City,Tottenham,S Hooper,3,3,D,2,1,H,18,8,4,4,10,8,4,4,0,0,14,14
05-12-2023,Wolves,Burnley,J Gillett,1,0,H,1,0,H,7,12,4,3,6,8,2,4,0,0,11,15
05-12-2023,Luton,Arsenal,S Barrott,3,4,A,1,2,A,6,23,4,9,3,8,2,1,0,0,14,7
06-12-2023,Brighton,Brentford,P Bankes,2,1,H,1,1,D,18,8,7,2,7,3,3,1,0,0,10,8
06-12-2023,Crystal Palace,Bournemouth,C Pawson,0,2,A,0,1,A,16,11,3,4,3,9,1,3,0,0,10,17
06-12-2023,Fulham,Nott'm Forest,J Smith,5,0,H,2,0,H,14,4,6,1,6,1,0,1,0,0,7,10
06-12-2023,Sheffield United,Liverpool,S Hooper,0,2,A,0,1,A,6,15,1,8,2,12,2,3,0,0,12,8
06-12-2023,Aston Villa,Man City,J Brooks,1,0,H,0,0,D,22,2,7,2,6,0,2,2,0,0,13,13
06-12-2023,Man United,Chelsea,C Kavanagh,2,1,H,1,1,D,28,13,9,3,12,4,4,0,0,0,12,12
07-12-2023,Everton,Newcastle,T Robinson,3,0,H,0,0,D,21,13,6,3,5,2,3,0,0,0,18,8
07-12-2023,Tottenham,West Ham,M Salisbury,1,2,A,1,0,H,23,11,7,5,8,4,3,3,0,0,11,12
09-12-2023,Crystal Palace,Liverpool,A Madley,1,2,A,0,0,D,8,14,4,2,6,5,5,2,1,0,17,17
09-12-2023,Brighton,Burnley,S Hooper,1,1,D,0,1,A,29,6,11,3,9,1,0,4,0,0,5,8
09-12-2023,Man United,Bournemouth,P Bankes,0,3,A,0,1,A,20,10,3,4,10,4,3,1,0,0,7,10
09-12-2023,Sheffield United,Brentford,S Attwell,1,0,H,1,0,H,9,10,4,4,3,4,5,1,0,0,14,13
09-12-2023,Wolves,Nott'm Forest,S Barrott,1,1,D,1,1,D,10,8,4,2,4,3,0,1,0,0,9,11
09-12-2023,Aston Villa,Arsenal,J Gillett,1,0,H,1,0,H,10,12,3,5,3,3,4,2,0,0,16,11
10-12-2023,Everton,Chelsea,M Oliver,2,0,H,0,0,D,9,16,5,4,4,8,2,2,0,0,12,12
10-12-2023,Fulham,West Ham,P Tierney,5,0,H,3,0,H,14,9,8,5,3,6,2,1,0,0,5,10
10-12-2023,Luton,Man City,T Robinson,1,2,A,1,0,H,4,18,2,6,6,3,2,1,0,0,16,6
10-12-2023,Tottenham,Newcastle,C Kavanagh,4,1,H,2,0,H,23,9,12,3,3,6,1,3,0,0,10,12
15-12-2023,Nott'm Forest,Tottenham,J Gillett,0,2,A,0,1,A,15,12,1,6,6,4,2,4,0,1,16,11
16-12-2023,Chelsea,Sheffield United,A Madley,2,0,H,0,0,D,15,6,6,1,7,6,1,3,0,0,9,14
16-12-2023,Man City,Crystal Palace,P Tierney,2,2,D,1,0,H,19,5,9,2,6,1,1,1,0,0,12,9
16-12-2023,Newcastle,Fulham,S Barrott,3,0,H,0,0,D,27,6,10,4,5,1,0,2,0,1,7,12
16-12-2023,Burnley,Everton,A Taylor,0,2,A,0,2,A,14,9,2,6,8,6,0,1,0,0,9,8
17-12-2023,Arsenal,Brighton,T Robinson,2,0,H,0,0,D,26,6,9,1,10,1,1,3,0,0,11,9
17-12-2023,Brentford,Aston Villa,D Coote,1,2,A,1,0,H,4,15,3,5,7,12,6,4,1,1,19,6
17-12-2023,West Ham,Wolves,C Kavanagh,3,0,H,2,0,H,13,14,4,3,6,6,3,1,0,0,12,15
17-12-2023,Liverpool,Man United,M Oliver,0,0,D,0,0,D,34,6,8,1,12,0,2,4,0,1,13,8
21-12-2023,Crystal Palace,Brighton,J Brooks,1,1,D,1,0,H,11,18,3,6,3,1,5,2,0,0,12,11
22-12-2023,Aston Villa,Sheffield United,A Taylor,1,1,D,0,0,D,12,5,4,2,9,1,3,3,0,0,11,16
23-12-2023,West Ham,Man United,S Hooper,2,0,H,0,0,D,12,11,5,3,4,4,2,3,0,0,13,15
23-12-2023,Fulham,Burnley,R Welch,0,2,A,0,0,D,19,7,5,2,8,6,2,1,0,0,5,17
23-12-2023,Luton,Newcastle,D England,1,0,H,1,0,H,16,15,5,2,6,7,2,1,0,0,11,5
23-12-2023,Nott'm Forest,Bournemouth,R Jones,2,3,A,0,0,D,11,18,5,7,6,6,0,3,1,0,10,10
23-12-2023,Tottenham,Everton,S Attwell,2,1,H,2,0,H,13,18,6,8,3,8,1,4,0,0,6,18
23-12-2023,Liverpool,Arsenal,C Kavanagh,1,1,D,1,1,D,13,13,3,2,4,5,2,5,0,0,13,14
24-12-2023,Wolves,Chelsea,D Coote,2,1,H,0,0,D,14,16,6,5,10,6,3,5,0,0,11,9
26-12-2023,Newcastle,Nott'm Forest,C Kavanagh,1,3,A,1,1,D,19,15,7,6,10,2,3,3,0,0,10,11
26-12-2023,Bournemouth,Fulham,T Robinson,3,0,H,1,0,H,16,8,4,3,6,5,0,2,0,0,10,10
26-12-2023,Sheffield United,Luton,S Allison,2,3,A,0,1,A,21,12,6,4,9,4,5,0,0,0,13,13
26-12-2023,Burnley,Liverpool,P Tierney,0,2,A,0,1,A,9,19,0,10,4,4,2,1,0,0,7,10
26-12-2023,Man United,Aston Villa,C Pawson,3,2,H,0,2,A,13,10,7,4,3,6,1,3,0,0,10,10
27-12-2023,Brentford,Wolves,A Madley,1,4,A,1,3,A,14,11,4,5,8,2,1,1,0,0,5,14
27-12-2023,Chelsea,Crystal Palace,M Salisbury,2,1,H,1,1,D,9,13,4,5,4,3,3,2,0,0,13,16
27-12-2023,Everton,Man City,J Brooks,1,3,A,1,0,H,7,23,2,9,8,4,4,2,0,0,13,5
28-12-2023,Brighton,Tottenham,J Gillett,4,2,H,2,0,H,15,19,9,3,7,6,3,2,0,0,18,6
28-12-2023,Arsenal,West Ham,M Oliver,0,2,A,0,1,A,30,6,8,3,10,3,2,0,0,0,8,8
30-12-2023,Luton,Chelsea,P Tierney,2,3,A,0,2,A,15,12,6,8,7,2,2,2,0,0,14,21
30-12-2023,Aston Villa,Burnley,S Attwell,3,2,H,2,1,H,19,9,7,5,6,2,4,1,0,1,9,14
30-12-2023,Crystal Palace,Brentford,R Jones,3,1,H,2,1,H,13,9,6,4,7,4,0,1,0,0,14,10
30-12-2023,Man City,Sheffield United,D Coote,2,0,H,1,0,H,18,4,4,2,12,2,1,1,0,0,5,6
30-12-2023,Wolves,Everton,T Bramall,3,0,H,1,0,H,12,10,6,0,5,2,2,3,0,0,9,14
30-12-2023,Nott'm Forest,Man United,T Robinson,2,1,H,0,0,D,8,10,2,5,4,5,2,4,0,0,9,11
31-12-2023,Fulham,Arsenal,J Smith,2,1,H,1,1,D,15,13,4,3,5,4,4,1,0,0,11,10
31-12-2023,Tottenham,Bournemouth,S Hooper,3,1,H,1,0,H,12,24,6,4,4,13,3,3,0,0,9,18
01-01-2024,Liverpool,Newcastle,A Taylor,4,2,H,0,0,D,34,5,15,3,7,3,3,5,0,0,16,15
02-01-2024,West Ham,Brighton,S Barrott,0,0,D,0,0,D,6,22,2,8,2,0,1,0,0,0,4,6
12-01-2024,Burnley,Luton,T Harrington,1,1,D,1,0,H,13,14,7,5,2,8,1,0,0,0,7,12
13-01-2024,Chelsea,Fulham,A Taylor,1,0,H,1,0,H,17,14,3,4,6,4,5,1,0,0,13,9
13-01-2024,Newcastle,Man City,C Kavanagh,2,3,A,2,1,H,12,27,5,11,3,13,1,2,0,0,7,7
14-01-2024,Everton,Aston Villa,D Coote,0,0,D,0,0,D,10,16,2,5,4,5,1,4,0,0,13,14
14-01-2024,Man United,Tottenham,J Brooks,2,2,D,2,1,H,9,16,2,6,8,13,2,1,0,0,8,5
20-01-2024,Arsenal,Crystal Palace,P Tierney,5,0,H,2,0,H,21,12,6,5,6,7,0,0,0,0,8,12
20-01-2024,Brentford,Nott'm Forest,D England,3,2,H,1,1,D,11,12,5,3,6,4,1,3,0,0,10,14
21-01-2024,Sheffield United,West Ham,M Salisbury,2,2,D,1,1,D,21,16,6,5,4,1,3,1,1,1,11,10
21-01-2024,Bournemouth,Liverpool,A Madley,0,4,A,0,0,D,11,14,1,7,8,5,1,2,0,0,9,12
22-01-2024,Brighton,Wolves,C Pawson,0,0,D,0,0,D,11,8,4,3,8,2,1,4,0,0,10,13
30-01-2024,Nott'm Forest,Arsenal,S Hooper,1,2,A,0,0,D,9,19,3,3,2,11,0,1,0,0,6,7
30-01-2024,Fulham,Everton,T Bramall,0,0,D,0,0,D,25,21,6,4,15,6,1,2,0,0,6,13
30-01-2024,Luton,Brighton,R Jones,4,0,H,3,0,H,18,9,8,2,7,4,2,2,0,0,13,14
30-01-2024,Crystal Palace,Sheffield United,T Harrington,3,2,H,2,2,D,12,9,4,5,11,1,1,4,0,0,8,18
30-01-2024,Aston Villa,Newcastle,J Brooks,1,3,A,0,2,A,12,14,6,5,8,7,4,1,0,0,14,12
31-01-2024,Man City,Burnley,S Barrott,3,1,H,2,0,H,14,8,4,3,7,3,2,2,0,0,3,13
31-01-2024,Tottenham,Brentford,D Coote,3,2,H,0,1,A,19,9,5,5,5,3,2,3,0,0,13,15
31-01-2024,Liverpool,Chelsea,P Tierney,4,1,H,2,0,H,28,4,13,3,8,1,2,4,0,0,15,16
01-02-2024,West Ham,Bournemouth,T Robinson,1,1,D,0,1,A,9,9,3,4,1,5,1,3,0,0,13,11
01-02-2024,Wolves,Man United,J Gillett,3,4,A,0,2,A,16,21,7,8,4,5,2,5,0,0,10,10
03-02-2024,Everton,Tottenham,M Oliver,2,2,D,1,2,A,14,9,5,6,9,5,3,0,0,0,8,14
03-02-2024,Brighton,Crystal Palace,S Hooper,4,1,H,3,0,H,13,7,6,5,3,2,1,3,0,0,8,14
03-02-2024,Burnley,Fulham,D Bond,2,2,D,0,2,A,12,15,4,7,2,13,2,2,0,0,11,7
03-02-2024,Newcastle,Luton,T Bramall,4,4,D,2,2,D,19,11,6,8,8,2,2,2,0,0,13,16
03-02-2024,Sheffield United,Aston Villa,P Tierney,0,5,A,0,4,A,10,14,5,10,3,4,1,0,0,0,10,7
04-02-2024,Bournemouth,Nott'm Forest,R Welch,1,1,D,1,1,D,9,8,2,6,11,6,3,2,1,0,19,12
04-02-2024,Chelsea,Wolves,T Robinson,2,4,A,1,2,A,15,14,6,7,10,1,3,2,0,0,15,11
04-02-2024,Man United,West Ham,A Madley,3,0,H,1,0,H,12,22,5,3,5,8,0,1,0,0,10,5
04-02-2024,Arsenal,Liverpool,A Taylor,3,1,H,1,1,D,15,10,7,1,2,4,6,2,0,1,11,11
05-02-2024,Brentford,Man City,J Gillett,1,3,A,1,1,D,9,25,3,15,8,13,1,0,0,0,2,4
10-02-2024,Man City,Everton,J Brooks,2,0,H,0,0,D,19,5,3,1,9,0,0,2,0,0,6,11
10-02-2024,Fulham,Bournemouth,D England,3,1,H,2,0,H,7,25,6,4,1,14,1,2,0,0,11,11
10-02-2024,Liverpool,Burnley,T Robinson,3,1,H,1,1,D,25,9,10,4,9,3,3,2,0,0,11,13
10-02-2024,Luton,Sheffield United,C Kavanagh,1,3,A,0,2,A,20,7,5,3,13,1,1,2,0,0,7,12
10-02-2024,Tottenham,Brighton,S Barrott,2,1,H,0,1,A,16,6,6,3,9,6,2,3,0,0,14,13
10-02-2024,Wolves,Brentford,S Hooper,0,2,A,0,1,A,17,9,5,6,7,4,2,3,0,0,11,9
10-02-2024,Nott'm Forest,Newcastle,A Taylor,2,3,A,2,2,D,13,7,3,5,4,4,1,2,0,0,9,6
11-02-2024,West Ham,Arsenal,C Pawson,0,6,A,0,4,A,5,25,1,12,2,6,4,0,0,0,17,11
11-02-2024,Aston Villa,Man United,R Jones,1,2,A,0,1,A,23,17,10,5,10,8,3,2,0,0,9,7
12-02-2024,Crystal Palace,Chelsea,M Oliver,1,3,A,1,0,H,13,14,4,5,1,7,2,2,0,0,14,7
17-02-2024,Brentford,Liverpool,M Oliver,1,4,A,0,1,A,15,15,6,8,1,6,2,1,0,0,4,18
17-02-2024,Burnley,Arsenal,J Gillett,0,5,A,0,2,A,8,16,0,7,4,6,2,1,0,0,11,8
17-02-2024,Fulham,Aston Villa,L Smith,1,2,A,0,1,A,15,12,4,3,4,4,5,2,0,0,11,6
17-02-2024,Newcastle,Bournemouth,M Salisbury,2,2,D,0,0,D,17,12,5,7,4,2,1,3,0,0,9,22
17-02-2024,Nott'm Forest,West Ham,T Bramall,2,0,H,1,0,H,19,10,8,3,5,3,4,4,0,1,13,15
17-02-2024,Tottenham,Wolves,A Taylor,1,2,A,0,1,A,15,12,4,7,10,4,0,1,0,0,8,13
17-02-2024,Man City,Chelsea,A Madley,1,1,D,0,1,A,31,9,5,6,12,1,1,3,0,0,7,12
18-02-2024,Sheffield United,Brighton,S Attwell,0,5,A,0,2,A,6,24,1,10,5,10,1,4,1,0,3,5
18-02-2024,Luton,Man United,D Coote,1,2,A,1,2,A,22,21,4,9,8,6,3,5,0,0,7,21
19-02-2024,Everton,Crystal Palace,P Tierney,1,1,D,0,0,D,19,10,4,4,3,6,0,2,0,0,8,12
20-02-2024,Man City,Brentford,D England,1,0,H,0,0,D,25,6,11,2,10,1,2,4,0,0,12,6
21-02-2024,Liverpool,Luton,A Madley,4,1,H,0,1,A,29,12,13,3,13,4,1,4,0,0,15,14
24-02-2024,Aston Villa,Nott'm Forest,S Barrott,4,2,H,3,1,H,16,10,6,3,7,2,1,2,0,0,7,16
24-02-2024,Brighton,Everton,T Harrington,1,1,D,0,0,D,23,6,7,3,11,3,2,3,1,0,9,14
24-02-2024,Crystal Palace,Burnley,L Smith,3,0,H,0,0,D,15,2,6,0,12,3,3,1,0,1,8,13
24-02-2024,Man United,Fulham,M Oliver,1,2,A,0,0,D,21,17,9,5,10,9,2,5,0,0,6,11
24-02-2024,Bournemouth,Man City,J Gillett,0,1,A,0,1,A,13,15,4,6,3,8,2,2,0,0,14,6
24-02-2024,Arsenal,Newcastle,P Tierney,4,1,H,2,0,H,18,3,8,2,9,0,1,0,0,0,15,6
25-02-2024,Wolves,Sheffield United,D Bond,1,0,H,1,0,H,13,12,2,4,5,6,2,1,0,0,8,4
26-02-2024,West Ham,Brentford,S Hooper,4,2,H,2,1,H,17,14,6,8,1,7,1,2,0,0,5,9
02-03-2024,Brentford,Chelsea,J Gillett,2,2,D,0,1,A,14,17,5,6,0,6,3,1,0,0,10,9
02-03-2024,Everton,West Ham,C Pawson,1,3,A,0,0,D,22,12,11,5,4,5,1,2,0,0,9,6
02-03-2024,Fulham,Brighton,S Hooper,3,0,H,2,0,H,12,15,5,5,2,6,1,2,0,0,16,10
02-03-2024,Newcastle,Wolves,T Robinson,3,0,H,2,0,H,14,12,7,3,3,5,0,1,0,0,8,11
02-03-2024,Nott'm Forest,Liverpool,P Tierney,0,1,A,0,0,D,8,22,2,2,3,12,2,2,0,0,11,12
02-03-2024,Tottenham,Crystal Palace,J Brooks,3,1,H,0,0,D,14,4,6,1,11,1,1,2,0,0,7,16
02-03-2024,Luton,Aston Villa,M Oliver,2,3,A,0,2,A,13,12,5,8,8,6,1,4,0,0,8,19
03-03-2024,Burnley,Bournemouth,D Coote,0,2,A,0,1,A,20,10,6,3,7,2,2,4,0,0,8,13
03-03-2024,Man City,Man United,A Madley,3,1,H,0,1,A,27,3,8,1,15,2,0,1,0,0,5,10
04-03-2024,Sheffield United,Arsenal,S Barrott,0,6,A,0,5,A,4,22,0,10,0,7,1,0,0,0,11,4
09-03-2024,Man United,Everton,S Hooper,2,0,H,2,0,H,15,23,8,6,5,8,1,2,0,0,13,11
09-03-2024,Bournemouth,Sheffield United,A Taylor,2,2,D,0,1,A,32,13,12,9,10,3,3,5,0,0,12,11
09-03-2024,Crystal Palace,Luton,S Singh,1,1,D,1,0,H,21,8,4,2,8,6,2,3,0,0,20,11
09-03-2024,Wolves,Fulham,T Harrington,2,1,H,0,0,D,8,23,3,6,3,4,2,2,0,0,7,11
09-03-2024,Arsenal,Brentford,R Jones,2,1,H,1,1,D,17,9,6,4,10,4,2,4,0,0,9,10
10-03-2024,Aston Villa,Tottenham,C Kavanagh,0,4,A,0,0,D,10,9,1,5,6,4,0,2,1,0,11,15
10-03-2024,Brighton,Nott'm Forest,M Salisbury,1,0,H,1,0,H,10,9,3,4,6,3,4,4,0,0,14,14
10-03-2024,West Ham,Burnley,D England,2,2,D,0,2,A,22,11,4,4,4,4,2,4,0,0,11,18
10-03-2024,Liverpool,Man City,M Oliver,1,1,D,0,1,A,19,10,6,6,7,4,0,3,0,0,6,10
11-03-2024,Chelsea,Newcastle,J Brooks,3,2,H,1,1,D,12,11,8,3,0,4,3,1,0,0,12,7
13-03-2024,Bournemouth,Luton,S Allison,4,3,H,0,3,A,24,8,10,4,11,3,1,2,0,0,16,11
16-03-2024,Burnley,Brentford,D Bond,2,1,H,1,0,H,17,9,6,5,5,4,2,4,0,1,14,17
16-03-2024,Luton,Nott'm Forest,D England,1,1,D,0,1,A,10,16,4,6,6,7,1,2,0,0,10,17
16-03-2024,Fulham,Tottenham,R Jones,3,0,H,1,0,H,16,14,7,5,4,5,2,3,0,0,9,10
17-03-2024,West Ham,Aston Villa,J Gillett,1,1,D,1,0,H,13,13,5,5,7,11,3,3,0,0,13,12
30-03-2024,Newcastle,West Ham,R Jones,4,3,H,1,2,A,24,10,9,4,3,4,1,1,1,0,9,8
30-03-2024,Bournemouth,Everton,S Barrott,2,1,H,0,0,D,11,7,4,3,9,8,1,2,0,0,14,11
30-03-2024,Chelsea,Burnley,D England,2,2,D,1,0,H,33,18,13,7,12,4,2,2,0,1,12,7
30-03-2024,Nott'm Forest,Crystal Palace,C Kavanagh,1,1,D,0,1,A,12,10,5,3,4,6,1,1,0,0,14,12
30-03-2024,Sheffield United,Fulham,T Robinson,3,3,D,0,0,D,8,24,4,9,2,15,4,1,0,0,10,13
30-03-2024,Tottenham,Luton,J Gillett,2,1,H,0,1,A,17,7,4,3,3,6,2,4,0,0,16,14
30-03-2024,Aston Villa,Wolves,P Tierney,2,0,H,1,0,H,11,13,5,3,5,4,3,4,0,0,11,19
30-03-2024,Brentford,Man United,S Hooper,1,1,D,0,0,D,31,11,5,5,14,4,2,2,0,0,7,14
31-03-2024,Liverpool,Brighton,D Coote,2,1,H,1,1,D,30,9,8,3,8,4,5,3,0,0,20,6
31-03-2024,Man City,Arsenal,A Taylor,0,0,D,0,0,D,12,6,1,2,7,4,0,2,0,0,9,20
02-04-2024,Newcastle,Everton,T Harrington,1,1,D,1,0,H,18,10,6,3,7,3,0,3,0,0,9,14
02-04-2024,Nott'm Forest,Fulham,M Oliver,3,1,H,3,0,H,16,18,4,3,3,8,0,0,0,0,7,8
02-04-2024,Bournemouth,Crystal Palace,G Scott,1,0,H,0,0,D,11,3,6,2,9,2,3,2,0,0,13,14
02-04-2024,Burnley,Wolves,T Bramall,1,1,D,1,1,D,13,8,6,2,7,4,0,2,0,0,10,12
02-04-2024,West Ham,Tottenham,J Brooks,1,1,D,1,1,D,11,13,4,4,9,5,1,4,0,0,13,9
03-04-2024,Arsenal,Luton,C Pawson,2,0,H,2,0,H,13,5,4,1,3,1,1,1,0,0,12,8
03-04-2024,Brentford,Brighton,A Madley,0,0,D,0,0,D,5,24,2,6,1,5,1,1,0,0,9,12
03-04-2024,Man City,Aston Villa,D England,4,1,H,2,1,H,25,8,11,3,2,3,1,2,0,0,6,13
04-04-2024,Liverpool,Sheffield United,S Attwell,3,1,H,1,0,H,29,8,9,3,13,1,0,1,0,0,6,9
04-04-2024,Chelsea,Man United,J Gillett,4,3,H,2,2,D,28,19,10,5,12,3,3,0,0,0,7,15
06-04-2024,Crystal Palace,Man City,P Tierney,2,4,A,1,1,D,7,18,4,8,2,9,1,1,0,0,13,3
06-04-2024,Aston Villa,Brentford,M Salisbury,3,3,D,1,0,H,11,8,3,3,11,3,2,2,0,0,15,11
06-04-2024,Everton,Burnley,M Oliver,1,0,H,1,0,H,12,6,3,1,3,5,2,1,0,1,11,13
06-04-2024,Fulham,Newcastle,S Allison,0,1,A,0,0,D,14,12,4,5,14,3,1,2,0,0,10,13
06-04-2024,Luton,Bournemouth,A Madley,2,1,H,0,0,D,19,8,9,1,7,2,0,0,0,0,7,14
06-04-2024,Wolves,West Ham,T Harrington,1,2,A,1,0,H,14,11,7,4,4,4,5,2,0,0,15,7
06-04-2024,Brighton,Arsenal,J Brooks,0,3,A,0,1,A,10,20,2,7,8,7,1,2,0,0,14,13
07-04-2024,Man United,Liverpool,A Taylor,2,2,D,0,1,A,9,28,5,7,6,11,5,2,0,0,9,10
07-04-2024,Sheffield United,Chelsea,R Jones,2,2,D,1,1,D,11,6,6,3,7,6,4,2,0,0,12,10
07-04-2024,Tottenham,Nott'm Forest,S Hooper,3,1,H,1,1,D,17,13,7,6,12,2,2,3,0,0,11,12
13-04-2024,Newcastle,Tottenham,T Robinson,4,0,H,2,0,H,18,11,5,2,16,3,0,4,0,0,14,12
13-04-2024,Brentford,Sheffield United,S Barrott,2,0,H,0,0,D,9,8,5,2,3,6,3,1,0,0,8,11
13-04-2024,Burnley,Brighton,S Hooper,1,1,D,0,0,D,11,20,3,8,4,5,1,2,0,0,18,8
13-04-2024,Man City,Luton,J Brooks,5,1,H,1,0,H,33,4,13,2,12,1,1,0,0,0,7,6
13-04-2024,Nott'm Forest,Wolves,C Pawson,2,2,D,1,1,D,18,11,9,4,10,1,2,3,0,0,15,10
13-04-2024,Bournemouth,Man United,T Harrington,2,2,D,2,1,H,20,8,5,2,7,2,4,0,0,0,13,14
14-04-2024,Liverpool,Crystal Palace,C Kavanagh,0,1,A,0,1,A,21,8,6,5,11,1,1,1,0,0,10,10
14-04-2024,West Ham,Fulham,S Attwell,0,2,A,0,1,A,15,18,4,10,8,3,1,2,0,0,6,13
14-04-2024,Arsenal,Aston Villa,D Coote,0,2,A,0,0,D,18,11,4,2,4,6,3,1,0,0,12,7
15-04-2024,Chelsea,Everton,P Tierney,6,0,H,4,0,H,14,10,10,2,4,8,1,4,0,0,5,21
20-04-2024,Luton,Brentford,J Gillett,1,5,A,0,2,A,6,21,3,9,4,9,1,2,0,0,13,9
20-04-2024,Sheffield United,Burnley,A Madley,1,4,A,0,2,A,18,16,11,9,11,2,1,0,0,0,10,9
20-04-2024,Wolves,Arsenal,P Tierney,0,2,A,0,1,A,5,24,3,9,1,2,3,2,0,0,14,9
21-04-2024,Everton,Nott'm Forest,A Taylor,2,0,H,1,0,H,7,8,4,3,6,4,3,2,0,0,15,9
21-04-2024,Aston Villa,Bournemouth,T Robinson,3,1,H,1,1,D,14,14,4,6,8,4,1,3,0,0,8,14
21-04-2024,Crystal Palace,West Ham,G Scott,5,2,H,4,1,H,18,4,7,1,4,0,3,2,0,0,9,9
21-04-2024,Fulham,Liverpool,C Pawson,1,3,A,1,1,D,12,14,5,7,1,4,3,0,0,0,5,11
23-04-2024,Arsenal,Chelsea,S Hooper,5,0,H,1,0,H,27,7,10,1,4,2,2,2,0,0,12,11
24-04-2024,Wolves,Bournemouth,S Attwell,0,1,A,0,1,A,15,21,4,6,8,12,4,1,0,1,10,17
24-04-2024,Crystal Palace,Newcastle,T Bramall,2,0,H,0,0,D,20,7,7,2,7,2,3,3,0,0,10,15
24-04-2024,Everton,Liverpool,A Madley,2,0,H,1,0,H,16,23,6,7,4,13,0,3,0,0,6,13
24-04-2024,Man United,Sheffield United,M Salisbury,4,2,H,1,1,D,25,10,13,4,9,4,0,1,0,0,7,9
25-04-2024,Brighton,Man City,J Gillett,0,4,A,0,3,A,7,14,3,6,4,4,2,0,0,0,10,3
27-04-2024,West Ham,Liverpool,A Taylor,2,2,D,1,0,H,11,28,8,8,5,8,0,2,0,0,8,10
27-04-2024,Fulham,Crystal Palace,S Attwell,1,1,D,0,0,D,9,14,2,4,5,9,0,2,0,0,11,15
27-04-2024,Man United,Burnley,J Brooks,1,1,D,0,0,D,27,16,10,7,6,5,1,3,0,0,7,11
27-04-2024,Newcastle,Sheffield United,T Harrington,5,1,H,1,1,D,20,15,7,5,4,5,0,0,0,0,9,10
27-04-2024,Wolves,Luton,D Coote,2,1,H,1,0,H,13,9,5,6,4,4,3,1,0,0,14,14
27-04-2024,Everton,Brentford,D England,1,0,H,0,0,D,18,10,1,4,6,6,1,2,0,0,10,12
27-04-2024,Aston Villa,Chelsea,C Pawson,2,2,D,2,0,H,9,21,4,5,2,4,3,5,0,0,13,14
28-04-2024,Bournemouth,Brighton,P Tierney,3,0,H,1,0,H,15,13,6,1,8,2,2,2,0,0,14,10
28-04-2024,Tottenham,Arsenal,M Oliver,2,3,A,0,3,A,14,9,2,3,8,6,2,1,0,0,12,16
28-04-2024,Nott'm Forest,Man City,S Hooper,0,2,A,0,1,A,14,11,2,5,4,5,0,0,0,0,8,6
02-05-2024,Chelsea,Tottenham,R Jones,2,0,H,1,0,H,16,19,5,3,4,9,0,1,0,0,12,16
03-05-2024,Luton,Everton,T Robinson,1,1,D,1,1,D,18,10,5,3,8,7,1,3,0,0,14,12
04-05-2024,Arsenal,Bournemouth,D Coote,3,0,H,1,0,H,25,7,9,2,6,1,2,3,0,0,16,12
04-05-2024,Brentford,Fulham,G Scott,0,0,D,0,0,D,7,15,3,3,7,6,1,1,0,0,3,6
04-05-2024,Burnley,Newcastle,A Taylor,1,4,A,0,3,A,17,23,5,11,4,11,2,2,0,0,8,8
04-05-2024,Sheffield United,Nott'm Forest,C Kavanagh,1,3,A,1,1,D,17,15,5,4,5,3,0,1,1,0,9,7
04-05-2024,Man City,Wolves,C Pawson,5,1,H,3,0,H,20,2,12,1,6,0,0,4,0,0,4,17
05-05-2024,Brighton,Aston Villa,R Jones,1,0,H,0,0,D,15,2,8,1,7,3,2,1,0,0,13,10
05-05-2024,Chelsea,West Ham,A Madley,5,0,H,3,0,H,25,13,14,2,8,6,1,3,0,0,12,10
05-05-2024,Liverpool,Tottenham,P Tierney,4,2,H,2,0,H,25,11,13,6,8,3,1,4,0,0,14,12
06-05-2024,Crystal Palace,Man United,J Gillett ,4,0,H,2,0,H,18,7,10,2,6,3,1,1,0,0,12,8
11-05-2024,Fulham,Man City,A Taylor,0,4,A,0,1,A,1,16,1,9,1,7,1,0,1,0,9,6
11-05-2024,Bournemouth,Brentford,M Donohue,1,2,A,0,0,D,13,11,4,5,3,8,2,2,0,0,16,12
11-05-2024,Everton,Sheffield United,S Attwell,1,0,H,1,0,H,15,13,6,1,3,6,1,2,0,0,6,11
11-05-2024,Newcastle,Brighton,D England,1,1,D,1,1,D,18,15,7,4,8,4,3,4,0,0,9,16
11-05-2024,Tottenham,Burnley,J Gillett,2,1,H,1,1,D,21,7,9,3,9,3,3,5,0,0,10,14
11-05-2024,West Ham,Luton,M Oliver,3,1,H,0,1,A,24,4,8,1,7,6,1,3,0,0,9,15
11-05-2024,Wolves,Crystal Palace,T Bramall,1,3,A,0,2,A,13,13,7,3,8,3,3,2,0,1,13,12
11-05-2024,Nott'm Forest,Chelsea,T Harrington,2,3,A,1,1,D,20,12,4,5,5,6,2,3,0,0,14,8
12-05-2024,Man United,Arsenal,P Tierney,0,1,A,0,1,A,14,11,2,5,4,7,0,2,0,0,5,6
13-05-2024,Aston Villa,Liverpool,S Hooper,3,3,D,1,2,A,19,14,5,7,5,4,1,1,0,0,11,15
14-05-2024,Tottenham,Man City,C Kavanagh,0,2,A,0,0,D,10,8,5,5,7,4,3,3,0,0,14,11
15-05-2024,Brighton,Chelsea,M Salisbury,1,2,A,0,1,A,12,13,2,6,4,6,2,2,0,1,13,14
15-05-2024,Man United,Newcastle,R Jones,3,2,H,1,0,H,17,21,8,8,9,9,3,3,0,0,16,7
19-05-2024,Arsenal,Everton,M Oliver,2,1,H,1,1,D,26,5,5,2,8,1,4,3,0,0,8,11
19-05-2024,Brentford,Newcastle,S Hooper,2,4,A,0,3,A,10,12,5,7,3,0,4,4,0,0,15,11
19-05-2024,Brighton,Man United,C Pawson,0,2,A,0,0,D,17,11,3,4,7,5,1,3,0,0,10,9
19-05-2024,Burnley,Nott'm Forest,G Scott,1,2,A,0,2,A,20,12,3,6,4,3,1,0,0,0,11,5
19-05-2024,Chelsea,Bournemouth,A Taylor,2,1,H,1,0,H,16,22,6,5,6,5,2,3,0,0,5,9
19-05-2024,Crystal Palace,Aston Villa,D Bond,5,0,H,2,0,H,15,8,9,2,2,4,1,4,0,0,10,8
19-05-2024,Liverpool,Wolves,C Kavanagh,2,0,H,2,0,H,36,4,14,3,10,2,1,1,0,1,14,11
19-05-2024,Luton,Fulham,M Donohue,2,4,A,1,2,A,15,15,6,7,4,4,5,4,0,0,15,20
19-05-2024,Man City,West Ham,J Brooks,3,1,H,2,1,H,28,3,12,2,11,2,0,1,0,0,3,12
19-05-2024,Sheffield United,Tottenham,A Madley,0,3,A,0,1,A,6,18,1,9,2,6,2,0,0,0,11,9
16-08-2024,Man United,Fulham,R Jones,1,0,H,0,0,D,14,10,5,2,7,8,2,3,0,0,12,10
17-08-2024,Ipswich,Liverpool,T Robinson,0,2,A,0,0,D,7,18,2,5,2,10,3,1,0,0,9,18
17-08-2024,Arsenal,Wolves,J Gillett,2,0,H,1,0,H,18,9,6,3,8,2,2,2,0,0,17,14
17-08-2024,Everton,Brighton,S Hooper,0,3,A,0,1,A,9,10,1,5,1,5,1,1,1,0,8,8
17-08-2024,Newcastle,Southampton,C Pawson,1,0,H,1,0,H,3,19,1,4,3,12,2,4,1,0,15,16
17-08-2024,Nott'm Forest,Bournemouth,M Oliver,1,1,D,1,0,H,14,13,8,4,2,6,1,3,0,0,17,8
17-08-2024,West Ham,Aston Villa,T Harrington,1,2,A,1,1,D,14,15,3,3,5,3,1,2,0,0,18,11
18-08-2024,Brentford,Crystal Palace,S Barrott,2,1,H,1,0,H,9,14,5,6,4,7,1,5,0,0,6,15
18-08-2024,Chelsea,Man City,A Taylor,0,2,A,0,1,A,10,11,3,5,4,3,1,1,0,0,12,9
19-08-2024,Leicester,Tottenham,C Kavanagh,1,1,D,0,1,A,7,15,3,7,2,13,1,1,0,0,11,12
24-08-2024,Brighton,Man United,C Pawson,2,1,H,1,0,H,14,11,5,4,4,4,1,2,0,0,9,13
24-08-2024,Crystal Palace,West Ham,R Jones,0,2,A,0,0,D,14,18,2,3,3,3,1,1,0,0,9,17
24-08-2024,Fulham,Leicester,D Bond,2,1,H,1,1,D,18,10,6,4,7,5,2,2,0,0,14,13
24-08-2024,Man City,Ipswich,M Salisbury,4,1,H,3,1,H,14,1,5,1,10,1,2,3,0,0,4,15
24-08-2024,Southampton,Nott'm Forest,S Barrott,0,1,A,0,0,D,5,23,1,8,4,10,3,3,0,0,14,14
24-08-2024,Tottenham,Everton,A Taylor,4,0,H,2,0,H,13,10,7,1,12,5,0,0,0,0,11,15
24-08-2024,Aston Villa,Arsenal,M Oliver,0,2,A,0,0,D,11,9,3,4,4,1,1,3,0,0,8,15
25-08-2024,Bournemouth,Newcastle,D Coote,1,1,D,1,0,H,16,14,4,5,8,9,2,2,0,0,19,8
25-08-2024,Wolves,Chelsea,D England,2,6,A,2,2,D,12,14,4,8,5,5,2,3,0,0,13,13
25-08-2024,Liverpool,Brentford,S Attwell,2,0,H,1,0,H,19,8,8,2,9,4,2,3,0,0,10,7
31-08-2024,Arsenal,Brighton,C Kavanagh,1,1,D,1,0,H,11,22,7,4,3,7,3,2,1,0,12,7
31-08-2024,Brentford,Southampton,J Smith,3,1,H,1,0,H,20,18,7,6,2,8,2,1,0,0,10,7
31-08-2024,Everton,Bournemouth,S Attwell,2,3,A,0,0,D,18,17,8,7,8,4,2,1,0,0,6,1
31-08-2024,Ipswich,Fulham,L Smith,1,1,D,1,1,D,11,9,4,4,8,6,2,3,0,0,15,15
31-08-2024,Leicester,Aston Villa,D Coote,1,2,A,0,1,A,9,10,3,5,1,4,4,5,0,0,13,21
31-08-2024,Nott'm Forest,Wolves,S Hooper,1,1,D,1,1,D,16,11,5,3,7,3,3,4,0,0,15,18
31-08-2024,West Ham,Man City,M Oliver,1,3,A,1,2,A,10,23,2,8,3,11,3,2,0,0,10,3
01-09-2024,Chelsea,Crystal Palace,J Gillett,1,1,D,1,0,H,13,9,7,3,4,5,4,2,0,0,9,13
01-09-2024,Newcastle,Tottenham,R Jones,2,1,H,1,0,H,9,20,3,6,7,12,4,4,0,0,16,13
01-09-2024,Man United,Liverpool,A Taylor,0,3,A,0,2,A,8,11,3,3,5,2,4,1,0,0,7,7
14-09-2024,Southampton,Man United,S Attwell,0,3,A,0,2,A,6,20,4,10,0,7,1,4,1,0,11,14
14-09-2024,Brighton,Ipswich,S Barrott,0,0,D,0,0,D,21,6,6,1,9,2,4,3,0,0,14,16
14-09-2024,Crystal Palace,Leicester,T Harrington,2,2,D,0,1,A,20,9,4,4,5,2,0,3,0,0,11,15
14-09-2024,Fulham,West Ham,T Robinson,1,1,D,1,0,H,21,11,5,3,3,2,2,3,0,0,15,18
14-09-2024,Liverpool,Nott'm Forest,M Oliver,0,1,A,0,0,D,14,5,5,3,7,2,4,4,0,0,15,6
14-09-2024,Man City,Brentford,D Bond,2,1,H,2,1,H,18,8,7,5,12,3,3,1,0,0,9,3
14-09-2024,Aston Villa,Everton,C Pawson,3,2,H,1,2,A,17,6,8,2,6,2,1,4,0,0,10,12
14-09-2024,Bournemouth,Chelsea,A Taylor,0,1,A,0,0,D,19,10,7,3,6,3,6,8,0,0,16,9
15-09-2024,Tottenham,Arsenal,J Gillett,0,1,A,0,0,D,15,7,5,4,7,6,5,3,0,0,13,10
15-09-2024,Wolves,Newcastle,C Kavanagh,1,2,A,1,0,H,12,14,5,6,4,7,3,3,0,0,17,6
21-09-2024,West Ham,Chelsea,S Barrott,0,3,A,0,2,A,15,12,7,5,6,5,5,2,0,0,17,9
21-09-2024,Aston Villa,Wolves,T Robinson,3,1,H,0,1,A,9,10,4,4,6,5,3,6,0,0,11,16
21-09-2024,Fulham,Newcastle,P Bankes,3,1,H,2,0,H,22,15,11,4,6,0,6,0,0,0,16,8
21-09-2024,Leicester,Everton,D England,1,1,D,0,1,A,12,16,2,5,6,1,1,2,0,0,11,12
21-09-2024,Liverpool,Bournemouth,T Harrington,3,0,H,3,0,H,19,19,13,6,3,9,1,4,0,0,10,12
21-09-2024,Southampton,Ipswich,S Allison,1,1,D,1,0,H,11,13,3,6,2,10,4,4,0,0,16,16
21-09-2024,Tottenham,Brentford,J Brooks,3,1,H,2,1,H,23,6,10,6,9,4,3,1,0,0,11,9
21-09-2024,Crystal Palace,Man United,D Coote,0,0,D,0,0,D,9,15,4,6,4,11,3,1,0,0,7,12
22-09-2024,Brighton,Nott'm Forest,R Jones,2,2,D,2,1,H,14,4,3,3,9,1,3,4,0,1,12,11
22-09-2024,Man City,Arsenal,M Oliver,2,2,D,1,2,A,33,5,11,3,8,2,3,4,0,1,7,10
28-09-2024,Newcastle,Man City,J Gillett,1,1,D,0,1,A,11,16,4,6,5,6,4,4,0,0,14,10
28-09-2024,Arsenal,Leicester,S Barrott,4,2,H,2,0,H,36,5,16,3,17,0,2,4,0,0,11,6
28-09-2024,Brentford,West Ham,S Hooper,1,1,D,1,0,H,8,19,3,3,7,7,2,3,0,0,2,11
28-09-2024,Chelsea,Brighton,P Bankes,4,2,H,4,2,H,15,15,7,5,8,2,3,2,0,0,11,8
28-09-2024,Everton,Crystal Palace,A Madley,2,1,H,0,1,A,8,17,2,5,5,8,2,1,0,0,13,11
28-09-2024,Nott'm Forest,Fulham,J Smith,0,1,A,0,0,D,11,14,1,2,6,5,2,4,0,0,11,15
28-09-2024,Wolves,Liverpool,A Taylor,1,2,A,0,1,A,8,10,3,6,2,10,2,3,0,0,16,8
29-09-2024,Ipswich,Aston Villa,S Attwell,2,2,D,1,2,A,15,7,5,3,10,0,4,1,0,0,10,14
29-09-2024,Man United,Tottenham,C Kavanagh,0,3,A,0,1,A,11,24,2,10,5,3,5,3,1,0,16,14
30-09-2024,Bournemouth,Southampton,M Oliver,3,1,H,3,0,H,14,9,6,3,7,4,2,5,0,0,19,12
05-10-2024,Crystal Palace,Liverpool,S Hooper,0,1,A,0,1,A,9,16,5,4,3,8,4,2,0,0,7,15
05-10-2024,Arsenal,Southampton,T Harrington,3,1,H,0,0,D,29,8,6,2,13,1,0,3,0,0,10,9
05-10-2024,Brentford,Wolves,A Madley,5,3,H,4,2,H,19,17,12,6,10,3,2,3,0,0,9,10
05-10-2024,Leicester,Bournemouth,D Bond,1,0,H,1,0,H,6,17,2,2,0,9,4,1,0,0,12,14
05-10-2024,Man City,Fulham,P Bankes,3,2,H,1,1,D,20,11,7,4,8,3,2,1,0,0,4,10
05-10-2024,West Ham,Ipswich,A Taylor,4,1,H,2,1,H,23,9,13,2,5,5,0,1,0,0,12,6
05-10-2024,Everton,Newcastle,C Pawson,0,0,D,0,0,D,8,14,2,3,0,10,1,2,0,0,12,8
06-10-2024,Aston Villa,Man United,R Jones,0,0,D,0,0,D,11,10,1,4,6,3,1,5,0,0,12,11
06-10-2024,Chelsea,Nott'm Forest,C Kavanagh,1,1,D,0,0,D,22,16,8,9,11,3,6,2,0,1,12,11
06-10-2024,Brighton,Tottenham,D Coote,3,2,H,0,2,A,11,13,4,3,4,7,2,2,0,0,14,10
19-10-2024,Tottenham,West Ham,A Madley,4,1,H,1,1,D,22,11,7,4,13,5,1,3,0,1,10,15
19-10-2024,Fulham,Aston Villa,D England,1,3,A,1,1,D,10,14,4,5,6,11,3,3,1,1,8,11
19-10-2024,Ipswich,Everton,M Oliver,0,2,A,0,2,A,13,11,2,8,5,8,1,1,0,0,12,10
19-10-2024,Man United,Brentford,S Barrott,2,1,H,0,1,A,23,8,11,2,9,2,2,2,0,0,14,5
19-10-2024,Newcastle,Brighton,P Bankes,0,1,A,0,1,A,21,10,6,5,9,4,2,2,0,0,11,9
19-10-2024,Southampton,Leicester,A Taylor,2,3,A,2,0,H,14,18,7,4,10,6,5,3,1,0,10,10
19-10-2024,Bournemouth,Arsenal,R Jones,2,0,H,0,0,D,13,6,4,1,7,4,1,1,0,1,12,11
20-10-2024,Wolves,Man City,C Kavanagh,1,2,A,1,1,D,3,22,2,7,1,18,4,1,0,0,8,5
20-10-2024,Liverpool,Chelsea,J Brooks,2,1,H,1,0,H,9,12,5,2,1,6,4,3,0,0,12,13
21-10-2024,Nott'm Forest,Crystal Palace,T Robinson,1,0,H,0,0,D,20,20,6,7,6,6,2,3,0,0,9,12
25-10-2024,Leicester,Nott'm Forest,C Pawson,1,3,A,1,1,D,11,20,1,5,6,7,5,2,0,0,16,9
26-10-2024,Aston Villa,Bournemouth,A Madley,1,1,D,0,0,D,18,11,8,3,9,7,7,6,0,0,12,14
26-10-2024,Brentford,Ipswich,L Smith,4,3,H,2,2,D,20,11,9,5,5,5,0,1,0,1,7,10
26-10-2024,Brighton,Wolves,M Oliver,2,2,D,1,0,H,19,14,6,7,9,6,3,3,0,0,12,10
26-10-2024,Man City,Southampton,T Harrington,1,0,H,1,0,H,22,5,8,2,12,1,1,3,0,0,9,9
26-10-2024,Everton,Fulham,J Brooks,1,1,D,0,0,D,10,14,5,3,4,2,1,0,0,0,8,8
27-10-2024,Chelsea,Newcastle,S Hooper,2,1,H,1,1,D,17,11,7,3,7,4,6,3,0,0,13,16
27-10-2024,Crystal Palace,Tottenham,D Bond,1,0,H,1,0,H,14,11,6,3,8,8,4,4,0,0,16,12
27-10-2024,West Ham,Man United,D Coote,2,1,H,0,0,D,12,18,3,5,6,5,5,1,0,0,6,7
27-10-2024,Arsenal,Liverpool,A Taylor,2,2,D,2,1,H,9,9,3,4,1,3,2,2,0,0,14,14
02-11-2024,Newcastle,Arsenal,J Brooks,1,0,H,1,0,H,9,10,4,1,4,6,4,4,0,0,16,18
02-11-2024,Bournemouth,Man City,M Oliver,2,1,H,1,0,H,12,18,6,4,3,10,2,1,0,0,11,6
02-11-2024,Ipswich,Leicester,T Robinson,1,1,D,0,0,D,14,20,2,6,4,6,4,2,1,0,11,10
02-11-2024,Liverpool,Brighton,T Harrington,2,1,H,0,1,A,16,13,8,5,10,7,1,1,0,0,10,18
02-11-2024,Nott'm Forest,West Ham,P Bankes,3,0,H,1,0,H,19,4,6,2,11,6,1,2,0,1,7,9
02-11-2024,Southampton,Everton,A Madley,1,0,H,0,0,D,9,16,2,5,3,6,4,2,0,0,14,18
02-11-2024,Wolves,Crystal Palace,A Taylor,2,2,D,0,0,D,11,19,6,7,3,6,1,2,0,0,7,9
03-11-2024,Tottenham,Aston Villa,C Pawson,4,1,H,0,1,A,16,12,6,1,6,4,2,0,0,0,14,14
03-11-2024,Man United,Chelsea,R Jones,1,1,D,0,0,D,11,12,4,3,4,8,6,2,0,0,19,14
04-11-2024,Fulham,Brentford,S Attwell,2,1,H,0,1,A,26,5,12,2,11,3,2,1,0,0,3,10
09-11-2024,Brentford,Bournemouth,D Bond,3,2,H,1,1,D,12,15,6,3,6,4,2,4,0,0,8,16
09-11-2024,Crystal Palace,Fulham,M Salisbury,0,2,A,0,1,A,13,17,5,7,1,8,1,1,1,0,10,11
09-11-2024,West Ham,Everton,S Attwell,0,0,D,0,0,D,11,18,6,4,7,6,1,2,0,0,10,9
09-11-2024,Wolves,Southampton,T Bramall,2,0,H,1,0,H,8,9,4,0,1,9,1,4,0,0,14,12
09-11-2024,Brighton,Man City,S Barrott,2,1,H,0,1,A,10,15,4,6,0,4,3,3,0,0,12,10
09-11-2024,Liverpool,Aston Villa,D Coote,2,0,H,1,0,H,14,12,5,2,2,9,0,3,0,0,11,15
10-11-2024,Man United,Leicester,P Bankes,3,0,H,2,0,H,13,6,3,5,1,5,0,1,0,0,9,5
10-11-2024,Nott'm Forest,Newcastle,A Taylor,1,3,A,1,0,H,9,17,3,6,4,5,1,1,0,0,13,6
10-11-2024,Tottenham,Ipswich,D England,1,2,A,0,2,A,17,8,5,3,12,2,1,5,0,0,10,19
10-11-2024,Chelsea,Arsenal,M Oliver,1,1,D,0,0,D,17,13,3,3,4,3,4,2,0,0,12,12
23-11-2024,Leicester,Chelsea,A Madley,1,2,A,0,1,A,4,16,1,7,2,9,4,3,0,0,15,12
23-11-2024,Arsenal,Nott'm Forest,S Hooper,3,0,H,1,0,H,19,7,7,0,8,1,3,2,0,0,10,1
23-11-2024,Aston Villa,Crystal Palace,T Robinson,2,2,D,1,2,A,17,13,5,6,10,1,3,2,0,0,10,11
23-11-2024,Bournemouth,Brighton,S Attwell,1,2,A,0,1,A,19,6,5,4,7,0,2,2,0,1,13,10
23-11-2024,Everton,Brentford,C Kavanagh,0,0,D,0,0,D,27,9,5,2,10,4,0,0,0,1,8,10
23-11-2024,Fulham,Wolves,R Jones,1,4,A,1,1,D,10,10,3,5,7,2,3,0,0,0,14,14
23-11-2024,Man City,Tottenham,J Brooks,0,4,A,0,2,A,23,9,5,7,9,3,4,2,0,0,19,9
24-11-2024,Southampton,Liverpool,S Barrott,2,3,A,1,1,D,7,27,5,11,3,10,3,4,0,0,11,9
24-11-2024,Ipswich,Man United,A Taylor,1,1,D,1,1,D,11,11,6,4,4,3,0,0,0,0,11,10
25-11-2024,Newcastle,West Ham,C Pawson,0,2,A,0,1,A,18,15,2,6,8,3,1,0,0,0,11,8
29-11-2024,Brighton,Southampton,R Jones,1,1,D,1,0,H,22,10,5,2,7,6,2,4,0,0,20,16
30-11-2024,Brentford,Leicester,M Oliver,4,1,H,3,1,H,13,7,6,3,5,4,1,1,0,0,9,10
30-11-2024,Crystal Palace,Newcastle,D England,1,1,D,0,0,D,16,1,4,0,8,9,3,3,0,0,12,11
30-11-2024,Nott'm Forest,Ipswich,T Harrington,1,0,H,0,0,D,12,7,5,3,8,7,1,3,0,0,5,16
30-11-2024,Wolves,Bournemouth,P Bankes,2,4,A,1,3,A,10,12,3,8,3,4,4,1,0,0,13,11
30-11-2024,West Ham,Arsenal,A Taylor,2,5,A,2,5,A,12,16,5,7,2,10,4,1,0,0,10,13
01-12-2024,Chelsea,Aston Villa,S Attwell,3,0,H,2,0,H,17,10,8,4,3,4,2,2,0,0,21,6
01-12-2024,Man United,Everton,J Brooks,4,0,H,2,0,H,11,8,5,2,2,2,2,3,0,0,12,12
01-12-2024,Tottenham,Fulham,D Bond,1,1,D,0,0,D,8,14,3,6,7,11,0,1,0,1,4,14
01-12-2024,Liverpool,Man City,C Kavanagh,2,0,H,1,0,H,18,8,7,2,7,4,1,3,0,0,9,8
03-12-2024,Ipswich,Crystal Palace,C Pawson,0,1,A,0,0,D,9,13,2,3,4,7,2,4,0,0,14,13
03-12-2024,Leicester,West Ham,J Smith,3,1,H,1,0,H,8,31,6,10,3,9,2,2,0,0,9,7
04-12-2024,Everton,Wolves,M Salisbury,4,0,H,2,0,H,13,6,4,2,3,4,2,0,0,0,10,8
04-12-2024,Man City,Nott'm Forest,M Oliver,3,0,H,2,0,H,17,12,7,3,8,2,2,4,0,0,7,15
04-12-2024,Newcastle,Liverpool,A Madley,3,3,D,1,0,H,17,16,6,5,5,6,2,5,0,0,9,17
04-12-2024,Southampton,Chelsea,T Harrington,1,5,A,1,3,A,6,26,4,13,5,7,1,0,1,0,7,14
04-12-2024,Arsenal,Man United,S Barrott,2,0,H,0,0,D,14,5,6,2,13,0,1,3,0,0,12,8
04-12-2024,Aston Villa,Brentford,L Smith,3,1,H,3,0,H,20,9,10,1,10,5,2,2,0,0,11,15
05-12-2024,Fulham,Brighton,P Bankes,3,1,H,1,0,H,6,13,2,3,5,6,2,2,0,0,7,8
05-12-2024,Bournemouth,Tottenham,S Hooper,1,0,H,1,0,H,21,12,8,4,5,9,2,2,0,0,15,8
07-12-2024,Aston Villa,Southampton,D Bond,1,0,H,1,0,H,18,4,5,0,14,1,1,3,0,0,18,15
07-12-2024,Brentford,Newcastle,T Robinson,4,2,H,2,2,D,11,16,8,3,3,4,3,0,0,0,10,7
07-12-2024,Crystal Palace,Man City,R Jones,2,2,D,1,1,D,12,12,3,4,6,8,1,0,0,1,4,10
07-12-2024,Man United,Nott'm Forest,D England,2,3,A,1,1,D,17,11,7,3,5,3,0,2,0,0,10,13
08-12-2024,Fulham,Arsenal,C Kavanagh,1,1,D,1,0,H,2,12,2,4,0,6,4,2,0,0,10,9
08-12-2024,Ipswich,Bournemouth,M Salisbury,1,2,A,1,0,H,18,22,5,6,6,13,2,1,0,0,9,13
08-12-2024,Leicester,Brighton,S Attwell,2,2,D,0,1,A,10,16,3,7,5,5,1,2,0,0,9,10
08-12-2024,Tottenham,Chelsea,A Taylor,3,4,A,2,1,H,13,17,5,8,5,10,2,2,0,0,17,11
09-12-2024,West Ham,Wolves,J Brooks,2,1,H,0,0,D,19,19,4,5,11,0,5,4,0,0,12,17
14-12-2024,Arsenal,Everton,C Pawson,0,0,D,0,0,D,13,2,5,0,8,2,0,3,0,0,6,9
14-12-2024,Liverpool,Fulham,T Harrington,2,2,D,0,1,A,16,12,4,3,5,4,3,4,1,0,10,7
14-12-2024,Newcastle,Leicester,T Bramall,4,0,H,1,0,H,27,4,11,1,5,2,3,3,0,0,7,16
14-12-2024,Wolves,Ipswich,S Hooper,1,2,A,0,1,A,16,10,6,5,7,3,0,2,1,0,13,9
14-12-2024,Nott'm Forest,Aston Villa,S Barrott,2,1,H,0,0,D,17,8,6,2,4,3,0,1,0,0,12,6
15-12-2024,Brighton,Crystal Palace,M Oliver,1,3,A,0,2,A,17,13,5,5,8,5,1,4,0,0,11,15
15-12-2024,Man City,Man United,A Taylor,1,2,A,1,0,H,10,10,3,3,8,2,1,1,0,0,5,14
15-12-2024,Chelsea,Brentford,P Bankes,2,1,H,1,0,H,26,9,8,4,8,5,0,2,1,0,11,7
15-12-2024,Southampton,Tottenham,D England,0,5,A,0,5,A,9,18,3,9,2,5,1,3,0,0,8,15
16-12-2024,Bournemouth,West Ham,C Kavanagh,1,1,D,0,0,D,29,16,9,3,12,6,0,2,0,0,6,11
21-12-2024,Aston Villa,Man City,P Bankes,2,1,H,1,0,H,11,12,6,6,5,4,3,3,0,0,14,7
21-12-2024,Brentford,Nott'm Forest,M Oliver,0,2,A,0,1,A,7,10,3,6,9,5,3,4,0,0,9,14
21-12-2024,Ipswich,Newcastle,S Attwell,0,4,A,0,3,A,10,15,2,7,2,1,2,0,0,0,9,7
21-12-2024,West Ham,Brighton,R Jones,1,1,D,0,0,D,11,12,4,6,8,4,2,2,0,0,14,20
21-12-2024,Crystal Palace,Arsenal,S Hooper,1,5,A,1,3,A,15,14,6,6,3,3,2,2,0,0,9,8
22-12-2024,Everton,Chelsea,C Kavanagh,0,0,D,0,0,D,5,12,4,5,2,5,4,1,0,0,20,12
22-12-2024,Fulham,Southampton,T Robinson,0,0,D,0,0,D,16,5,5,1,6,5,1,3,0,0,8,15
22-12-2024,Leicester,Wolves,A Taylor,0,3,A,0,3,A,9,8,5,4,6,1,2,0,0,0,15,16
22-12-2024,Man United,Bournemouth,C Pawson,0,3,A,0,1,A,23,10,7,5,13,1,1,3,0,0,11,11
22-12-2024,Tottenham,Liverpool,S Barrott,3,6,A,1,3,A,9,24,5,12,7,5,1,2,0,0,7,9
26-12-2024,Man City,Everton,S Hooper,1,1,D,1,1,D,24,8,5,3,8,5,1,4,0,0,5,10
26-12-2024,Bournemouth,Crystal Palace,T Bramall,0,0,D,0,0,D,18,10,4,4,5,2,2,2,0,0,13,12
26-12-2024,Chelsea,Fulham,S Barrott,1,2,A,1,0,H,12,14,8,7,3,1,1,3,0,0,13,13
26-12-2024,Newcastle,Aston Villa,A Taylor,3,0,H,1,0,H,22,4,8,1,9,6,2,1,0,1,15,10
26-12-2024,Nott'm Forest,Tottenham,C Pawson,1,0,H,1,0,H,10,13,3,4,2,7,3,2,0,1,12,13
26-12-2024,Southampton,West Ham,L Smith,0,1,A,0,0,D,18,16,5,2,2,2,1,2,0,0,15,8
26-12-2024,Wolves,Man United,T Harrington,2,0,H,0,0,D,7,11,4,4,4,4,2,2,0,1,12,12
26-12-2024,Liverpool,Leicester,D Bond,3,1,H,1,1,D,19,4,7,1,14,1,3,2,0,0,17,5
27-12-2024,Brighton,Brentford,A Madley,0,0,D,0,0,D,24,8,7,3,5,3,0,2,0,0,6,12
27-12-2024,Arsenal,Ipswich,D England,1,0,H,1,0,H,13,3,5,0,5,1,1,1,0,0,7,12
29-12-2024,Leicester,Man City,M Oliver,0,2,A,0,1,A,11,14,4,5,4,4,2,1,0,0,11,6
29-12-2024,Crystal Palace,Southampton,M Salisbury,2,1,H,1,1,D,19,7,10,3,8,7,2,3,0,0,18,19
29-12-2024,Everton,Nott'm Forest,T Harrington,0,2,A,0,1,A,13,11,2,7,5,4,4,1,0,0,13,10
29-12-2024,Fulham,Bournemouth,R Jones,2,2,D,1,0,H,11,16,6,9,1,7,1,3,0,0,7,16
29-12-2024,Tottenham,Wolves,C Kavanagh,2,2,D,2,1,H,13,11,3,3,5,5,1,2,0,0,9,10
29-12-2024,West Ham,Liverpool,A Taylor,0,5,A,0,3,A,7,22,0,13,3,6,0,0,0,0,7,10
30-12-2024,Aston Villa,Brighton,C Pawson,2,2,D,1,1,D,20,13,4,4,12,3,2,3,0,0,9,14
30-12-2024,Ipswich,Chelsea,J Brooks,2,0,H,1,0,H,9,20,6,5,4,7,4,4,0,0,9,5
30-12-2024,Man United,Newcastle,S Hooper,0,2,A,0,2,A,10,12,0,4,2,3,1,1,0,0,13,8
01-01-2025,Brentford,Arsenal,P Bankes,1,3,A,1,1,D,5,14,2,5,4,3,1,2,0,0,6,8
04-01-2025,Tottenham,Newcastle,A Madley,1,2,A,1,2,A,13,14,4,4,9,10,1,4,0,0,11,15
04-01-2025,Aston Villa,Leicester,J Gillett,2,1,H,0,0,D,13,4,5,2,7,2,0,1,0,0,10,11
04-01-2025,Bournemouth,Everton,J Brooks,1,0,H,0,0,D,19,9,8,0,9,3,2,2,0,0,15,14
04-01-2025,Crystal Palace,Chelsea,T Robinson,1,1,D,0,1,A,13,15,6,1,6,6,0,2,0,0,9,12
04-01-2025,Man City,West Ham,M Salisbury,4,1,H,2,0,H,10,17,7,4,7,1,2,1,0,0,8,13
04-01-2025,Southampton,Brentford,S Attwell,0,5,A,0,1,A,8,20,1,11,2,2,2,0,0,0,10,4
04-01-2025,Brighton,Arsenal,A Taylor,1,1,D,0,1,A,11,9,4,3,2,5,2,3,0,0,17,14
05-01-2025,Fulham,Ipswich,D Bond,2,2,D,0,1,A,15,7,4,3,9,2,1,5,0,0,10,14
05-01-2025,Liverpool,Man United,M Oliver,2,2,D,0,0,D,19,13,6,4,6,9,2,4,0,0,10,13
06-01-2025,Wolves,Nott'm Forest,P Bankes,0,3,A,0,2,A,13,11,6,3,5,3,1,2,0,0,10,8
14-01-2025,Brentford,Man City,A Taylor,2,2,D,0,0,D,18,21,6,8,4,5,0,0,0,0,4,4
14-01-2025,Chelsea,Bournemouth,R Jones,2,2,D,1,0,H,26,7,10,3,9,3,2,3,0,0,15,16
14-01-2025,West Ham,Fulham,C Pawson,3,2,H,2,0,H,4,21,3,5,0,3,3,3,0,0,9,18
14-01-2025,Nott'm Forest,Liverpool,C Kavanagh,1,1,D,1,0,H,6,23,3,7,0,9,2,1,0,0,7,10
15-01-2025,Everton,Aston Villa,S Barrott,0,1,A,0,0,D,10,11,3,3,8,5,2,1,0,0,17,10
15-01-2025,Leicester,Crystal Palace,A Madley,0,2,A,0,0,D,21,9,4,4,4,3,0,0,0,0,7,6
15-01-2025,Newcastle,Wolves,D England,3,0,H,1,0,H,17,13,5,7,4,2,0,2,0,0,10,13
15-01-2025,Arsenal,Tottenham,S Hooper,2,1,H,2,1,H,14,10,4,2,10,4,3,1,0,0,16,9
16-01-2025,Ipswich,Brighton,T Harrington,0,2,A,0,0,D,5,11,3,5,1,9,2,2,0,0,13,14
16-01-2025,Man United,Southampton,J Brooks,3,1,H,0,1,A,23,13,9,5,5,4,1,3,0,0,7,10
18-01-2025,Newcastle,Bournemouth,S Attwell,1,4,A,1,2,A,13,19,5,10,7,6,1,6,0,0,7,18
18-01-2025,Brentford,Liverpool,A Madley,0,2,A,0,0,D,11,37,6,8,2,15,2,3,0,0,6,14
18-01-2025,Leicester,Fulham,M Salisbury,0,2,A,0,0,D,8,17,4,2,5,2,3,1,0,0,8,8
18-01-2025,West Ham,Crystal Palace,T Bramall,0,2,A,0,0,D,7,12,0,7,2,4,1,0,1,0,13,10
18-01-2025,Arsenal,Aston Villa,C Kavanagh,2,2,D,1,0,H,18,8,6,4,10,1,2,3,0,0,10,18
19-01-2025,Everton,Tottenham,D England,3,2,H,3,0,H,12,11,6,6,3,8,2,1,0,0,14,14
19-01-2025,Man United,Brighton,P Bankes,1,3,A,1,1,D,10,6,1,3,4,2,3,3,0,0,13,12
19-01-2025,Nott'm Forest,Southampton,A Taylor,3,2,H,3,0,H,14,10,5,4,2,8,0,4,0,0,4,18
19-01-2025,Ipswich,Man City,S Barrott,0,6,A,0,3,A,8,17,4,9,4,7,0,1,0,0,4,7
20-01-2025,Chelsea,Wolves,S Hooper,3,1,H,1,1,D,19,9,7,4,3,6,4,2,0,0,8,14
25-01-2025,Bournemouth,Nott'm Forest,C Pawson,5,0,H,1,0,H,16,18,10,4,3,9,2,3,0,0,9,12
25-01-2025,Brighton,Everton,T Robinson,0,1,A,0,1,A,16,3,1,1,9,1,3,4,0,0,8,11
25-01-2025,Liverpool,Ipswich,M Salisbury,4,1,H,3,0,H,16,3,6,3,3,4,0,2,0,0,10,11
25-01-2025,Southampton,Newcastle,S Barrott,1,3,A,1,2,A,12,17,5,9,3,8,1,0,0,0,10,5
25-01-2025,Wolves,Arsenal,M Oliver,0,1,A,0,0,D,9,9,4,3,1,5,0,1,1,1,20,10
25-01-2025,Man City,Chelsea,J Brooks,3,1,H,1,1,D,15,10,6,4,2,4,3,2,0,0,6,8
26-01-2025,Crystal Palace,Brentford,T Harrington,1,2,A,0,0,D,16,13,5,6,4,7,2,2,0,0,8,11
26-01-2025,Tottenham,Leicester,R Jones,1,2,A,1,0,H,15,12,6,3,6,4,1,5,0,0,6,16
26-01-2025,Aston Villa,West Ham,P Bankes,1,1,D,1,0,H,14,14,4,4,4,3,2,3,0,0,13,16
26-01-2025,Fulham,Man United,A Taylor,0,1,A,0,0,D,9,4,3,1,3,0,0,1,0,0,7,9
01-02-2025,Nott'm Forest,Brighton,S Hooper,7,0,H,3,0,H,14,10,9,5,4,6,1,3,0,0,8,13
01-02-2025,Bournemouth,Liverpool,D England,0,2,A,0,1,A,14,19,3,7,3,3,2,3,0,0,15,9
01-02-2025,Everton,Leicester,D Bond,4,0,H,3,0,H,13,9,7,1,5,6,0,0,0,0,7,13
01-02-2025,Ipswich,Southampton,M Oliver,1,2,A,1,1,D,15,9,6,4,1,2,0,3,0,0,11,14
01-02-2025,Newcastle,Fulham,C Kavanagh,1,2,A,1,0,H,11,15,4,4,4,7,4,4,0,0,10,15
01-02-2025,Wolves,Aston Villa,A Madley,2,0,H,1,0,H,8,10,5,3,5,8,2,3,0,0,20,13
02-02-2025,Brentford,Tottenham,J Gillett,0,2,A,0,1,A,20,13,4,2,10,3,0,1,0,0,4,11
02-02-2025,Man United,Crystal Palace,J Brooks,0,2,A,0,0,D,17,11,2,3,11,0,3,1,0,0,12,13
02-02-2025,Arsenal,Man City,P Bankes,5,1,H,1,0,H,12,7,7,4,5,2,2,0,0,0,6,7
03-02-2025,Chelsea,West Ham,S Attwell,2,1,H,0,1,A,22,14,3,5,4,3,3,1,0,0,11,10
12-02-2025,Everton,Liverpool,M Oliver,2,2,D,1,1,D,10,6,3,4,2,3,2,2,1,1,9,20
14-02-2025,Brighton,Chelsea,K Kavanagh,3,0,H,2,0,H,13,8,5,0,2,9,1,2,0,0,12,15
15-02-2025,Leicester,Arsenal,S Barrott,0,2,A,0,0,D,6,11,2,5,3,7,2,1,0,0,9,10
15-02-2025,Aston Villa,Ipswich,R Jones,1,1,D,0,0,D,25,4,6,3,16,1,0,3,0,1,7,11
15-02-2025,Fulham,Nott'm Forest,T Bramall,2,1,H,1,1,D,24,8,10,2,8,4,0,0,0,0,13,8
15-02-2025,Man City,Newcastle,A Madley,4,0,H,3,0,H,11,3,7,1,7,4,0,1,0,0,5,13
15-02-2025,Southampton,Bournemouth,J Gillett,1,3,A,0,2,A,11,14,4,7,4,6,1,3,0,0,13,15
15-02-2025,West Ham,Brentford,D England,0,1,A,0,1,A,13,14,3,5,9,2,1,1,0,0,10,13
15-02-2025,Crystal Palace,Everton,A Taylor,1,2,A,0,1,A,17,11,6,6,6,2,0,1,0,0,9,12
16-02-2025,Liverpool,Wolves,S Hooper,2,1,H,2,0,H,10,16,3,4,4,3,2,2,0,0,15,13
16-02-2025,Tottenham,Man United,P Bankes,1,0,H,1,0,H,22,16,7,6,10,5,1,2,0,0,13,9
19-02-2025,Aston Villa,Liverpool,C Pawson,2,2,D,2,1,H,9,17,4,3,6,8,1,0,0,0,8,6
21-02-2025,Leicester,Brentford,T Harrington,0,4,A,0,3,A,8,14,3,6,5,6,4,0,0,0,10,10
22-02-2025,Everton,Man United,A Madley,2,2,D,2,0,H,9,9,8,3,7,9,4,1,0,0,12,9
22-02-2025,Arsenal,West Ham,C Pawson,0,1,A,0,1,A,20,5,2,2,2,0,1,3,1,0,16,15
22-02-2025,Bournemouth,Wolves,M Salisbury,0,1,A,0,1,A,8,13,3,5,6,7,3,3,1,0,17,9
22-02-2025,Fulham,Crystal Palace,R Jones,0,2,A,0,1,A,10,10,0,5,7,7,1,3,0,0,10,7
22-02-2025,Ipswich,Tottenham,T Robinson,1,4,A,1,2,A,17,10,5,6,4,4,2,1,0,0,15,14
22-02-2025,Southampton,Brighton,D Bond,0,4,A,0,1,A,6,18,1,12,5,6,2,0,0,0,11,12
22-02-2025,Aston Villa,Chelsea,M Oliver,2,1,H,0,1,A,12,15,6,7,2,3,1,3,0,0,15,16
23-02-2025,Newcastle,Nott'm Forest,J Gillett,4,3,H,4,1,H,13,17,5,5,7,6,1,4,0,0,11,13
23-02-2025,Man City,Liverpool,A Taylor,0,2,A,0,2,A,16,8,5,4,7,5,0,0,0,0,3,10
25-02-2025,Brighton,Bournemouth,M Oliver,2,1,H,1,0,H,11,19,4,5,1,9,2,1,0,0,12,14
25-02-2025,Crystal Palace,Aston Villa,S Barrott,4,1,H,1,0,H,19,6,6,2,3,8,3,1,0,0,19,10
25-02-2025,Wolves,Fulham,P Bankes,1,2,A,1,1,D,18,11,5,5,7,5,1,3,0,0,8,15
25-02-2025,Chelsea,Southampton,T Bramall,4,0,H,3,0,H,19,7,10,2,4,2,1,2,0,0,6,9
26-02-2025,Brentford,Everton,S Hooper,1,1,D,1,0,H,12,14,3,4,2,5,2,1,0,0,3,6
26-02-2025,Man United,Ipswich,D England,3,2,H,2,2,D,10,12,6,3,5,6,4,4,1,0,9,16
26-02-2025,Nott'm Forest,Arsenal,A Madley,0,0,D,0,0,D,6,13,2,1,3,11,1,1,0,0,10,17
26-02-2025,Tottenham,Man City,J Gillett,0,1,A,0,1,A,11,12,6,5,8,3,3,0,0,0,12,15
26-02-2025,Liverpool,Newcastle,C Kavanagh,2,0,H,1,0,H,12,3,3,0,4,2,0,1,0,0,12,11
27-02-2025,West Ham,Leicester,S Attwell,2,0,H,2,0,H,8,10,2,2,3,3,0,0,0,0,12,6
08-03-2025,Nott'm Forest,Man City,C Kavanagh,1,0,H,0,0,D,9,14,4,3,3,2,3,2,0,0,9,7
08-03-2025,Brighton,Fulham,S Barrott,2,1,H,1,1,D,9,6,4,1,3,7,0,2,0,0,6,12
08-03-2025,Crystal Palace,Ipswich,S Hooper,1,0,H,0,0,D,19,15,4,8,5,4,4,3,0,0,8,7
08-03-2025,Liverpool,Southampton,L Smith,3,1,H,0,1,A,28,6,7,4,6,4,2,1,0,0,10,9
08-03-2025,Brentford,Aston Villa,J Gillett,0,1,A,0,0,D,13,12,3,4,6,5,2,2,0,0,10,5
08-03-2025,Wolves,Everton,S Attwell,1,1,D,1,1,D,11,12,3,4,5,5,2,2,0,0,11,16
09-03-2025,Chelsea,Leicester,T Robinson,1,0,H,0,0,D,20,3,7,3,12,2,1,0,0,0,12,13
09-03-2025,Tottenham,Bournemouth,J Brooks,2,2,D,0,1,A,12,17,4,8,3,6,3,3,0,0,15,16
09-03-2025,Man United,Arsenal,A Taylor,1,1,D,1,0,H,10,17,6,6,2,9,0,1,0,0,8,11
10-03-2025,West Ham,Newcastle,M Salisbury,0,1,A,0,0,D,9,9,2,3,3,4,0,1,0,0,7,15
15-03-2025,Everton,West Ham,D Bond,1,1,D,0,0,D,13,10,5,5,6,5,1,2,0,0,12,8
15-03-2025,Ipswich,Nott'm Forest,M Salisbury,2,4,A,0,3,A,11,11,4,6,6,3,1,1,0,0,4,13
15-03-2025,Man City,Brighton,S Hooper,2,2,D,2,1,H,11,15,3,3,4,5,2,5,0,0,10,10
15-03-2025,Southampton,Wolves,R Jones,1,2,A,0,1,A,10,5,3,3,5,1,0,0,0,0,12,13
15-03-2025,Bournemouth,Brentford,C Pawson,1,2,A,1,1,D,17,10,5,4,4,3,3,0,0,0,13,7
16-03-2025,Arsenal,Chelsea,C Kavanagh,1,0,H,1,0,H,12,8,4,2,5,4,3,3,0,0,10,13
16-03-2025,Fulham,Tottenham,A Madley,2,0,H,0,0,D,13,12,4,4,6,5,0,0,0,0,13,10
16-03-2025,Leicester,Man United,T Bramall,0,3,A,0,1,A,11,18,3,5,6,4,2,0,0,0,6,6
01-04-2025,Arsenal,Fulham,J Brooks,2,1,H,1,0,H,17,9,4,3,5,4,1,2,0,0,2,10
01-04-2025,Wolves,West Ham,T Harrington,1,0,H,1,0,H,9,10,2,1,1,2,4,2,0,0,16,12
01-04-2025,Nott'm Forest,Man United,J Gillett,1,0,H,1,0,H,8,23,2,6,3,10,1,3,0,0,5,12
02-04-2025,Bournemouth,Ipswich,R Jones,1,2,A,0,1,A,24,10,7,2,8,3,1,2,0,0,14,15
02-04-2025,Brighton,Aston Villa,S Attwell,0,3,A,0,0,D,11,8,4,5,4,0,1,3,0,0,16,11
02-04-2025,Man City,Leicester,D England,2,0,H,2,0,H,18,2,5,0,5,0,1,4,0,0,11,8
02-04-2025,Newcastle,Brentford,P Bankes,2,1,H,1,0,H,21,12,4,3,4,5,1,1,0,0,12,12
02-04-2025,Southampton,Crystal Palace,A Madley,1,1,D,1,0,H,8,9,2,3,2,2,2,1,0,0,14,9
02-04-2025,Liverpool,Everton,S Barrott,1,0,H,0,0,D,17,5,3,0,11,5,2,2,0,0,7,11
03-04-2025,Chelsea,Tottenham,C Pawson,1,0,H,0,0,D,11,8,5,2,4,6,5,5,0,0,7,16
05-04-2025,Everton,Arsenal,D England,1,1,D,0,1,A,5,14,2,5,3,8,3,1,0,0,17,13
05-04-2025,Crystal Palace,Brighton,A Taylor,2,1,H,1,1,D,8,11,3,5,2,4,0,1,2,1,12,13
05-04-2025,Ipswich,Wolves,P Bankes,1,2,A,1,0,H,6,22,2,7,4,8,2,2,0,0,12,16
05-04-2025,West Ham,Bournemouth,T Robinson,2,2,D,0,1,A,9,11,3,4,4,7,2,2,0,0,13,13
05-04-2025,Aston Villa,Nott'm Forest,S Hooper,2,1,H,2,0,H,17,19,8,3,4,4,2,2,0,0,7,15
06-04-2025,Brentford,Chelsea,M Oliver,0,0,D,0,0,D,9,21,2,5,3,6,1,3,0,0,12,12
06-04-2025,Fulham,Liverpool,C Kavanagh,3,2,H,3,1,H,12,14,6,6,4,4,3,0,0,0,10,9
06-04-2025,Tottenham,Southampton,M Salisbury,3,1,H,2,0,H,13,12,8,4,4,1,1,1,0,0,16,20
06-04-2025,Man United,Man City,J Brooks,0,0,D,0,0,D,13,9,2,5,5,3,3,2,0,0,13,9
07-04-2025,Leicester,Newcastle,R Jones,0,3,A,0,3,A,7,16,2,5,12,2,2,0,0,0,8,9
12-04-2025,Man City,Crystal Palace,J Gillett,5,2,H,2,2,D,21,8,9,3,1,4,2,3,0,0,10,16
12-04-2025,Brighton,Leicester,D Bond,2,2,D,1,1,D,21,15,7,6,3,6,2,5,0,0,9,11
12-04-2025,Nott'm Forest,Everton,C Pawson,0,1,A,0,0,D,10,13,5,5,1,7,0,3,0,0,9,13
12-04-2025,Southampton,Aston Villa,T Bramall,0,3,A,0,0,D,7,25,2,10,2,14,3,1,0,0,11,4
12-04-2025,Arsenal,Brentford,S Hooper,1,1,D,0,0,D,14,3,3,2,13,5,1,3,0,0,7,9
13-04-2025,Chelsea,Ipswich,S Attwell,2,2,D,0,2,A,34,13,9,4,15,4,2,2,0,0,11,7
13-04-2025,Liverpool,West Ham,A Madley,2,1,H,1,0,H,15,11,6,4,10,3,0,2,0,0,15,8
13-04-2025,Wolves,Tottenham,A Taylor,4,2,H,2,0,H,13,11,5,4,1,4,1,2,0,0,12,15
13-04-2025,Newcastle,Man United,C Kavanagh,4,1,H,1,1,D,13,9,6,5,7,2,0,2,0,0,7,9
14-04-2025,Bournemouth,Fulham,O Oliver,1,0,H,1,0,H,12,12,3,7,6,9,3,2,0,0,11,10
16-04-2025,Newcastle,Crystal Palace,D England,5,0,H,4,0,H,14,11,7,4,5,4,2,3,0,0,9,15
19-04-2025,Brentford,Brighton,T Robinson,4,2,H,1,1,D,16,12,8,3,4,8,3,3,0,1,7,11
19-04-2025,Crystal Palace,Bournemouth,S Barrott,0,0,D,0,0,D,5,15,0,4,5,4,3,4,1,0,13,10
19-04-2025,Everton,Man City,S Hooper,0,2,A,0,0,D,8,12,3,7,2,5,4,0,0,0,7,6
19-04-2025,West Ham,Southampton,A Kitchen,1,1,D,0,0,D,12,15,4,4,2,5,2,1,0,0,14,13
19-04-2025,Aston Villa,Newcastle,J Gillett,4,1,H,1,1,D,23,10,9,3,7,7,1,3,0,0,9,12
20-04-2025,Fulham,Chelsea,A Taylor,1,2,A,1,0,H,6,13,1,8,6,4,1,3,0,0,13,9
20-04-2025,Ipswich,Arsenal,C Kavanagh,0,4,A,0,2,A,4,24,0,7,0,12,0,0,1,0,10,7
20-04-2025,Man United,Wolves,R Jones,0,1,A,0,0,D,12,4,2,2,9,2,2,3,0,0,11,18
20-04-2025,Leicester,Liverpool,S Attwell,0,1,A,0,0,D,5,28,0,10,1,13,1,2,0,0,11,7
21-04-2025,Tottenham,Nott'm Forest,P Bankes,1,2,A,0,2,A,22,4,6,3,7,1,1,4,0,0,11,12
22-04-2025,Man City,Aston Villa,C Pawson,2,1,H,1,1,D,14,7,6,3,10,2,3,3,0,0,9,10
23-04-2025,Arsenal,Crystal Palace,M Salisbury,2,2,D,2,1,H,12,15,6,4,3,6,1,1,0,0,4,6
26-04-2025,Chelsea,Everton,C Kavanagh,1,0,H,1,0,H,10,6,7,3,10,2,0,0,0,0,11,11
26-04-2025,Brighton,West Ham,D England,3,2,H,1,0,H,16,12,9,4,8,1,1,1,0,0,7,9
26-04-2025,Newcastle,Ipswich,M Salisbury,3,0,H,1,0,H,25,4,5,0,11,2,1,2,0,1,9,9
26-04-2025,Southampton,Fulham,T Harrington,1,2,A,1,0,H,7,26,3,5,0,13,1,1,0,0,10,12
26-04-2025,Wolves,Leicester,S Barrott,3,0,H,1,0,H,20,8,6,2,4,2,1,4,0,0,7,17
27-04-2025,Bournemouth,Man United,P Bankes,1,1,D,1,0,H,8,25,1,6,5,10,4,2,1,0,11,12
27-04-2025,Liverpool,Tottenham,T Bramall,5,1,H,3,1,H,25,8,8,3,8,2,2,1,0,0,16,9
01-05-2025,Nott'm Forest,Brentford,D England,0,2,A,0,1,A,14,11,5,3,4,5,3,5,0,0,10,12
02-05-2025,Man City,Wolves,P Bankes,1,0,H,1,0,H,9,6,2,1,4,5,0,0,0,0,7,11
03-05-2025,Aston Villa,Fulham,R Jones,1,0,H,1,0,H,10,11,3,3,5,3,0,5,0,0,6,17
03-05-2025,Everton,Ipswich,L Smith,2,2,D,2,1,H,8,12,3,5,3,3,4,4,0,0,12,15
03-05-2025,Leicester,Southampton,D Webb,2,0,H,2,0,H,14,8,4,2,7,7,1,3,0,0,12,13
03-05-2025,Arsenal,Bournemouth,J Gillett,1,2,A,1,0,H,13,9,4,2,2,3,0,2,0,0,7,16
04-05-2025,Brentford,Man United,A Taylor,4,3,H,2,1,H,12,14,6,5,7,4,0,2,0,0,8,10
04-05-2025,Brighton,Newcastle,C Pawson,1,1,D,1,0,H,5,13,2,5,1,4,2,1,0,0,15,10
04-05-2025,West Ham,Tottenham,M Oliver,1,1,D,1,1,D,11,7,2,2,1,3,2,2,0,0,18,15
04-05-2025,Chelsea,Liverpool,S Hooper,3,1,H,1,0,H,17,11,7,2,3,6,2,2,0,0,10,11
05-05-2025,Crystal Palace,Nott'm Forest,A Madley,1,1,D,0,0,D,20,12,3,4,7,4,3,8,0,0,9,15
10-05-2025,Fulham,Everton,M Salisbury,1,3,A,1,1,D,18,11,6,7,5,5,1,0,0,0,15,9
10-05-2025,Ipswich,Brentford,S Barrott,0,1,A,0,1,A,11,15,4,5,5,6,2,4,0,0,6,12
10-05-2025,Southampton,Man City,T Robinson,0,0,D,0,0,D,2,26,0,5,1,15,2,0,0,0,9,8
10-05-2025,Wolves,Brighton,M Oliver,0,2,A,0,1,A,10,7,3,2,7,4,1,1,0,0,8,12
10-05-2025,Bournemouth,Aston Villa,S Attwell,0,1,A,0,1,A,10,6,4,3,10,0,4,3,0,1,19,12
11-05-2025,Newcastle,Chelsea,J Brooks,2,0,H,1,0,H,15,10,6,3,2,8,4,2,0,1,9,13
11-05-2025,Man United,West Ham,J Gillett,0,2,A,0,1,A,20,9,5,4,8,5,0,1,0,0,3,13
11-05-2025,Nott'm Forest,Leicester,T Harrington,2,2,D,1,1,D,15,10,4,6,4,4,3,3,0,0,11,11
11-05-2025,Tottenham,Crystal Palace,C Kavanagh,0,2,A,0,1,A,8,23,1,10,4,8,1,1,0,0,12,10
11-05-2025,Liverpool,Arsenal,A Taylor,2,2,D,2,0,H,14,15,5,7,3,1,1,1,0,1,13,10
16-05-2025,Aston Villa,Tottenham,P Bankes,2,0,H,0,0,D,18,3,7,1,9,1,1,2,0,0,5,12
16-05-2025,Chelsea,Man United,C Kavanagh,1,0,H,0,0,D,11,4,3,1,7,2,1,6,0,0,10,14
18-05-2025,Everton,Southampton,M Oliver,2,0,H,2,0,H,13,6,5,2,4,5,1,1,0,0,6,10
18-05-2025,West Ham,Nott'm Forest,S Barrott,1,2,A,0,1,A,16,10,5,5,8,7,6,3,0,0,14,7
18-05-2025,Brentford,Fulham,J Gillett,2,3,A,2,1,H,11,16,6,7,5,3,4,4,0,0,12,8
18-05-2025,Leicester,Ipswich,A Kitchen,2,0,H,1,0,H,9,20,3,2,2,2,1,0,0,0,15,12
18-05-2025,Arsenal,Newcastle,S Hooper,1,0,H,0,0,D,12,14,4,5,10,7,3,3,0,0,9,9
19-05-2025,Brighton,Liverpool,J Brooks,3,2,H,1,2,A,25,18,12,5,3,3,1,0,0,0,9,8
20-05-2025,Crystal Palace,Wolves,D Webb,4,2,H,2,1,H,14,12,10,3,0,10,1,2,0,0,14,8
20-05-2025,Man City,Bournemouth,T Bramall,3,1,H,2,0,H,12,8,5,2,3,1,1,3,1,1,7,13
25-05-2025,Bournemouth,Leicester,L Smith,2,0,H,0,0,D,20,3,7,0,6,1,0,2,0,0,19,16
25-05-2025,Fulham,Man City,A Madley,0,2,A,0,1,A,13,20,3,5,1,6,0,0,0,0,11,5
25-05-2025,Ipswich,West Ham,T Robinson,1,3,A,0,1,A,14,10,4,6,4,0,1,1,0,0,10,9
25-05-2025,Liverpool,Crystal Palace,D England,1,1,D,0,1,A,14,8,3,5,11,0,1,0,1,0,7,10
25-05-2025,Man United,Aston Villa,T Bramall,2,0,H,0,0,D,25,6,10,1,4,3,2,2,0,1,10,10
25-05-2025,Newcastle,Everton,T Harrington,0,1,A,0,0,D,17,14,6,6,12,3,1,4,0,0,12,9
25-05-2025,Nott'm Forest,Chelsea,A Taylor,0,1,A,0,0,D,10,6,2,2,7,4,2,2,0,0,10,11
25-05-2025,Southampton,Arsenal,D Bond,1,2,A,0,1,A,7,23,2,8,5,8,0,0,0,0,7,8
25-05-2025,Tottenham,Brighton,R Jones,1,4,A,1,0,H,4,23,2,8,2,11,3,1,0,0,13,8
25-05-2025,Wolves,Brentford,C Pawson,1,1,D,0,1,A,18,13,6,7,8,3,2,1,0,0,7,9
15-08-2025,Liverpool,Bournemouth,A Taylor,4,2,H,1,0,H,19,10,10,3,6,7,1,2,0,0,7,10
16-08-2025,Aston Villa,Newcastle,C Pawson,0,0,D,0,0,D,3,16,3,3,3,6,1,1,1,0,13,11
16-08-2025,Brighton,Fulham,S Barrott,1,1,D,0,0,D,10,7,4,2,4,3,3,3,0,0,16,15
16-08-2025,Sunderland,West Ham,R Jones,3,0,H,0,0,D,10,12,5,4,5,7,0,1,0,0,8,10
16-08-2025,Tottenham,Burnley,M Oliver,3,0,H,1,0,H,16,14,6,4,6,5,0,0,0,0,14,8
16-08-2025,Wolves,Man City,J Gillett,0,4,A,0,2,A,9,15,3,4,4,6,1,2,0,0,13,7
17-08-2025,Chelsea,Crystal Palace,D England,0,0,D,0,0,D,19,12,3,4,11,2,2,3,0,0,10,12
17-08-2025,Nott'm Forest,Brentford,P Bankes,3,1,H,3,0,H,11,10,5,3,5,5,1,2,0,0,7,15
17-08-2025,Man United,Arsenal,S Hooper,0,1,A,0,1,A,22,9,7,3,3,4,1,4,0,0,10,19
18-08-2025,Leeds,Everton,C Kavanagh,1,0,H,0,0,D,21,7,3,1,7,2,0,2,0,0,6,8
22-08-2025,West Ham,Chelsea,M Oliver,1,5,A,1,3,A,12,12,4,7,7,5,0,1,0,0,7,10
23-08-2025,Man City,Tottenham,P Bankes,0,2,A,0,2,A,10,12,4,5,7,2,1,4,0,0,7,12
23-08-2025,Bournemouth,Wolves,T Bramall,1,0,H,1,0,H,14,6,4,1,8,3,2,4,0,1,13,16
23-08-2025,Brentford,Aston Villa,T Harrington,1,0,H,1,0,H,9,17,2,2,2,9,1,2,0,0,11,9
23-08-2025,Burnley,Sunderland,M Salisbury,2,0,H,0,0,D,7,9,2,1,4,3,0,1,0,0,9,5
23-08-2025,Arsenal,Leeds,J Gillett,5,0,H,2,0,H,18,3,5,1,2,2,0,2,0,0,8,11
24-08-2025,Crystal Palace,Nott'm Forest,A Taylor,1,1,D,1,0,H,8,9,4,1,1,3,3,3,0,0,11,11
24-08-2025,Everton,Brighton,S Attwell,2,0,H,1,0,H,11,13,3,4,2,2,4,3,0,0,7,15
24-08-2025,Fulham,Man United,C Kavanagh,1,1,D,0,0,D,13,10,4,3,9,6,1,1,0,0,12,10
25-08-2025,Newcastle,Liverpool,S Hooper,2,3,A,0,1,A,10,5,3,4,7,1,2,3,1,0,17,15
30-08-2025,Chelsea,Fulham,R Jones,2,0,H,1,0,H,13,11,6,3,6,4,2,2,0,0,11,17
30-08-2025,Man United,Burnley,S Barrott,3,2,H,1,0,H,26,6,6,3,7,1,1,5,0,0,9,9
30-08-2025,Sunderland,Brentford,A Taylor,2,1,H,0,0,D,12,7,3,4,3,4,3,2,0,0,11,12
30-08-2025,Tottenham,Bournemouth,S Hooper,0,1,A,0,1,A,5,20,1,6,0,8,2,4,0,0,17,13
30-08-2025,Wolves,Everton,M Oliver,2,3,A,1,2,A,12,10,4,4,2,2,0,1,0,0,15,10
30-08-2025,Leeds,Newcastle,P Bankes,0,0,D,0,0,D,10,8,1,2,5,5,1,1,0,0,10,15
31-08-2025,Brighton,Man City,D England,2,1,H,0,1,A,12,12,7,3,3,2,2,2,0,0,16,14
31-08-2025,Nott'm Forest,West Ham,C Pawson,0,3,A,0,0,D,11,12,3,8,9,7,0,0,0,0,14,6
31-08-2025,Liverpool,Arsenal,C Kavanagh,1,0,H,0,0,D,9,11,3,1,3,8,2,2,0,0,7,10
31-08-2025,Aston Villa,Crystal Palace,S Attwell,0,3,A,0,1,A,13,6,4,4,10,1,2,3,0,0,7,14
13-09-2025,Arsenal,Nott'm Forest,D England,3,0,H,1,0,H,16,5,5,1,8,4,1,1,0,0,8,11
13-09-2025,Bournemouth,Brighton,P Bankes,2,1,H,1,0,H,13,6,5,2,4,4,4,4,0,0,16,10
13-09-2025,Crystal Palace,Sunderland,T Bramall,0,0,D,0,0,D,14,6,6,0,5,3,1,1,0,0,10,8
13-09-2025,Everton,Aston Villa,S Hooper,0,0,D,0,0,D,20,7,2,1,10,3,3,3,0,0,17,15
13-09-2025,Fulham,Leeds,C Pawson,1,0,H,0,0,D,5,10,3,3,3,3,1,2,0,0,20,15
13-09-2025,Newcastle,Wolves,C Kavanagh,1,0,H,1,0,H,16,8,4,3,10,4,1,4,0,0,10,17
13-09-2025,West Ham,Tottenham,J Gillett,0,3,A,0,0,D,7,14,4,5,2,13,0,1,1,0,8,7
13-09-2025,Brentford,Chelsea,S Attwell,2,2,D,1,0,H,7,16,4,6,5,6,3,2,0,0,13,9
14-09-2025,Burnley,Liverpool,M Oliver,0,1,A,0,0,D,3,27,0,4,1,13,0,2,0,0,9,9
14-09-2025,Man City,Man United,A Taylor,3,0,H,1,0,H,13,12,6,2,2,4,0,0,0,0,8,8
20-09-2025,Liverpool,Everton,D England,2,1,H,2,0,H,11,9,3,2,5,4,2,3,0,0,11,10
20-09-2025,Brighton,Tottenham,C Kavanagh,2,2,D,2,1,H,12,11,4,3,2,10,1,2,0,0,10,13
20-09-2025,Burnley,Nott'm Forest,T Bramall,1,1,D,1,1,D,12,17,5,8,4,5,1,1,0,0,12,11
20-09-2025,West Ham,Crystal Palace,T Harrington,1,2,A,0,1,A,8,18,3,3,8,8,3,3,0,0,15,5
20-09-2025,Wolves,Leeds,A Taylor,1,3,A,1,3,A,16,6,6,4,4,0,1,1,0,0,11,9
20-09-2025,Man United,Chelsea,P Bankes,2,1,H,2,0,H,11,5,4,1,5,5,0,5,1,1,13,14
20-09-2025,Fulham,Brentford,M Oliver,3,1,H,2,1,H,14,8,3,3,2,10,4,1,0,0,11,13
21-09-2025,Bournemouth,Newcastle,R Jones,0,0,D,0,0,D,11,4,2,1,5,2,2,1,0,0,7,10
21-09-2025,Sunderland,Aston Villa,S Barrott,1,1,D,0,0,D,14,12,4,2,6,5,2,1,1,0,14,8
21-09-2025,Arsenal,Man City,S Attwell,1,1,D,0,1,A,12,5,3,3,11,2,1,2,0,0,11,10
27-09-2025,Brentford,Man United,C Pawson,3,1,H,2,1,H,10,14,8,6,4,2,2,2,0,0,14,10
27-09-2025,Chelsea,Brighton,S Hooper,1,3,A,1,0,H,13,12,3,3,5,7,3,5,1,0,9,16
27-09-2025,Crystal Palace,Liverpool,C Kavanagh,2,1,H,1,0,H,16,20,7,4,2,6,1,3,0,0,10,8
27-09-2025,Leeds,Bournemouth,M Oliver,2,2,D,1,1,D,19,12,8,5,7,4,2,2,0,0,12,13
27-09-2025,Man City,Burnley,R Jones,5,1,H,1,1,D,21,9,8,2,10,2,1,3,0,0,5,7
27-09-2025,Nott'm Forest,Sunderland,T Harrington,0,1,A,0,1,A,22,11,6,3,7,4,4,2,0,0,11,6
27-09-2025,Tottenham,Wolves,M Salisbury,1,1,D,0,0,D,10,9,3,3,10,9,3,2,0,0,9,11
28-09-2025,Aston Villa,Fulham,A Madley,3,1,H,1,1,D,9,11,4,4,2,8,1,4,0,0,10,13
28-09-2025,Newcastle,Arsenal,J Gillett,1,2,A,1,0,H,8,20,3,7,7,12,2,1,0,0,8,9
29-09-2025,Everton,West Ham,S Barrott,1,1,D,1,0,H,12,14,6,3,3,5,3,4,0,0,7,16
03-10-2025,Bournemouth,Fulham,S Hooper,3,1,H,0,0,D,11,12,6,4,4,3,0,1,0,0,8,10
04-10-2025,Leeds,Tottenham,T Bramall,1,2,A,1,1,D,16,9,4,3,4,1,2,3,0,0,10,12
04-10-2025,Arsenal,West Ham,J Brooks,2,0,H,1,0,H,21,4,5,0,8,3,0,2,0,0,14,14
04-10-2025,Man United,Sunderland,S Attwell,2,0,H,2,0,H,15,8,6,3,2,3,1,4,0,0,10,12
04-10-2025,Chelsea,Liverpool,A Taylor,2,1,H,1,0,H,12,12,6,2,7,2,0,2,0,0,9,8
05-10-2025,Aston Villa,Burnley,A Kitchen,2,1,H,1,0,H,15,5,7,2,6,4,3,1,0,0,9,15
05-10-2025,Everton,Crystal Palace,M Salisbury,2,1,H,0,1,A,14,15,7,8,2,4,2,3,0,0,13,16
05-10-2025,Newcastle,Nott'm Forest,P Bankes,2,0,H,0,0,D,18,5,9,4,8,1,0,4,0,0,16,15
05-10-2025,Wolves,Brighton,J Gillett,1,1,D,1,0,H,6,17,3,6,2,8,2,4,0,0,13,9
05-10-2025,Brentford,Man City,D England,0,1,A,0,1,A,6,10,1,4,3,2,3,2,0,0,10,6
18-10-2025,Nott'm Forest,Chelsea,C Kavanagh,0,3,A,0,0,D,12,17,2,6,5,2,2,2,0,1,13,16
18-10-2025,Brighton,Newcastle,C Pawson,2,1,H,1,0,H,13,16,5,3,8,4,0,1,0,0,9,9
18-10-2025,Burnley,Leeds,T Robinson,2,0,H,1,0,H,4,19,3,4,1,5,2,1,0,0,10,7
18-10-2025,Crystal Palace,Bournemouth,J Gillett,3,3,D,0,2,A,20,8,7,5,6,5,1,4,0,0,8,16
18-10-2025,Man City,Everton,T Harrington,2,0,H,0,0,D,19,5,7,1,11,3,0,2,0,0,8,14
18-10-2025,Sunderland,Wolves,R Jones,2,0,H,1,0,H,8,16,2,3,3,2,0,0,0,0,5,12
18-10-2025,Fulham,Arsenal,A Taylor,0,1,A,0,0,D,9,16,0,5,6,10,0,0,0,0,11,4
19-10-2025,Tottenham,Aston Villa,S Hooper,1,2,A,1,1,D,9,8,3,2,6,6,2,0,0,0,11,7
19-10-2025,Liverpool,Man United,M Oliver,1,2,A,0,1,A,19,12,6,4,9,4,0,2,0,0,8,14
20-10-2025,West Ham,Brentford,A Madley,0,2,A,0,1,A,7,22,1,7,6,10,1,1,0,0,10,10
24-10-2025,Leeds,West Ham,S Attwell,2,1,H,2,0,H,13,9,5,3,3,4,3,3,0,0,12,11
25-10-2025,Chelsea,Sunderland,A Madley,1,2,A,1,1,D,16,10,7,4,9,1,1,1,0,0,15,13
25-10-2025,Newcastle,Fulham,P Bankes,2,1,H,1,0,H,18,12,7,5,4,3,0,2,0,0,11,18
25-10-2025,Man United,Brighton,A Taylor,4,2,H,2,0,H,13,17,9,5,1,6,2,2,0,0,4,13
25-10-2025,Brentford,Liverpool,S Hooper,3,2,H,2,1,H,17,18,8,5,5,4,3,2,0,0,7,10
26-10-2025,Arsenal,Crystal Palace,T Bramall,1,0,H,1,0,H,10,7,3,1,4,3,0,0,0,0,6,11
26-10-2025,Aston Villa,Man City,M Oliver,1,0,H,1,0,H,9,18,3,4,5,6,1,4,0,0,8,16
26-10-2025,Bournemouth,Nott'm Forest,S Barrott,2,0,H,2,0,H,13,8,5,4,6,4,3,1,0,0,17,7
26-10-2025,Wolves,Burnley,T Harrington,2,3,A,2,2,D,15,11,7,7,5,3,1,0,0,0,12,7
26-10-2025,Everton,Tottenham,C Pawson,0,3,A,0,2,A,12,7,2,4,9,8,2,0,0,0,9,8
01-11-2025,Brighton,Leeds,M Oliver,3,0,H,1,0,H,14,5,7,2,4,7,0,1,0,0,10,7
01-11-2025,Burnley,Arsenal,C Kavanagh,0,2,A,0,2,A,3,12,0,8,1,6,2,1,0,0,10,13
01-11-2025,Crystal Palace,Brentford,P Bankes,2,0,H,1,0,H,9,6,2,2,6,5,0,3,0,0,7,11
01-11-2025,Fulham,Wolves,J Brooks,3,0,H,1,0,H,19,5,6,2,10,1,1,3,0,1,13,14
01-11-2025,Nott'm Forest,Man United,D England,2,2,D,0,1,A,17,18,3,7,8,5,1,1,0,0,10,7
01-11-2025,Tottenham,Chelsea,J Gillett,0,1,A,0,1,A,3,15,1,9,6,5,4,2,0,0,14,12
01-11-2025,Liverpool,Aston Villa,S Attwell,2,0,H,1,0,H,16,10,4,3,1,4,2,3,0,0,13,11
02-11-2025,West Ham,Newcastle,R Jones,3,1,H,2,1,H,15,12,9,4,7,6,1,2,0,0,5,10
02-11-2025,Man City,Bournemouth,A Taylor,3,1,H,2,1,H,15,8,8,5,10,4,2,2,0,0,8,11
03-11-2025,Sunderland,Everton,T Bramall,1,1,D,0,1,A,17,8,3,2,4,1,3,2,0,0,10,12
08-11-2025,Tottenham,Man United,S Barrott,2,2,D,0,1,A,10,5,4,2,5,3,5,1,0,0,10,8
08-11-2025,Everton,Fulham,A Madley,2,0,H,1,0,H,14,8,5,4,7,5,2,2,0,0,11,14
08-11-2025,West Ham,Burnley,M Salisbury,3,2,H,1,1,D,15,16,6,7,7,4,2,2,0,0,15,13
08-11-2025,Sunderland,Arsenal,C Pawson,2,2,D,1,0,H,6,17,2,7,2,2,2,1,0,0,13,13
08-11-2025,Chelsea,Wolves,A Kitchen,3,0,H,0,0,D,20,3,8,0,10,1,1,2,0,0,12,14
09-11-2025,Aston Villa,Bournemouth,J Brooks,4,0,H,2,0,H,16,13,8,4,6,9,2,2,0,0,8,20
09-11-2025,Brentford,Newcastle,S Attwell,3,1,H,0,1,A,15,5,7,1,6,2,2,1,0,0,10,13
09-11-2025,Crystal Palace,Brighton,T Robinson,0,0,D,0,0,D,10,7,2,3,4,8,1,4,0,0,10,12
09-11-2025,Nott'm Forest,Leeds,J Gillett,3,1,H,1,1,D,14,10,6,3,6,4,2,1,0,0,10,11
09-11-2025,Man City,Liverpool,C Kavanagh,3,0,H,2,0,H,14,7,6,1,7,7,2,4,0,0,14,15
22-11-2025,Burnley,Chelsea,P Bankes,0,2,A,0,1,A,8,15,2,5,1,9,2,3,0,0,13,8
22-11-2025,Bournemouth,West Ham,T Bramall,2,2,D,0,2,A,28,5,10,2,9,2,3,2,0,0,9,10
22-11-2025,Brighton,Brentford,C Kavanagh,2,1,H,0,1,A,14,10,5,4,7,4,4,2,0,0,10,9
22-11-2025,Fulham,Sunderland,D England,1,0,H,0,0,D,24,4,6,2,7,4,3,3,0,0,5,13
22-11-2025,Liverpool,Nott'm Forest,A Madley,0,3,A,0,1,A,21,15,4,7,8,6,2,0,0,0,11,8
22-11-2025,Wolves,Crystal Palace,A Taylor,0,2,A,0,0,D,8,10,1,4,1,4,2,3,0,0,13,9
22-11-2025,Newcastle,Man City,S Barrott,2,1,H,0,0,D,9,17,5,4,5,9,1,3,0,0,13,8
23-11-2025,Leeds,Aston Villa,R Jones,1,2,A,1,0,H,14,14,5,3,3,3,5,1,0,0,18,16
23-11-2025,Arsenal,Tottenham,M Oliver,4,1,H,2,0,H,17,3,8,2,4,1,1,3,0,0,11,15
24-11-2025,Man United,Everton,T Harrington,0,1,A,0,1,A,25,3,6,1,9,1,2,0,0,1,12,9
29-11-2025,Brentford,Burnley,S Barrott,3,1,H,0,0,D,14,6,4,2,5,6,0,2,0,0,7,7
29-11-2025,Man City,Leeds,P Bankes,3,2,H,2,0,H,18,9,9,4,8,1,4,1,0,0,17,11
29-11-2025,Sunderland,Bournemouth,T Robinson,3,2,H,1,2,A,12,18,6,6,6,3,5,5,0,1,14,13
29-11-2025,Everton,Newcastle,C Pawson,1,4,A,0,3,A,10,13,2,8,8,7,0,0,0,0,4,6
29-11-2025,Tottenham,Fulham,S Attwell,1,2,A,0,2,A,14,7,2,3,8,2,3,2,0,0,11,7
30-11-2025,Crystal Palace,Man United,R Jones,1,2,A,1,0,H,14,14,3,6,4,4,3,2,0,0,14,14
30-11-2025,Aston Villa,Wolves,C Kavanagh,1,0,H,0,0,D,16,9,6,4,7,3,0,4,0,0,13,21
30-11-2025,Nott'm Forest,Brighton,M Oliver,0,2,A,0,1,A,19,17,3,6,9,2,0,1,0,0,11,10
30-11-2025,West Ham,Liverpool,D England,0,2,A,0,0,D,7,9,0,5,7,2,1,0,1,0,12,14
30-11-2025,Chelsea,Arsenal,A Taylor,1,1,D,0,0,D,11,8,4,4,3,3,1,6,1,0,12,13
02-12-2025,Bournemouth,Everton,M Salisbury,0,1,A,0,0,D,5,13,2,3,1,6,3,3,0,0,14,14
02-12-2025,Fulham,Man City,C Pawson,4,5,A,1,3,A,12,11,6,4,7,2,0,1,0,0,9,7
02-12-2025,Newcastle,Tottenham,T Bramall,2,2,D,0,0,D,19,8,7,2,11,8,0,3,0,0,5,12
03-12-2025,Arsenal,Brentford,T Harrington,2,0,H,1,0,H,15,6,7,1,4,8,0,1,0,0,7,9
03-12-2025,Brighton,Aston Villa,A Madley,3,4,A,2,2,D,16,14,7,10,5,6,2,2,0,0,10,9
03-12-2025,Burnley,Crystal Palace,T Kirk,0,1,A,0,1,A,11,3,4,3,3,4,0,0,0,0,9,8
03-12-2025,Wolves,Nott'm Forest,T Robinson,0,1,A,0,0,D,5,10,1,3,3,9,2,2,0,0,19,11
03-12-2025,Leeds,Chelsea,D England,3,1,H,2,0,H,17,14,5,2,4,2,1,1,0,0,10,13
03-12-2025,Liverpool,Sunderland,S Attwell,1,1,D,0,0,D,23,9,4,6,7,3,1,1,0,0,10,5
04-12-2025,Man United,West Ham,A Kitchen,1,1,D,0,0,D,17,11,4,3,6,6,2,2,0,0,13,9
06-12-2025,Aston Villa,Arsenal,P Bankes,2,1,H,1,0,H,15,15,6,9,3,3,0,2,0,0,10,8
06-12-2025,Bournemouth,Chelsea,M Oliver,0,0,D,0,0,D,13,11,5,4,5,0,0,2,0,0,15,13
06-12-2025,Everton,Nott'm Forest,C Kavanagh,3,0,H,2,0,H,11,7,5,3,6,3,4,3,0,0,17,15
06-12-2025,Man City,Sunderland,A Madley,3,0,H,2,0,H,18,8,6,1,6,5,1,0,0,1,9,10
06-12-2025,Newcastle,Burnley,S Attwell,2,1,H,2,0,H,17,9,7,3,9,9,2,2,0,1,9,11
06-12-2025,Tottenham,Brentford,R Jones,2,0,H,2,0,H,15,4,7,1,7,6,3,4,0,0,8,9
06-12-2025,Leeds,Liverpool,A Taylor,3,3,D,0,0,D,12,16,5,7,5,4,3,3,0,0,14,14
07-12-2025,Brighton,West Ham,S Hooper,1,1,D,0,0,D,22,14,4,5,10,6,2,2,0,0,12,8
07-12-2025,Fulham,Crystal Palace,S Barrott,1,2,A,1,1,D,12,11,4,5,6,4,0,0,0,0,5,8
08-12-2025,Wolves,Man United,M Salisbury,1,4,A,1,1,D,8,27,2,10,1,9,3,2,0,0,17,12
13-12-2025,Chelsea,Everton,T Bramall,2,0,H,2,0,H,17,11,5,2,4,7,1,0,0,0,13,11
13-12-2025,Liverpool,Brighton,C Pawson,2,0,H,1,0,H,18,14,4,1,2,2,1,2,0,0,8,15
13-12-2025,Burnley,Fulham,M Oliver,2,3,A,1,2,A,16,6,8,4,10,4,1,2,0,0,8,8
13-12-2025,Arsenal,Wolves,R Jones,2,1,H,0,0,D,16,3,2,2,8,0,0,4,0,0,7,15
14-12-2025,Crystal Palace,Man City,D England,0,3,A,0,1,A,16,7,4,6,2,2,2,0,0,0,9,6
14-12-2025,Nott'm Forest,Tottenham,S Barrott,3,0,H,1,0,H,15,6,6,1,3,3,1,3,0,0,9,13
14-12-2025,Sunderland,Newcastle,P Bankes,1,0,H,0,0,D,5,6,1,2,3,6,5,4,0,0,10,10
14-12-2025,West Ham,Aston Villa,A Taylor,2,3,A,2,1,H,10,7,3,4,5,3,1,2,0,0,18,13
14-12-2025,Brentford,Leeds,J Brooks,1,1,D,0,0,D,7,18,2,4,0,3,0,0,0,0,8,9
15-12-2025,Man United,Bournemouth,S Hooper,4,4,D,2,1,H,25,14,9,9,5,4,2,3,0,0,15,12
20-12-2025,Newcastle,Chelsea,A Madley,2,2,D,2,0,H,11,13,5,4,6,4,3,6,0,0,13,14
20-12-2025,Bournemouth,Burnley,C Kavanagh,1,1,D,0,0,D,16,4,1,1,5,3,1,1,0,0,11,11
20-12-2025,Brighton,Sunderland,D England,0,0,D,0,0,D,16,14,4,6,3,4,2,2,0,0,11,15
20-12-2025,Man City,West Ham,P Tierney,3,0,H,2,0,H,17,7,8,3,6,0,1,1,0,0,16,10
20-12-2025,Wolves,Brentford,M Donohue,0,2,A,0,0,D,9,7,2,6,3,4,2,4,0,0,12,15
20-12-2025,Tottenham,Liverpool,J Brooks,1,2,A,0,0,D,15,8,4,4,2,6,3,3,2,0,9,7
20-12-2025,Everton,Arsenal,S Barrott,0,1,A,0,1,A,5,13,1,2,2,3,2,2,0,0,4,5
20-12-2025,Leeds,Crystal Palace,T Bramall,4,1,H,2,0,H,20,9,8,3,9,5,1,3,0,0,5,10
21-12-2025,Aston Villa,Man United,M Oliver,2,1,H,1,1,D,12,15,4,6,5,5,1,2,0,0,11,14
22-12-2025,Fulham,Nott'm Forest,A Taylor,1,0,H,1,0,H,11,12,1,2,1,5,5,4,0,0,5,9
26-12-2025,Man United,Newcastle,A Taylor,1,0,H,1,0,H,10,16,4,3,2,11,2,1,0,0,9,5
27-12-2025,Nott'm Forest,Man City,R Jones,1,2,A,0,0,D,7,16,2,5,5,5,1,2,0,0,5,13
27-12-2025,Arsenal,Brighton,J Brooks,2,1,H,1,0,H,24,8,6,3,7,2,2,3,0,0,7,13
27-12-2025,Brentford,Bournemouth,P Bankes,4,1,H,2,0,H,15,20,7,10,2,15,2,2,0,0,9,8
27-12-2025,Burnley,Everton,C Pawson,0,0,D,0,0,D,16,15,0,6,6,5,0,2,0,0,8,8
27-12-2025,Liverpool,Wolves,S Hooper,2,1,H,2,0,H,14,9,4,4,6,4,0,1,0,0,5,13
27-12-2025,West Ham,Fulham,C Kavanagh,0,1,A,0,0,D,11,15,2,4,5,4,1,3,0,0,8,8
27-12-2025,Chelsea,Aston Villa,S Attwell,1,2,A,1,0,H,14,11,3,8,6,7,5,3,0,0,16,8
28-12-2025,Sunderland,Leeds,T Harrington,1,1,D,1,0,H,8,17,3,6,3,9,1,0,0,0,7,9
28-12-2025,Crystal Palace,Tottenham,J Gillett,0,1,A,0,1,A,15,8,2,4,3,2,3,2,0,0,7,5
30-12-2025,Burnley,Newcastle,R Jones,1,3,A,1,2,A,15,20,4,9,3,4,2,1,0,0,9,3
30-12-2025,Chelsea,Bournemouth,S Barrott,2,2,D,2,2,D,17,17,3,6,12,3,1,1,0,0,5,12
30-12-2025,Nott'm Forest,Everton,M Oliver,0,2,A,0,1,A,21,11,6,3,9,2,1,0,0,0,11,9
30-12-2025,West Ham,Brighton,M Salisbury,2,2,D,2,1,H,10,16,4,6,5,5,3,5,0,0,11,18
30-12-2025,Arsenal,Aston Villa,D England,4,1,H,0,0,D,22,11,7,3,3,3,2,3,0,0,18,9
30-12-2025,Man United,Wolves,T Bramall,1,1,D,1,1,D,15,11,6,4,8,4,0,2,0,0,9,12
01-01-2026,Crystal Palace,Fulham,T Harrington,1,1,D,1,0,H,11,17,2,5,6,3,0,5,0,0,7,10
01-01-2026,Liverpool,Leeds,C Kavanagh,0,0,D,0,0,D,19,4,4,2,8,3,0,2,0,0,10,8
01-01-2026,Brentford,Tottenham,A Madley,0,0,D,0,0,D,7,9,2,3,3,1,1,2,0,0,8,10
01-01-2026,Sunderland,Man City,J Gillett,0,0,D,0,0,D,10,14,4,4,3,5,1,1,0,0,9,6
03-01-2026,Aston Villa,Nott'm Forest,S Hooper,3,1,H,1,0,H,11,10,4,5,4,4,1,2,0,0,10,20
03-01-2026,Brighton,Burnley,T Robinson,2,0,H,1,0,H,15,5,4,3,4,4,0,4,0,0,7,17
03-01-2026,Wolves,West Ham,P Bankes,3,0,H,3,0,H,11,6,8,0,6,7,1,0,0,0,11,10
03-01-2026,Bournemouth,Arsenal,C Kavanagh,2,3,A,1,1,D,15,12,3,5,7,5,3,1,0,0,13,8
04-01-2026,Leeds,Man United,J Gillett,1,1,D,0,0,D,11,15,3,2,6,4,0,1,0,0,9,9
04-01-2026,Everton,Brentford,A Taylor,2,4,A,0,1,A,14,11,6,7,4,5,0,2,0,0,9,8
04-01-2026,Newcastle,Crystal Palace,J Brooks,2,0,H,0,0,D,12,11,7,1,8,6,1,3,0,0,5,12
04-01-2026,Tottenham,Sunderland,S Attwell,1,1,D,1,0,H,13,10,5,3,3,5,2,3,0,0,10,6
04-01-2026,Fulham,Liverpool,C Pawson,2,2,D,1,0,H,8,10,2,2,3,8,1,1,0,0,11,4
04-01-2026,Man City,Chelsea,M Oliver,1,1,D,1,0,H,14,8,3,3,8,2,3,3,0,0,12,14
06-01-2026,West Ham,Nott'm Forest,T Harrington,1,2,A,1,0,H,14,13,3,5,6,5,3,0,0,0,15,9
07-01-2026,Bournemouth,Tottenham,D England,3,2,H,2,1,H,11,16,3,4,3,7,3,3,0,0,19,10
07-01-2026,Brentford,Sunderland,M Donohue,3,0,H,1,0,H,18,11,6,3,7,4,2,1,0,0,13,13
07-01-2026,Crystal Palace,Aston Villa,A Madley,0,0,D,0,0,D,11,15,5,3,3,5,2,0,0,0,8,3
07-01-2026,Everton,Wolves,T Kirk,1,1,D,1,0,H,13,13,2,4,2,7,1,3,2,0,13,15
07-01-2026,Fulham,Chelsea,P Bankes,2,1,H,0,0,D,16,14,5,6,2,11,3,3,0,1,11,6
07-01-2026,Man City,Brighton,T Bramall,1,1,D,1,0,H,22,6,6,3,6,2,1,6,0,0,6,16
07-01-2026,Burnley,Man United,S Attwell,2,2,D,1,0,H,7,30,1,10,2,6,2,0,0,0,9,8
07-01-2026,Newcastle,Leeds,M Salisbury,4,3,H,1,2,A,18,14,8,6,8,4,3,2,0,0,11,10
08-01-2026,Arsenal,Liverpool,A Taylor,0,0,D,0,0,D,9,8,4,0,3,0,2,2,0,0,10,9
17-01-2026,Man United,Man City,A Taylor,2,0,H,0,0,D,11,7,7,1,1,6,2,3,0,0,13,8
17-01-2026,Chelsea,Brentford,J Brooks,2,0,H,1,0,H,6,15,2,5,3,9,3,2,0,0,7,10
17-01-2026,Leeds,Fulham,C Kavanagh,1,0,H,0,0,D,14,8,5,1,7,3,1,5,0,0,6,11
17-01-2026,Liverpool,Burnley,A Madley,1,1,D,1,0,H,32,7,11,1,9,1,1,2,0,0,8,10
17-01-2026,Sunderland,Crystal Palace,R Jones,2,1,H,1,1,D,13,6,7,2,3,4,3,3,0,0,8,15
17-01-2026,Tottenham,West Ham,J Gillett,1,2,A,0,1,A,21,17,6,4,11,5,5,3,0,0,12,17
17-01-2026,Nott'm Forest,Arsenal,M Oliver,0,0,D,0,0,D,6,15,0,3,4,9,1,1,0,0,8,14
18-01-2026,Wolves,Newcastle,S Barrott,0,0,D,0,0,D,6,12,2,2,4,7,2,2,0,0,14,8
18-01-2026,Aston Villa,Everton,T Harrington,0,1,A,0,0,D,18,9,5,3,6,4,1,2,0,0,15,13
19-01-2026,Brighton,Bournemouth,P Tierney,1,1,D,0,1,A,17,11,5,2,11,6,2,3,0,0,7,6
24-01-2026,West Ham,Sunderland,T Bramall,3,1,H,3,0,H,13,7,5,2,3,3,2,4,0,0,9,16
24-01-2026,Burnley,Tottenham,P Bankes,2,2,D,1,1,D,9,18,4,11,1,3,1,0,0,0,8,9
24-01-2026,Fulham,Brighton,M Oliver,2,1,H,0,1,A,12,13,4,5,6,6,1,1,0,0,10,6
24-01-2026,Man City,Wolves,F Hallam,2,0,H,2,0,H,11,11,4,1,4,6,1,3,0,0,16,14
24-01-2026,Bournemouth,Liverpool,M Salisbury,3,2,H,2,1,H,12,14,5,4,3,11,1,1,0,0,7,7
25-01-2026,Brentford,Nott'm Forest,S Barrott,0,2,A,0,1,A,10,7,1,2,6,5,1,0,0,0,11,10
25-01-2026,Crystal Palace,Chelsea,D England,1,3,A,0,1,A,13,10,7,6,4,5,2,2,1,0,11,10
25-01-2026,Newcastle,Aston Villa,J Gillett,0,2,A,0,1,A,15,14,4,8,6,5,1,2,0,0,7,12
25-01-2026,Arsenal,Man United,C Pawson,2,3,A,1,1,D,15,10,4,3,9,2,2,0,0,0,11,9
26-01-2026,Everton,Leeds,S Hooper,1,1,D,0,1,A,10,14,3,4,4,4,0,3,0,0,9,13
31-01-2026,Brighton,Everton,C Kavanagh,1,1,D,0,0,D,11,7,2,4,5,2,1,2,0,0,13,14
31-01-2026,Leeds,Arsenal,S Attwell,0,4,A,0,2,A,3,14,1,8,4,12,1,1,0,0,10,7
31-01-2026,Wolves,Bournemouth,M Oliver,0,2,A,0,1,A,17,9,7,4,5,6,3,3,0,0,11,15
31-01-2026,Chelsea,West Ham,A Taylor,3,2,H,0,2,A,14,11,6,6,9,3,3,2,0,1,11,13
31-01-2026,Liverpool,Newcastle,S Hooper,4,1,H,2,1,H,17,8,7,2,7,11,1,3,0,0,11,7
01-02-2026,Aston Villa,Brentford,T Robinson,0,1,A,0,1,A,27,6,5,2,12,1,0,3,0,0,8,8
01-02-2026,Man United,Fulham,J Brooks,3,2,H,1,0,H,13,14,6,6,3,7,2,1,0,0,6,9
01-02-2026,Nott'm Forest,Crystal Palace,M Salisbury,1,1,D,1,1,D,9,14,1,3,5,7,1,3,0,0,4,12
01-02-2026,Tottenham,Man City,R Jones,2,2,D,0,2,A,12,15,6,3,3,4,3,3,0,0,15,12
02-02-2026,Sunderland,Burnley,P Tierney,3,0,H,2,0,H,14,5,5,0,1,2,1,4,0,0,12,10
06-02-2026,Leeds,Nott'm Forest,P Bankes,3,1,H,2,0,H,14,16,5,6,5,10,1,1,0,0,9,12
07-02-2026,Man United,Tottenham,M Oliver,2,0,H,1,0,H,23,7,10,1,7,0,1,2,0,1,12,11
07-02-2026,Arsenal,Sunderland,S Barrott,3,0,H,1,0,H,16,5,5,3,5,2,1,2,0,0,11,8
07-02-2026,Bournemouth,Aston Villa,A Taylor,1,1,D,0,1,A,20,7,9,4,11,4,1,1,0,0,4,11
07-02-2026,Burnley,West Ham,D England,0,2,A,0,2,A,18,6,5,4,5,2,3,1,0,0,11,10
07-02-2026,Fulham,Everton,S Attwell,1,2,A,1,0,H,13,16,3,3,6,6,1,5,0,0,11,12
07-02-2026,Wolves,Chelsea,J Gillett,1,3,A,0,3,A,11,15,3,6,3,4,1,1,0,0,9,10
07-02-2026,Newcastle,Brentford,A Madley,2,3,A,1,2,A,16,11,4,5,9,3,2,2,0,0,14,18
08-02-2026,Brighton,Crystal Palace,T Bramall,0,1,A,0,0,D,7,7,2,4,3,4,1,3,0,0,12,9
08-02-2026,Liverpool,Man City,C Pawson,1,2,A,0,0,D,15,17,4,7,5,4,2,4,1,0,13,16
10-02-2026,Chelsea,Leeds,R Jones,2,2,D,1,0,H,19,4,4,2,4,1,4,4,0,0,9,13
10-02-2026,Everton,Bournemouth,A Madley,1,2,A,1,0,H,16,11,6,4,7,2,1,3,1,0,14,15
10-02-2026,Tottenham,Newcastle,A Taylor,1,2,A,0,1,A,16,21,2,5,2,12,3,2,0,0,15,11
10-02-2026,West Ham,Man United,S Hooper,1,1,D,0,0,D,7,9,3,3,5,3,1,1,0,0,10,4
11-02-2026,Aston Villa,Brighton,P Bankes,1,0,H,0,0,D,15,9,1,3,7,5,2,3,0,0,9,15
11-02-2026,Crystal Palace,Burnley,F Hallam,2,3,A,2,3,A,21,8,3,3,8,2,2,1,0,0,11,8
11-02-2026,Man City,Fulham,P Tierney,3,0,H,3,0,H,13,14,5,3,4,4,3,1,0,0,8,10
11-02-2026,Nott'm Forest,Wolves,T Robinson,0,0,D,0,0,D,35,7,10,3,8,2,0,2,0,0,12,13
11-02-2026,Sunderland,Liverpool,C Kavanagh,0,1,A,0,0,D,11,23,2,3,3,11,1,0,0,0,8,10
12-02-2026,Brentford,Arsenal,J Brooks,1,1,D,0,0,D,12,7,3,2,6,4,3,2,0,0,12,11
18-02-2026,Wolves,Arsenal,P Tierney,2,2,D,0,1,A,5,10,2,4,1,3,2,1,0,0,6,8
21-02-2026,Aston Villa,Leeds,M Oliver,1,1,D,0,1,A,16,14,4,4,7,2,1,4,0,0,11,16
21-02-2026,Brentford,Brighton,J Gillett,0,2,A,0,2,A,13,11,3,7,6,4,1,2,0,0,9,14
21-02-2026,Chelsea,Burnley,L Smith,1,1,D,1,0,H,12,12,2,4,9,5,2,2,1,0,13,11
21-02-2026,West Ham,Bournemouth,S Barrott,0,0,D,0,0,D,20,10,3,5,9,5,1,1,0,0,10,11
21-02-2026,Man City,Newcastle,T Bramall,2,1,H,2,1,H,15,13,7,7,5,5,2,5,0,0,12,13
22-02-2026,Crystal Palace,Wolves,T Kirk,1,0,H,0,0,D,14,12,3,7,7,3,5,1,0,1,19,13
22-02-2026,Nott'm Forest,Liverpool,A Taylor,0,1,A,0,0,D,18,10,2,4,7,2,2,0,0,0,13,9
22-02-2026,Sunderland,Fulham,C Pawson,1,3,A,0,0,D,12,12,2,4,6,4,1,1,0,0,6,13
22-02-2026,Tottenham,Arsenal,P Bankes,1,4,A,1,1,D,6,20,5,7,2,5,2,1,0,0,17,11
23-02-2026,Everton,Man United,D England,0,1,A,0,0,D,12,11,4,3,10,1,2,3,0,0,12,7
27-02-2026,Wolves,Aston Villa,C Pawson,2,0,H,0,0,D,9,14,2,5,0,5,3,3,0,0,13,19
28-02-2026,Bournemouth,Sunderland,J Gillett,1,1,D,0,1,A,21,8,5,4,7,3,4,2,0,0,15,12
28-02-2026,Burnley,Brentford,S Barrott,3,4,A,1,3,A,12,16,3,7,4,8,2,2,0,0,9,9
28-02-2026,Liverpool,West Ham,T Robinson,5,2,H,3,0,H,18,11,7,4,10,5,2,2,0,0,12,11
28-02-2026,Newcastle,Everton,S Attwell,2,3,A,1,2,A,17,9,7,5,7,2,2,3,0,0,15,7
28-02-2026,Leeds,Man City,P Bankes,0,1,A,0,1,A,14,14,2,5,5,3,0,3,0,0,10,8
01-03-2026,Brighton,Nott'm Forest,A Madley,2,1,H,2,1,H,14,13,7,4,4,4,3,1,0,0,12,13
01-03-2026,Fulham,Tottenham,T Bramall,2,1,H,2,0,H,18,13,4,1,5,8,3,3,0,0,11,14
01-03-2026,Man United,Crystal Palace,C Kavanagh,2,1,H,0,1,A,20,8,11,3,7,1,2,2,0,1,13,12
01-03-2026,Arsenal,Chelsea,D England,2,1,H,1,1,D,12,9,5,3,5,10,1,3,0,1,11,14
03-03-2026,Bournemouth,Brentford,C Pawson,0,0,D,0,0,D,13,5,2,2,4,3,2,1,0,0,9,10
03-03-2026,Everton,Burnley,T Robinson,2,0,H,1,0,H,14,5,5,2,6,3,0,1,0,0,10,12
03-03-2026,Leeds,Sunderland,S Attwell,0,1,A,0,0,D,18,3,4,1,9,2,1,3,0,0,15,19
03-03-2026,Wolves,Liverpool,T Bramall,2,1,H,0,0,D,4,19,3,7,2,11,2,1,0,0,10,13
04-03-2026,Aston Villa,Chelsea,J Gillett,1,4,A,1,2,A,9,15,4,8,3,8,3,2,0,0,10,9
04-03-2026,Brighton,Arsenal,C Kavanagh,0,1,A,0,1,A,11,7,3,2,4,3,4,1,0,0,14,12
04-03-2026,Fulham,West Ham,M Donohue,0,1,A,0,0,D,13,9,5,3,7,5,2,4,0,0,14,12
04-03-2026,Man City,Nott'm Forest,D England,2,2,D,1,0,H,21,9,7,4,6,1,0,4,0,0,10,6
04-03-2026,Newcastle,Man United,P Bankes,2,1,H,1,1,D,12,14,5,5,2,4,2,3,1,0,15,16
05-03-2026,Tottenham,Crystal Palace,A Madley,1,3,A,1,3,A,12,9,4,4,6,3,3,2,0,0,14,14
14-03-2026,Burnley,Bournemouth,P Bankes,0,0,D,0,0,D,15,22,2,3,5,8,1,0,0,0,11,5
14-03-2026,Sunderland,Brighton,T Kirk,0,1,A,0,0,D,14,12,4,4,7,3,1,2,0,0,7,12
14-03-2026,Arsenal,Everton,A Madley,2,0,H,0,0,D,25,9,7,3,8,3,0,0,0,0,11,12
14-03-2026,Chelsea,Newcastle,P Tierney,0,1,A,0,1,A,22,7,3,5,8,1,2,2,0,0,9,10
14-03-2026,West Ham,Man City,M Oliver,1,1,D,1,1,D,1,24,1,6,1,15,2,2,0,0,14,5
15-03-2026,Crystal Palace,Leeds,T Bramall,0,0,D,0,0,D,12,10,0,3,8,3,2,1,0,1,12,11
15-03-2026,Man United,Aston Villa,A Taylor,3,1,H,0,0,D,16,9,6,2,6,6,3,2,0,0,10,5
15-03-2026,Nott'm Forest,Fulham,S Barrott,0,0,D,0,0,D,11,5,2,0,5,4,2,3,0,0,8,10
15-03-2026,Liverpool,Tottenham,C Kavanagh,1,1,D,1,0,H,17,13,4,7,3,4,0,0,0,0,8,13
16-03-2026,Brentford,Wolves,S Attwell,2,2,D,2,1,H,10,13,3,4,1,5,2,4,0,0,12,10
20-03-2026,Bournemouth,Man United,S Attwell,2,2,D,0,0,D,16,14,5,5,6,8,2,2,0,1,10,9
21-03-2026,Brighton,Liverpool,D England,2,1,H,1,1,D,16,12,7,5,4,8,5,5,0,0,11,11
21-03-2026,Fulham,Burnley,C Kavanagh,3,1,H,0,0,D,22,9,6,5,6,6,2,2,0,1,6,9
21-03-2026,Everton,Chelsea,S Barrott,3,0,H,1,0,H,10,12,9,4,3,9,0,2,0,0,6,7
21-03-2026,Leeds,Brentford,J Gillett,0,0,D,0,0,D,14,6,4,2,6,2,2,0,0,0,6,9
22-03-2026,Newcastle,Sunderland,A Taylor,1,2,A,1,0,H,16,17,4,7,9,5,1,6,0,0,8,19
22-03-2026,Aston Villa,West Ham,P Tierney,2,0,H,1,0,H,23,9,7,1,6,6,0,1,0,0,3,7
22-03-2026,Tottenham,Nott'm Forest,M Oliver,0,3,A,0,1,A,14,8,3,7,13,3,1,2,0,0,13,13
10-04-2026,West Ham,Wolves,J Gillett,4,0,H,1,0,H,18,14,7,3,5,2,2,2,0,0,11,7
11-04-2026,Arsenal,Bournemouth,M Oliver,1,2,A,1,1,D,15,8,3,3,10,1,1,3,0,0,12,18
11-04-2026,Brentford,Everton,F Hallam,2,2,D,1,1,D,17,14,4,7,2,3,0,2,0,0,6,7
11-04-2026,Burnley,Brighton,T Bramall,0,2,A,0,1,A,10,13,5,6,8,2,2,1,0,0,7,11
11-04-2026,Liverpool,Fulham,A Taylor,2,0,H,2,0,H,18,19,5,4,6,9,0,0,0,0,10,4
12-04-2026,Crystal Palace,Newcastle,A Madley,2,1,H,0,1,A,11,7,5,3,2,4,0,3,0,0,17,12
12-04-2026,Nott'm Forest,Aston Villa,M Salisbury,1,1,D,1,1,D,15,12,4,5,7,3,2,2,0,0,15,10
12-04-2026,Sunderland,Tottenham,R Jones,1,0,H,0,0,D,13,11,2,7,2,6,3,3,0,0,14,15
12-04-2026,Chelsea,Man City,C Kavanagh,0,3,A,0,0,D,12,18,3,8,4,12,3,1,0,0,10,14
13-04-2026,Man United,Leeds,P Tierney,1,2,A,0,2,A,20,15,9,6,11,4,3,2,1,0,12,15
18-04-2026,Brentford,Fulham,P Tierney,0,0,D,0,0,D,13,11,4,0,9,3,0,1,0,0,8,13
18-04-2026,Leeds,Wolves,F Hallam,3,0,H,2,0,H,17,7,6,2,5,6,2,1,0,0,9,17
18-04-2026,Newcastle,Bournemouth,T Bramall,1,2,A,0,1,A,12,12,3,3,2,3,2,4,0,0,11,12
18-04-2026,Tottenham,Brighton,S Attwell,2,2,D,1,1,D,13,10,6,3,7,5,3,1,0,0,14,14
18-04-2026,Chelsea,Man United,M Oliver,0,1,A,0,1,A,21,4,3,1,7,1,1,3,0,0,12,13
19-04-2026,Aston Villa,Sunderland,S Barrott,4,3,H,2,1,H,15,10,7,7,4,5,1,3,0,0,11,11
19-04-2026,Everton,Liverpool,C Kavanagh,1,2,A,0,1,A,10,14,4,6,1,6,2,0,0,0,8,12
19-04-2026,Nott'm Forest,Burnley,T Kirk,4,1,H,0,1,A,10,4,4,3,4,4,0,2,0,0,8,12
19-04-2026,Man City,Arsenal,A Taylor,2,1,H,1,1,D,15,9,5,3,8,5,2,2,0,0,5,12
20-04-2026,Crystal Palace,West Ham,D England,0,0,D,0,0,D,9,9,1,4,4,6,2,1,0,0,13,12
21-04-2026,Brighton,Chelsea,C Pawson,3,0,H,1,0,H,15,6,9,0,6,5,1,1,0,0,15,6
22-04-2026,Bournemouth,Leeds,M Salisbury,2,2,D,0,0,D,17,10,7,3,12,1,3,0,0,0,6,10
22-04-2026,Burnley,Man City,A Madley,0,1,A,0,1,A,9,28,1,9,3,11,0,0,0,0,10,12
24-04-2026,Sunderland,Nott'm Forest,D England,0,5,A,0,4,A,14,10,4,6,3,6,2,5,0,0,13,15
25-04-2026,Fulham,Aston Villa,M Oliver,1,0,H,1,0,H,13,10,6,1,2,5,2,2,0,0,14,12
25-04-2026,Liverpool,Crystal Palace,A Madley,3,1,H,2,0,H,9,14,3,7,5,8,1,3,0,0,10,10
25-04-2026,West Ham,Everton,S Attwell,2,1,H,0,0,D,10,11,3,3,3,4,3,4,0,0,9,11
25-04-2026,Wolves,Tottenham,A Taylor,0,1,A,0,0,D,11,11,2,2,5,5,3,4,0,0,8,14
25-04-2026,Arsenal,Newcastle,S Barrott,1,0,H,1,0,H,11,13,4,3,7,2,2,2,0,0,13,10
