Date,HomeTeam,AwayTeam,Referee,FTHG,FTAG,FTR,HTHG,HTAG,HTR,HS,AS,HST,AST,HC,AC,HY,AY,HR,AR,HF,AF,total_cards,home_attack,home_defence,away_attack,away_defence,home_corners_for,home_corners_against,away_corners_for,away_corners_against,home_shots_for,home_shots_against,away_shots_for,away_shots_against,home_cards,away_cards,home_form,away_form,ref_avg_cards,post_2024_transition
2020-10-30,Wolves,Crystal Palace,M Atkinson,2,0,H,2,0,H,15,11,5,2,7,6,0,2,0,1,13,4,3,1.0,1.2093023255813953,1.611295681063123,1.9867109634551496,3.8538205980066444,3.478405315614618,4.059800664451827,6.661129568106312,13.727574750830565,9.066445182724252,10.710963455149502,15.521594684385382,1.867109634551495,2.2691029900332227,1.0,1.5789473684210524,2.48,0
2020-10-31,Sheffield United,Man City,M Oliver,0,1,A,0,1,A,5,16,1,8,2,5,0,0,0,0,14,6,0,0.4019933554817276,1.2691029900332225,1.5382059800664452,1.0,5.677740863787375,5.657807308970099,8.92358803986711,4.1827242524916945,11.046511627906977,14.58139534883721,16.960132890365447,9.049833887043189,2.598006644518273,2.598006644518273,0.47368421052631565,1.4210526315789473,3.43,0
2020-10-31,Liverpool,West Ham,K Friend,2,1,H,1,1,D,9,4,5,3,1,2,0,1,0,0,13,14,1,2.8671096345514955,1.5382059800664452,2.4617940199335546,1.7441860465116277,7.538205980066445,2.1926910299003324,5.475083056478405,5.06312292358804,19.66112956810631,8.156146179401993,13.598006644518271,7.621262458471761,2.7906976744186047,3.59468438538206,2.7368421052631575,2.578947368421052,3.26,0
2020-11-01,Aston Villa,Southampton,D England,3,4,A,0,3,A,19,9,10,4,11,1,1,2,0,0,12,17,3,2.571428571428571,1.8637873754152825,1.5348837209302326,1.4750830564784052,5.760797342192691,5.3887043189368775,2.2691029900332227,6.926910299003323,15.588039867109636,16.53488372093023,9.292358803986712,9.056478405315614,3.9401993355481726,1.9401993355481728,2.421052631578947,1.7368421052631575,4.1,0
2020-11-01,Newcastle,Everton,S Attwell,2,1,H,0,0,D,11,15,4,4,5,4,2,4,0,0,9,10,6,1.388704318936877,2.744186046511628,0.9269102990033223,1.1328903654485052,2.8704318936877073,4.398671096345515,4.790697674418604,5.255813953488372,7.717607973421926,17.056478405315612,9.737541528239202,9.877076411960132,3.524916943521595,3.1926910299003324,1.4210526315789473,0.8421052631578948,3.99,0
2020-11-01,Man United,Arsenal,M Dean,0,1,A,0,0,D,8,7,2,2,6,3,3,3,0,0,12,12,6,0.5980066445182725,2.7807308970099665,1.1362126245847175,1.388704318936877,6.6976744186046515,4.534883720930232,4.205980066445183,5.25249169435216,10.770764119601328,13.415282392026578,9.235880398671094,13.478405315614618,3.730897009966777,4.401993355481728,0.5263157894736842,0.9473684210526315,3.51,0
2020-11-01,Tottenham,Brighton,G Scott,2,1,H,1,0,H,9,6,3,2,4,5,2,1,0,0,14,13,3,1.5348837209302326,1.803986710963455,1.867109634551495,1.7176079734219272,5.840531561461794,4.936877076411959,5.568106312292358,3.6744186046511627,14.408637873754152,11.235880398671096,15.156146179401995,5.634551495016611,3.9235880398671097,3.8172757475083055,1.7368421052631575,1.7368421052631577,2.89,0
2020-11-02,Fulham,West Brom,S Hooper,2,0,H,2,0,H,13,10,6,1,5,2,3,2,0,0,13,11,5,0.4019933554817276,2.598006644518273,0.9401993355481726,2.40531561461794,3.790697674418605,3.4019933554817277,1.4019933554817277,7.016611295681063,13.03986710963455,13.073089700996677,6.877076411960132,10.860465116279068,4.840531561461795,2.32890365448505,0.47368421052631565,0.8947368421052632,3.87,0
2020-11-02,Leeds,Leicester,A Marriner,1,4,A,0,2,A,11,10,4,8,10,3,1,1,0,0,9,5,2,1.4053156146179402,1.5382059800664452,2.853820598006644,0.6578073089700998,6.863787375415282,5.3023255813953485,3.8671096345514946,5.142857142857143,11.863787375415281,14.146179401993352,8.212624584717608,11.970099667774086,3.0,5.069767441860465,1.1578947368421053,2.6842105263157894,3.02,0
2020-11-06,Southampton,Newcastle,P Bankes,2,0,H,1,0,H,15,4,8,2,8,3,1,2,0,0,12,11,3,2.0,1.3455149501661128,1.2691029900332225,0.7308970099667775,4.059800664451827,2.877076411960133,4.40531561461794,6.245847176079735,12.867109634551497,6.478405315614618,8.019933554817275,18.03322259136213,4.4784053156146175,3.1229235880398676,2.0,1.2105263157894737,4.09,0
2020-11-06,Brighton,Burnley,M Dean,0,0,D,0,0,D,19,4,3,1,5,3,1,0,0,0,11,5,1,1.3289036544850499,2.196013289036545,0.8671096345514949,2.06312292358804,5.790697674418605,1.9401993355481728,3.1960132890365447,8.23920265780731,11.428571428571429,8.611295681063122,10.225913621262459,12.282392026578073,3.0465116279069764,4.059800664451827,1.3157894736842106,0.736842105263158,3.51,0
2020-11-07,Crystal Palace,Leeds,C Kavanagh,4,1,H,3,1,H,10,9,6,3,3,6,0,2,0,0,9,1,2,1.0,1.0598006644518274,2.3421926910299002,1.0764119601328903,4.990033222591363,4.790697674418604,4.312292358803987,6.478405315614618,4.378737541528238,13.750830564784055,18.059800664451828,15.348837209302328,4.534883720930232,2.8637873754152823,1.0,2.3684210526315783,3.7,0
2020-11-07,Chelsea,Sheffield United,J Moss,4,1,H,2,1,H,20,6,9,3,6,7,0,2,0,0,5,14,2,2.5215946843853825,1.7441860465116277,0.7308970099667775,1.7308970099667773,5.312292358803987,5.408637873754153,3.5980066445182723,6.162790697674419,11.358803986710964,11.385382059800666,8.275747508305649,13.651162790697674,1.7308970099667773,2.8803986710963456,2.6842105263157894,0.7894736842105262,2.53,0
2020-11-07,West Ham,Fulham,R Jones,1,0,H,0,0,D,16,13,7,3,9,5,2,2,0,0,10,9,4,1.7176079734219272,0.9401993355481726,1.2093023255813953,1.8073089700996678,3.285714285714286,6.890365448504983,3.4750830564784057,4.122923588039867,11.382059800664452,13.282392026578073,13.08637873754153,11.315614617940199,2.2093023255813953,2.2691029900332227,1.7368421052631577,1.105263157894737,3.98,0
2020-11-08,West Brom,Tottenham,A Madley,0,1,A,0,0,D,12,19,2,5,9,6,1,0,0,0,17,12,1,0.9867109634551495,1.7940199335548175,3.7209302325581395,0.8671096345514949,4.740863787375416,5.109634551495016,3.8637873754152823,3.073089700996678,10.069767441860465,14.35215946843854,13.27574750830565,10.637873754152825,3.4617940199335546,4.003322259136213,0.9473684210526315,3.4210526315789473,3.43,0
2020-11-08,Leicester,Wolves,A Taylor,1,0,H,1,0,H,10,7,3,2,6,3,2,3,0,0,12,8,5,1.0764119601328903,1.9269102990033222,0.9401993355481726,1.3156146179401995,6.813953488372093,5.205980066445183,3.538205980066445,6.774086378737542,9.504983388704318,12.930232558139537,9.39202657807309,12.58139534883721,4.936877076411959,2.3421926910299002,0.8421052631578948,0.8947368421052632,3.72,0
2020-11-21,Newcastle,Chelsea,C Pawson,0,2,A,0,1,A,8,14,1,3,7,4,2,0,0,0,11,12,2,1.5900990099009902,2.1695544554455446,2.1913366336633664,0.842079207920792,3.5720297029702968,4.267326732673268,5.461386138613861,4.797772277227723,8.7990099009901,16.378960396039602,12.886138613861386,9.751732673267327,4.340346534653466,2.4702970297029703,1.6615384615384612,2.169230769230769,3.87,0
2020-11-21,Aston Villa,Brighton,M Oliver,1,2,A,0,1,A,15,7,4,3,12,3,2,1,0,1,5,18,4,2.7126237623762375,2.5675742574257425,1.5814356435643566,1.8106435643564358,7.486881188118813,3.9428217821782177,5.380940594059405,3.7816831683168317,16.712128712871287,14.052475247524752,12.13960396039604,6.743316831683168,3.6304455445544557,3.5480198019801983,2.6615384615384614,1.4307692307692308,3.43,0
2020-11-21,Tottenham,Man City,M Dean,2,0,H,1,0,H,4,22,2,5,0,10,2,2,0,0,13,19,4,1.6881188118811883,1.5391089108910891,1.360891089108911,0.6705445544554455,5.234158415841584,4.957673267326732,7.630940594059406,3.463613861386139,12.626732673267325,9.510891089108911,16.643811881188117,7.715594059405941,3.619306930693069,1.7420792079207923,1.8461538461538458,1.2461538461538462,3.51,0
2020-11-21,Man United,West Brom,D Coote,1,0,H,0,0,D,17,7,7,2,8,2,1,1,0,0,12,17,2,0.400990099009901,2.194059405940594,0.6304455445544553,2.2717821782178214,6.467821782178218,4.029207920792079,1.5990099009900989,6.352227722772276,9.857920792079208,11.301732673267328,7.905940594059405,11.565346534653465,4.478465346534653,3.208910891089109,0.3076923076923077,0.5230769230769232,4.23,0
2020-11-22,Liverpool,Leicester,C Kavanagh,3,0,H,2,0,H,24,11,13,4,10,3,0,2,0,0,15,6,2,2.581435643564357,1.360891089108911,3.231435643564356,0.7705445544554456,5.384158415841584,2.129207920792079,3.5814356435643564,6.743069306930693,16.14876237623762,6.786881188118811,8.801485148514852,11.65049504950495,2.2007425742574256,4.058415841584158,2.4307692307692306,3.2307692307692304,3.7,0
2020-11-22,Fulham,Everton,A Madley,2,3,A,1,3,A,14,9,6,7,2,5,2,0,0,0,14,10,2,0.9284653465346536,1.7420792079207923,0.9509900990099012,1.4185643564356436,4.18910891089109,2.94009900990099,4.53019801980198,5.171534653465346,13.026732673267325,12.060643564356434,11.47128712871287,10.247029702970297,4.893069306930694,4.117574257425743,1.1076923076923075,0.9076923076923079,3.43,0
2020-11-22,Sheffield United,West Ham,M Atkinson,0,1,A,0,0,D,9,15,5,3,2,6,0,0,0,0,7,6,0,0.26955445544554457,1.1804455445544555,1.9801980198019802,1.8284653465346534,4.466089108910891,5.441089108910891,4.33019801980198,3.7245049504950494,9.054455445544555,15.048762376237624,10.43589108910891,8.07549504950495,1.7420792079207923,2.739851485148515,0.2769230769230769,1.9230769230769227,2.48,0
2020-11-22,Leeds,Arsenal,A Taylor,0,0,D,0,0,D,25,9,4,2,5,3,3,0,0,1,9,8,4,1.2717821782178218,2.3492574257425742,1.0913366336633663,0.9311881188118811,7.897029702970298,4.543811881188119,3.808663366336634,5.498762376237624,11.579207920792078,12.78019801980198,8.499257425742574,11.673514851485146,2.6705445544554456,4.9284653465346535,1.0923076923076924,0.9692307692307693,3.72,0
2020-11-23,Wolves,Southampton,A Marriner,1,1,D,0,0,D,20,7,9,2,7,4,2,0,0,0,14,13,2,1.3294554455445544,0.8108910891089108,2.347029702970297,1.9774752475247526,4.890346534653466,4.309158415841584,1.8509900990099009,8.26881188118812,14.146782178217823,9.703465346534653,9.196039603960397,12.332425742574255,2.2403465346534657,2.289356435643564,1.4153846153846152,2.6769230769230763,3.02,0
2020-11-23,Burnley,Crystal Palace,K Friend,1,0,H,1,0,H,10,15,4,5,4,7,2,0,0,0,13,9,2,0.0,1.803986710963455,1.0804455445544554,1.9910891089108913,4.674418604651162,3.790697674418605,4.699009900990099,6.772772277227722,8.976744186046512,9.933554817275747,10.80618811881188,15.349752475247524,1.3289036544850499,2.50990099009901,0.0,0.9230769230769231,3.26,0
2020-11-27,Crystal Palace,Newcastle,G Scott,0,2,A,0,0,D,12,14,3,7,7,3,2,2,0,0,9,10,4,1.9883663366336632,1.0400990099009904,0.8509900990099009,1.1490099009900991,4.33440594059406,5.189108910891089,3.942326732673268,6.823762376237625,6.23069306930693,12.185643564356438,6.695544554455444,17.03391089108911,3.699752475247524,3.0824257425742583,2.246153846153846,0.7076923076923077,2.89,0
2020-11-28,Brighton,Liverpool,S Attwell,1,1,D,0,0,D,11,6,3,2,4,3,2,1,0,0,9,13,3,0.8910891089108911,1.4725247524752476,1.6705445544554456,2.4123762376237625,5.53019801980198,2.289356435643564,5.5353960396039605,1.4900990099009899,13.9230198019802,7.092079207920792,15.56039603960396,10.143316831683169,2.372277227722772,3.777227722772277,0.7692307692307694,1.5846153846153848,3.99,0
2020-11-28,Man City,Burnley,L Mason,5,0,H,3,0,H,19,9,6,1,6,4,0,0,0,0,12,4,0,1.2691029900332225,1.7475083056478407,0.5814356435643563,1.3834158415841584,3.182724252491694,3.8538205980066444,3.131435643564356,7.172029702970297,11.395348837209303,9.521594684385382,8.174752475247525,14.495544554455448,4.32890365448505,3.0517326732673267,1.2105263157894737,0.43076923076923085,1.82,0
2020-11-28,Everton,Leeds,C Kavanagh,0,1,A,0,0,D,15,23,8,7,4,2,1,2,0,0,8,14,3,2.6529702970297024,2.3294554455445544,1.9,2.0396039603960396,4.832920792079207,4.392574257425742,4.868316831683169,5.332425742574258,10.764851485148515,13.721782178217824,15.075,13.586633663366339,4.175495049504951,2.5792079207920793,2.3230769230769233,1.7999999999999998,3.7,0
2020-11-28,West Brom,Sheffield United,M Dean,1,0,H,1,0,H,17,21,6,5,14,9,2,3,0,0,10,9,5,0.6616336633663367,1.5324257425742576,0.8195544554455446,2.4784653465346533,6.144059405940594,5.402970297029702,4.718811881188119,6.109158415841584,10.705693069306932,15.88341584158416,7.525990099009902,15.742821782178218,2.6507425742574253,2.5903465346534653,0.5538461538461539,0.8769230769230769,3.51,0
2020-11-29,Southampton,Man United,J Moss,2,3,A,2,0,H,10,15,5,6,5,9,1,0,0,0,12,12,1,2.0,0.902227722772277,3.328903654485049,1.2691029900332225,5.3579207920792085,2.917574257425742,3.375415282392026,3.8936877076411958,13.56980198019802,5.661881188118812,16.31893687707641,9.960132890365449,3.9913366336633658,4.6843853820598005,2.0,3.31578947368421,2.53,0
2020-11-29,Chelsea,Tottenham,P Tierney,0,0,D,0,0,D,13,5,3,1,3,3,4,2,0,0,20,9,6,3.008663366336634,1.4990099009900988,2.8245049504950495,0.5814356435643563,5.538861386138614,5.932920792079209,4.5675742574257425,5.025742574257426,14.205693069306932,9.611138613861387,15.161633663366338,11.086633663366335,1.8195544554455443,3.013861386138614,3.2307692307692304,2.4153846153846157,3.83,0
2020-11-29,Arsenal,Wolves,M Oliver,1,2,A,1,2,A,13,11,2,5,8,4,3,4,0,0,13,13,7,0.801980198019802,1.6589108910891088,0.6304455445544553,1.2116336633663367,5.118564356435644,5.2287128712871285,3.360891089108911,6.519059405940595,10.103960396039604,10.408663366336635,8.603960396039604,11.730940594059408,2.5574257425742575,3.217821782178218,0.6153846153846154,0.5230769230769232,3.43,0
2020-11-30,Leicester,Fulham,S Hooper,1,2,A,0,2,A,16,10,3,5,6,5,0,2,0,0,9,21,2,1.0512376237623762,1.2920792079207921,0.8108910891089108,1.5413366336633663,6.54579207920792,4.47920792079208,3.9774752475247532,5.72970297029703,9.668069306930692,10.976485148514852,13.057920792079209,12.858910891089108,4.957673267326732,2.839356435643564,0.9076923076923079,0.6461538461538463,3.87,0
2020-11-30,West Ham,Aston Villa,P Bankes,2,1,H,1,1,D,6,16,2,6,3,7,1,1,0,0,20,7,2,1.4811881188118814,0.6304455445544553,2.3421926910299002,0.0,5.1683168316831685,6.267574257425743,6.325581395348836,3.2093023255813953,12.903465346534652,13.189356435643566,12.548172757475085,13.14950166112957,2.799257425742574,4.724252491694353,1.4307692307692308,2.3684210526315783,4.09,0
2020-12-05,Burnley,Everton,A Taylor,1,1,D,1,1,D,8,13,3,6,8,4,0,0,0,0,6,9,0,0.32945544554455447,1.2096534653465345,1.5392051136252232,1.5854787161036057,4.452227722772277,4.8480198019801986,4.665065390874689,4.261073312287994,9.313861386138614,11.602722772277227,10.761847806905745,11.324405403815613,1.5500000000000003,3.509676280857238,0.4153846153846153,1.7109004739336495,3.72,0
2020-12-05,Man City,Fulham,J Moss,2,0,H,2,0,H,16,6,6,1,9,3,0,0,0,0,7,6,0,2.498267326732673,1.171782178217822,1.1522519166290857,1.3859336091449186,4.110891089108911,3.901980198019802,4.271014293837377,5.807297896119684,13.900742574257427,9.349752475247525,12.180074900492146,13.760632144467754,2.9027227722772273,2.5984000313719338,2.784615384615384,1.1658767772511849,2.53,0
2020-12-05,West Ham,Man United,A Marriner,1,3,A,1,0,H,19,15,6,6,5,4,0,0,0,0,9,10,0,1.6301248995117745,0.7365345777533773,3.2205445544554454,1.5099009900990097,4.545852042116821,6.477833767965334,5.228465346534653,4.258168316831683,10.921668202584263,13.996215760475286,15.884405940594057,9.973267326732673,2.5698123566204583,3.4705445544554454,1.6492890995260665,3.1846153846153844,3.02,0
2020-12-05,Chelsea,Leeds,K Friend,3,1,H,1,1,D,23,8,11,3,8,4,0,2,0,0,12,9,2,2.1449579420011373,1.0686849277465145,1.6416344777553382,1.4540891355071468,4.810023332875827,5.090959000803906,4.044901080370973,4.949922550538225,13.859571380953316,8.287406129291583,17.350051959765494,13.992372698574538,3.0196466735946355,2.700005882237603,1.990521327014218,1.4928909952606635,3.26,0
2020-12-06,Liverpool,Wolves,C Pawson,4,0,H,1,0,H,11,9,6,3,4,6,1,1,0,0,8,14,2,2.7015940863904633,0.9702162702692104,1.0236073802474461,1.150879394521676,6.709240995274603,2.379188643359934,3.544361875257348,6.94419717260446,18.40263916393796,7.996353012686026,9.291798200035293,12.095253034254233,2.143114840885473,4.30358228270034,2.6492890995260665,1.090047393364929,3.87,0
2020-12-06,Tottenham,Arsenal,M Atkinson,2,0,H,2,0,H,6,11,3,2,3,9,1,2,0,0,16,12,3,1.7776514185996355,1.0972726024979902,0.7780435677731808,0.6638693358953746,3.731573890708025,6.405188133566009,3.5765181074880887,5.355581263112488,10.150232348385323,13.096174584812063,8.643006999862747,15.499186290464893,3.7285935569890785,4.661928197486323,1.90521327014218,0.5971563981042656,2.48,0
2020-12-06,West Brom,Crystal Palace,P Tierney,1,5,A,1,1,D,9,18,4,6,4,6,2,2,1,0,10,16,5,0.758769435893414,1.092507990039411,0.7702790141369776,1.7065743808944924,8.399286288504147,6.435579694515793,5.3595615772239755,5.976784768926099,12.51261739965883,17.35224799513735,12.010117448677477,13.813984039528636,3.325150487245348,2.363522283876787,0.7251184834123223,0.5687203791469195,3.83,0
2020-12-06,Sheffield United,Leicester,S Attwell,1,2,A,1,1,D,4,13,1,4,6,5,1,3,0,0,13,6,4,0.19217270249602947,1.1286445363816398,2.3037783572871113,1.4105605772435836,3.758141997215741,5.601537224760299,3.414521283896394,7.678045528519048,9.038822768181017,15.03476402423482,9.432618968255525,15.19570204505794,1.241975647536323,3.4675006372424066,0.17061611374407584,1.990521327014218,3.99,0
2020-12-07,Brighton,Southampton,D Coote,1,2,A,1,1,D,12,10,4,3,4,3,3,3,0,0,12,12,6,0.9223544636379679,1.3368757475343622,1.960334111095861,1.6968686888492381,5.090919785886551,2.4933628752377404,2.4679123938746304,7.904570498617674,13.083900315680085,6.778572969157467,8.56561636046352,14.533577772984842,2.552479363149742,2.2062900727436716,0.8578199052132702,2.0331753554502368,4.23,0
2020-12-11,Leeds,West Ham,M Oliver,1,2,A,1,1,D,13,19,7,8,5,6,1,2,0,0,12,10,3,0.9066881041548205,1.6748495127546519,1.698809827258289,1.3035626752416618,7.065371267230055,4.100625477931805,4.809552753867571,3.2294464814415402,15.431952314660496,11.695005980274894,11.746122625046567,8.340895276563204,3.0521950549989216,1.9533146408893944,0.6729857819905215,1.5687203791469193,3.43,0
2020-12-12,Wolves,Aston Villa,M Dean,0,1,A,0,0,D,16,13,7,2,5,8,2,5,0,0,23,15,7,1.2348777474951471,0.865179114135017,1.9,0.6589108910891089,5.495970667241818,4.2204074429913145,6.547772277227722,3.1403465346534656,15.82708182192506,8.927373973059352,13.685396039603962,10.794059405940594,2.1713495813807575,3.826732673267327,1.2559241706161137,1.7999999999999998,3.51,0
2020-12-12,Newcastle,West Brom,D England,2,1,H,1,0,H,12,13,7,3,4,3,2,3,0,0,9,12,5,1.133624830885669,2.1208799827454365,0.4494617752593085,1.9066881041548203,4.556106743005039,4.19058449834317,1.7141232524852452,6.825258328268073,8.569635889492364,15.696025568126114,7.64586968882963,13.125487735534596,3.668496696143213,2.861865453618557,1.0236966824644549,0.32227488151658784,4.1,0
2020-12-12,Man United,Man City,C Kavanagh,0,0,D,0,0,D,11,9,2,2,4,3,1,1,0,0,13,6,2,0.5729495500088234,1.5642046234387559,0.9702162702692104,1.0521950549989216,6.907668477088684,3.446677516127134,8.311033116997706,2.4693045234407167,11.90821748593165,10.066822219172176,18.18142781514088,6.648948059841964,3.7669653536205168,2.3902668575125983,0.5734597156398104,0.7677725118483413,3.7,0
2020-12-12,Everton,Chelsea,J Moss,1,0,H,1,0,H,9,10,4,3,6,6,2,3,0,0,10,11,5,1.8913746789278636,1.9478049450010784,2.136409090017843,0.6003411697809846,4.5938118860414505,3.7057312601713686,5.0418619242759934,5.4299719613340915,11.980647438285525,16.38530617046725,13.205897923570127,9.248857865532049,3.838042391325661,2.335287543381502,1.431279620853081,2.104265402843602,2.53,0
2020-12-13,Crystal Palace,Tottenham,K Friend,1,1,D,0,1,A,16,14,5,6,4,7,1,1,0,0,15,11,2,1.4175604399913726,1.3156604772455445,2.0136663986980645,0.4145212838963941,5.099625497539265,4.560675280876845,4.117566322228976,4.444206976333797,7.886904178349444,12.706495951059784,12.244505009705694,11.63590909982157,3.7859453736201245,3.871100566655556,1.3838862559241707,1.4881516587677728,3.26,0
2020-12-13,Southampton,Sheffield United,A Madley,3,0,H,1,0,H,16,3,6,0,8,4,0,1,0,0,8,14,1,2.0,1.504441089390404,0.5842826611242917,2.054038156114586,5.255171467226132,4.663673261308602,5.947824552459756,8.374404423442678,12.545008921393698,8.342601125468128,11.39401188211996,16.103723456402815,3.1326052430344493,3.2820925079900394,2.0,0.5402843601895736,3.43,0
2020-12-13,Fulham,Liverpool,A Marriner,1,1,D,1,0,H,10,12,5,6,6,8,3,1,0,0,9,5,4,1.2360738024744613,2.1031940550185295,1.478049450010784,2.0069214329130802,3.560675280876846,3.53144055998902,4.807552793082488,2.2106233211113504,13.306131252328385,11.182016038901196,12.815866355561655,10.38924726966138,4.062547793180526,3.5541067822199564,1.4502369668246444,1.3601895734597158,3.02,0
2020-12-13,Arsenal,Burnley,G Scott,0,1,A,0,0,D,18,10,6,2,13,4,2,1,1,0,5,11,4,0.8588262975235781,1.7568282974843632,0.4145212838963941,2.421638791396247,5.945746161839964,4.875982823866199,3.380776847512794,6.835571851532323,10.935334601282328,10.578420030979784,8.411658594929511,15.788651202917592,3.8327679849414715,2.1756632222897587,0.7630331753554502,0.2654028436018958,2.89,0
2020-12-13,Leicester,Brighton,M Atkinson,3,0,H,3,0,H,15,12,6,4,9,5,2,1,0,0,9,11,3,1.0365286955157742,1.4953040136467914,1.7015940863904633,1.577929844512853,6.389110017450638,4.628713162487011,4.697437305150878,6.140938412972295,11.485794396188309,10.696162820336857,10.664163447775532,9.113586008117489,4.108605713613458,3.677771024097567,0.9431279620853081,1.6492890995260665,2.48,0
2020-12-15,Wolves,Chelsea,S Attwell,2,1,H,0,0,D,12,13,4,3,5,6,2,2,0,0,12,12,4,0.9141373415475921,0.9001967551527272,1.5815098538851078,0.7041463729316517,5.3671499532303315,5.202098184046706,5.29072347837306,5.5780279327806985,15.871994645679449,9.985175628165015,12.373215495274652,9.184220881850143,3.4255168854626974,3.027405412379447,0.7969924812030076,1.335338345864662,3.99,0
2020-12-15,Man City,West Brom,P Bankes,1,1,D,1,1,D,26,5,7,1,13,2,2,3,0,0,5,8,5,2.3552283288562967,0.8353953844042274,0.5924555688159211,1.9309244266683867,5.51442128585714,3.643046214780102,2.0481098603360963,6.091441150856369,14.50338228662183,8.388129644516773,9.036522272038189,12.83315969422314,2.069430011176251,3.4172128503693195,2.4834123222748814,0.5699248120300753,4.09,0
2020-12-16,Leeds,Newcastle,S Hooper,5,2,H,1,1,D,25,10,10,4,7,4,3,1,0,0,10,13,4,0.9309244266683869,1.7593023255813953,1.180839591380561,0.819160408619439,6.528923007450892,4.5939586491629845,3.6718103566596736,6.874355404795986,14.80029029448763,13.592365254975322,8.792455049900981,15.588811984078745,3.0386381963035833,3.3458363561498796,0.7924812030075189,1.2037914691943128,3.87,0
2020-12-16,West Ham,Crystal Palace,D Coote,1,1,D,0,1,A,9,8,2,2,5,3,0,1,0,1,8,12,2,1.4664596974486341,1.3244347321226977,1.8688836564203466,1.5230526078121471,4.663809953875432,5.834254749540367,5.52590555752669,5.463345482695223,13.019890010644131,14.256933200012902,13.565896848692063,12.563626100699931,1.9023433216140373,3.048306615488824,1.4120300751879702,2.1879699248120303,4.23,0
2020-12-16,Liverpool,Tottenham,A Taylor,2,1,H,1,1,D,17,8,11,2,7,4,0,2,0,0,8,9,2,3.038834951456311,0.7182175918459505,1.7503822210753797,0.5665903299680676,6.005557526690965,3.3196384220881847,4.866233912847144,4.328831080863142,16.4799180724446,8.257034803083572,12.700467696674517,12.769414250233845,2.1059429732606523,3.3851111182788767,3.1428571428571432,1.309774436090226,3.72,0
2020-12-16,Arsenal,Southampton,P Tierney,1,1,D,0,1,A,9,13,4,3,2,7,1,3,1,0,13,13,5,0.6357594426345837,1.560253846401961,1.9706367125762023,1.5158678192432988,7.777979550366094,4.6484598264684065,2.606113924458924,6.890418669161049,12.770272231719511,10.428184369254588,8.938175337870527,13.875520110957003,3.8762039157500885,3.1916475824920174,0.4842105263157896,2.0210526315789474,3.83,0
2020-12-16,Leicester,Everton,L Mason,0,2,A,0,1,A,14,11,2,6,4,6,2,3,0,0,12,9,5,1.5465100151598232,1.1069219107828274,1.3991549204915654,1.4334096700319323,7.067248330806696,4.7251491791117,4.492324936296488,5.23220172241396,12.398554978550463,11.034814372802634,11.343173241299228,10.460942489436507,3.820662516530658,2.598092120117408,1.6947368421052633,1.4511278195488726,1.82,0
2020-12-16,Fulham,Brighton,R Jones,0,0,D,0,0,D,9,9,4,4,1,8,1,0,0,0,15,11,1,1.174757281553398,1.8166564526013613,1.25963132600071,1.947290584782118,4.194252169144923,4.692079798729155,4.776023288068895,6.883535464309906,12.447414766312937,11.394474728252103,11.011126342612005,10.6424910492533,4.046301970777022,3.5017304776957072,1.2857142857142858,1.0466165413533837,3.98,0
2020-12-17,Aston Villa,Burnley,C Pawson,0,0,D,0,0,D,27,6,7,4,11,1,1,1,0,0,17,19,2,2.220976059292955,2.4046391247230443,0.5665903299680676,1.792655549462955,8.782474853434248,3.672163290915864,3.5416104893074865,8.436686772247848,16.220623125036763,12.02790141369777,8.824205722026901,16.363014869528755,3.7365345777533774,2.6495064993710282,2.023696682464455,0.5338345864661654,3.87,0
2020-12-17,Sheffield United,Man United,M Oliver,2,3,A,1,2,A,12,14,6,8,6,3,3,2,0,0,17,8,5,0.40199335548172754,1.3549656484856305,3.157232211133115,1.3635222838767866,4.340429958391123,5.44529722930039,4.875806356738103,4.471128017097704,7.730066445182724,14.506265522691354,15.630517048685318,12.564596772612301,1.9583298390478343,2.4742456030273914,0.4736842105263157,3.1137440758293837,3.43,0
2020-12-19,Crystal Palace,Liverpool,J Moss,0,7,A,0,3,A,5,14,3,8,5,4,1,0,0,0,5,11,1,1.309105570428668,1.2336725478179533,1.3538834951456309,1.74538915588814,4.814014772763927,5.194252169144921,5.636741605651065,3.194855336580331,9.99415540431571,13.042463632551689,12.603957681514691,10.288146308421767,3.322073670289971,3.6699206528400476,1.2436090225563912,1.2285714285714289,2.53,0
2020-12-19,Southampton,Man City,M Dean,0,1,A,0,1,A,9,11,3,5,6,6,2,2,0,0,9,11,4,2.2597345418185335,1.1136857723446116,0.7182175918459505,0.7789036544850498,5.968098248556592,4.4912943908653995,6.931574363771247,2.8668790117085443,13.442389446182627,6.9549430700254815,15.796693868335321,7.779066541947554,2.5786939973550935,2.2889010740896047,2.3654135338345865,0.4872180451127821,3.51,0
2020-12-19,Everton,Arsenal,A Marriner,2,1,H,2,1,H,9,13,2,2,4,3,1,3,0,0,9,9,4,1.6598538851078923,1.441892720059349,0.5759587781827564,1.0109086217462826,4.959047511531143,4.301632100119343,4.985183691900785,4.7437554430216435,11.206470341579848,14.726821597909883,9.255199496822888,13.031919491662098,4.13984291842725,4.23026803857691,1.2736842105263162,0.3789473684210528,3.02,0
2020-12-19,Newcastle,Fulham,G Scott,1,1,D,0,1,A,12,11,5,4,2,9,1,2,0,1,7,17,4,1.3586523884785344,1.8297487339934846,0.8529722930039028,1.5454278618198238,4.411666612908427,3.8813485791697575,3.9408879785827184,6.636552914234107,9.460619940005806,14.995774602457827,10.574895977808598,14.342273328387575,4.01433409670032,1.9235057897622807,1.3804511278195488,0.7398496240601505,2.89,0
2020-12-20,Man United,Leeds,A Taylor,6,2,H,4,1,H,26,17,14,3,11,13,1,0,0,0,6,6,1,0.4241347611521466,1.1579266522594585,1.4749798406605812,1.8556155855884915,6.152446537431861,3.3306599361352123,4.033238718833662,5.742133019385221,11.672322033351612,9.78973163887366,14.921520498016319,16.331964648582396,3.3080234170886684,2.518190175144341,0.36390977443609024,1.3127819548872182,3.72,0
2020-12-20,Brighton,Sheffield United,P Bankes,1,1,D,0,0,D,21,5,5,3,14,2,1,5,0,1,9,11,7,0.9425216914492146,1.5091120214172824,0.4325242718446602,2.299737122213979,4.8075702351385345,2.624954036706125,5.441907234783731,8.277158662064963,12.802373963809954,7.6152888430151915,9.213797051898204,16.076782891978194,3.4479195561719838,2.689354256039738,0.9097744360902257,0.342857142857143,4.09,0
2020-12-20,Tottenham,Leicester,C Pawson,0,2,A,0,1,A,8,17,3,4,5,3,2,2,0,0,15,14,4,1.8354030255136602,0.8122730058381447,2.2248766248427567,1.3039238138244686,3.5415588813985743,7.079150404799536,3.826324871786601,7.242199142018514,9.072273650937005,12.551725639454247,10.359191046027806,12.287791504047995,3.5393526432925846,3.6058091152469114,1.9398496240601504,1.9939849624060153,3.87,0
2020-12-20,West Brom,Aston Villa,M Atkinson,0,3,A,0,1,A,1,19,1,10,1,7,1,2,1,0,14,8,4,0.8214253459342645,2.107418636906106,1.6416344777553382,0.4697554949902943,7.256639680030965,6.322444602135277,6.964667359463539,3.674202466618302,11.600269328774635,17.52049156533239,13.488637477696518,12.288543361894865,3.760166758055672,4.737691417815338,0.825563909774436,1.4928909952606635,2.48,0
2020-12-21,Burnley,Wolves,L Mason,2,1,H,1,0,H,10,15,4,3,1,7,2,1,0,0,11,15,3,0.5219505499892159,1.1494676574969118,0.7577411863368061,1.8908944295713317,5.470696653006804,4.604576380855278,4.182175918459504,6.179487468954618,8.936687515931059,12.003843061900746,9.216008128245653,11.81077798922685,1.1050371561341936,3.7052623939618754,0.6398104265402843,0.691729323308271,1.82,0
2020-12-21,Chelsea,West Ham,C Kavanagh,3,0,H,1,0,H,11,6,7,0,5,4,0,0,0,0,11,6,0,2.3670418991710482,1.0508450795084345,1.7770393187756022,1.2247169628745604,5.6385704609231375,4.8075992645872985,5.118753023900912,3.6893203883495147,16.233656420346417,8.212756829984196,13.630205141437925,9.551025707189627,2.754809212011741,2.225174983066155,2.3593984962406016,1.726315789473684,3.7,0
2020-12-26,Man City,Newcastle,A Marriner,2,0,H,1,0,H,11,7,6,2,7,3,2,2,0,0,5,12,4,2.0032287198013092,0.8781488888172112,1.3936038447892138,1.9050688643034548,7.458684643421606,3.216290358997516,3.7570525433022612,6.906989646163275,17.489451020868945,7.508115343676418,9.106096184240233,18.033222591362126,2.830600264490533,3.5157452504596334,1.9413533834586467,1.4947368421052631,3.02,0
2020-12-26,Sheffield United,Everton,D Coote,0,1,A,0,0,D,10,7,2,3,6,3,2,4,0,0,11,10,6,0.7870487633398945,1.7513528445814335,1.5439344481257808,1.0880155210054923,4.740319671886988,4.856078826991088,4.855614061885168,4.935290606045809,8.758948904537629,14.384275868897888,11.260482275746757,11.313713182123044,2.6912501610083983,3.1768554322091065,1.0140845070422535,1.645458960660515,4.23,0
2020-12-26,Arsenal,Chelsea,M Oliver,3,1,H,2,0,H,15,19,7,3,7,9,2,1,0,0,13,10,3,0.7235267850645687,1.425255175357357,1.4413893389114214,1.0163950413630063,6.385718585748482,5.215086544648939,5.461630627762051,5.438746420921041,11.8617880793531,11.047888623945726,12.524245382374374,9.862710536756772,4.14699362807992,3.2617616379317966,0.6668285575522099,1.2166100048567268,3.43,0
2020-12-26,Aston Villa,Crystal Palace,A Taylor,3,0,H,1,0,H,21,13,10,6,4,4,1,4,1,0,18,16,6,1.6441118601425666,1.7800712834241843,1.6595175991189461,1.3970179408579944,9.358442731348582,2.9781101828855268,4.917263786229269,5.35169783440135,19.02039963874464,10.462247201883688,12.224739295610876,11.704935364734515,3.2854965648485632,2.7957068326455263,1.2842105263157897,1.7673627974745025,3.72,0
2020-12-26,Fulham,Southampton,D England,0,0,D,0,0,D,10,3,1,2,6,3,2,0,0,0,15,12,2,0.8916879678339565,1.3789152243691976,1.7367522562598094,1.3915643977143404,3.424565712576583,5.489155684885179,3.664863962015757,5.712024222735788,11.616726293613214,10.817502507106472,9.916911914022943,12.700715618569442,3.312265568712944,3.6273878718477897,0.8305002428363285,1.6595434677027685,4.1,0
2020-12-26,Leicester,Man United,M Dean,2,2,D,1,1,D,10,9,2,4,5,0,2,1,0,0,10,17,3,1.173863226307691,1.322117854474524,3.1163935748153406,1.5288375318517562,6.328164697410985,5.032337014956679,4.388594652130439,4.868228881076025,12.784438897126142,11.02642550748419,15.207015450117728,12.417951488565622,4.104835474920707,3.1302712640712187,1.0947061680427395,3.0721804511278195,3.51,0
2020-12-27,Leeds,Burnley,R Jones,1,0,H,1,0,H,11,14,4,6,4,12,0,3,0,0,8,14,3,1.9114081811444106,1.817300796058161,0.4300648209266984,1.360697574747681,6.642433639037332,4.450838474607463,2.929184460333176,9.054342289367355,17.25801060132335,12.72674953730913,8.143685594090725,18.926100988003295,3.2702877721619985,2.4930015243261754,2.2821758135017,0.34482758620689663,3.98,0
2020-12-27,West Ham,Brighton,S Hooper,2,2,D,0,1,A,11,13,4,4,5,4,0,0,0,0,6,8,0,1.3540616485002046,1.2462589945377518,0.9561107770418282,1.4780717783936865,4.744818249912509,5.151313209652588,5.552872165385106,5.465839764714876,12.05125800094422,12.749263645861232,10.526525682930636,10.246716686835507,1.9258746581419381,2.898913929501241,1.266148615832929,0.6760563380281692,3.87,0
2020-12-27,Liverpool,West Brom,K Friend,1,1,D,1,0,H,17,5,2,3,8,3,0,1,0,0,8,5,1,2.788517459158954,0.7861158327395124,0.6906574052777568,1.7066090359748867,6.2451782150435635,3.4835782315830537,2.0365173166146655,7.756126310016688,16.605236924791974,8.195099740876792,8.063882555476319,16.00583928321986,2.080414972536422,3.79860097134139,2.738222438076737,0.722195240407965,3.26,0
2020-12-27,Wolves,Tottenham,P Tierney,1,1,D,0,1,A,11,6,6,3,9,2,4,1,0,0,20,13,5,1.1757866220825857,0.9242453279681551,1.5695702493749748,0.911984478994508,5.278681563270146,5.3943604692046545,4.6575063373041266,4.9724754869390395,14.938999477836335,10.711627193369623,11.567843804104434,13.788815469210773,3.5639442385244715,3.0513549800254385,1.2229237493929093,1.2000971345313263,3.83,0
2020-12-28,Crystal Palace,Leicester,G Scott,1,1,D,0,0,D,4,17,1,3,2,5,0,1,0,0,10,7,1,0.993663715990844,2.623125824849251,2.1706903917669247,0.9897305545720878,4.858829741321563,4.906485370644392,3.627213771954439,6.701919220097765,8.790764571923045,13.273191431945781,11.95935923622377,11.254605996299562,2.7625471956927683,3.70079328344374,0.8033025740650804,1.9961146187469647,2.89,0
2020-12-28,Chelsea,Aston Villa,S Attwell,1,1,D,1,0,H,16,10,5,2,11,4,3,1,0,0,16,3,4,2.5195593749324177,0.7976336288089622,1.9944489242976486,0.3477437667322517,5.484700631832997,4.613000283864436,6.9738444666645165,2.9796197142212044,14.972555464077548,7.679571322537599,14.92012869722285,9.356518723994451,2.0910108552643663,4.546087475405606,2.586206896551724,2.043609022556391,3.99,0
2020-12-29,Man United,Wolves,J Moss,1,0,H,0,0,D,11,9,3,5,2,2,1,1,0,0,11,7,2,1.7676942958210182,1.3608325021650272,0.816115828659046,1.9171844891684704,7.320512191004994,5.660582464794758,4.861158327395121,4.9314390539520625,15.124716866648054,11.527116670459238,10.609717820797076,11.374453234524392,2.7518824891007343,3.53532248808878,2.3593977659057797,0.8008742107819333,2.53,0
2020-12-29,West Brom,Leeds,L Mason,0,5,A,0,4,A,4,14,1,6,3,10,0,1,0,0,7,10,1,0.6234948350138281,2.322494889556061,1.6014886084943611,2.8542457455358683,5.74904085240396,6.48570823496576,6.19386798413134,7.009067748117173,9.046030243599755,17.876993664804118,15.422350563464784,18.661572793953727,3.8179569350312246,2.1523673301006068,0.5332685769791161,1.5560951918406996,1.82,0
2020-12-29,Brighton,Arsenal,M Atkinson,0,1,A,0,0,D,13,11,2,3,5,4,2,0,0,0,11,4,2,0.95637165485077,1.3864364757774685,0.6781356784951676,1.2492399111492078,7.022576539685732,2.474365218867369,4.506834168899476,4.564540258628114,14.777672531974195,6.985109290527973,10.157545985834528,12.060388860272733,4.30382825263146,4.174782691369446,0.9417192812044684,0.5988343856240894,2.48,0
2020-12-29,Burnley,Sheffield United,C Kavanagh,1,0,H,1,0,H,5,7,3,3,3,5,1,2,0,0,13,17,3,0.9058510466729026,1.1106457439602617,0.5692631262818616,1.9865526874562796,4.30950230622843,5.226750637035125,4.6125458559396835,9.656133532441952,9.21286649679063,12.782048511434375,8.198441234689241,17.263080444623927,1.5972244621488243,3.7280467175301326,1.1368421052631579,0.5755220981058767,3.7,0
2020-12-29,Southampton,West Ham,A Madley,0,0,D,0,0,D,8,8,3,3,4,3,3,1,0,0,16,15,4,1.7152292929599307,1.0862920680768666,1.3488442283369066,1.6524888599870977,5.975785289130278,4.8548318365049665,4.849178486530586,4.005141523491041,12.37195204472844,7.929639296304553,11.791632215063421,9.900170305059738,2.921171648757273,1.6889971995760127,1.5279261777561925,1.1151044196211755,3.43,0
2020-12-30,Newcastle,Liverpool,P Tierney,0,0,D,0,0,D,8,11,2,4,5,12,2,3,0,0,9,13,5,1.2722315702681453,1.6298126209093158,2.714370762860848,1.3248204832877026,3.830551838175237,5.114737950417167,5.242352628180706,3.6298226860594003,10.072508525114115,14.032953437391571,12.940347799901009,9.013915478038186,4.010880155210056,3.0265770287976186,1.2457503642544925,3.271976687712482,3.83,0
2021-01-01,Everton,West Ham,K Friend,0,1,A,0,0,D,10,11,2,5,5,4,2,0,0,0,9,7,2,1.7418154347988417,1.3354143257825213,1.0419756659422192,1.276539680545736,4.727955587117208,3.987991051809544,4.428481469149651,4.003971802118426,10.674799625304388,14.310726960905466,10.929017613227222,9.467872403219948,4.106146392711418,2.2147614740249617,1.5308402136959693,0.7283108643933388,3.26,0
2021-01-01,Man United,Aston Villa,M Oliver,2,1,H,1,0,H,19,5,9,5,5,10,4,0,0,0,22,10,4,1.593040143793646,1.0512365496996825,1.7548266815159368,0.5049113171867471,6.110070026552698,4.827782312709151,6.257267412403611,4.912209176669364,14.186323901350613,10.952185449065615,13.734575327515225,10.957330836450698,2.5808255993036333,4.414502330694316,1.887866772402855,1.6741136474016514,3.43,0
2021-01-02,West Brom,Arsenal,M Atkinson,0,4,A,0,2,A,7,21,3,12,3,5,1,2,0,0,7,4,3,0.4816467552566029,2.9316402058090922,0.751361362789425,0.9650318109350792,5.123620810104782,7.285226547841087,4.391526952902819,4.663609448389421,7.898034044985481,16.99495892177181,10.349208334072726,12.274154922802913,3.1768581518089554,3.6800091482122452,0.3482950039651071,0.7379857256145916,2.48,0
2021-01-02,Brighton,Wolves,A Madley,3,3,D,1,3,A,13,11,4,4,5,8,2,1,0,0,13,8,3,0.7387924943565011,1.2985203151953721,0.6304455445544555,1.7085205977205589,6.562430629559513,2.821454484024952,4.210231019210778,4.264522541774036,14.373243463861527,7.898516275785676,10.243499258896742,11.289263319077877,3.7796962223814132,3.1860292229109723,0.6150674068199843,0.5230769230769233,3.43,0
2021-01-02,Crystal Palace,Sheffield United,S Attwell,2,0,H,2,0,H,9,7,4,2,3,6,1,3,0,0,8,18,4,0.995105251139207,2.2538568774102203,0.4397530216185472,1.7621071965936335,4.208432197691046,4.927760399495284,4.700693540960549,8.141831076089403,7.700842543810083,14.121058341684561,7.925790078182424,14.473170544344315,2.3615592144772437,3.562412580636425,0.871530531324346,0.3758921490880255,3.99,0
2021-01-02,Tottenham,Leeds,D Coote,3,0,H,2,0,H,20,18,7,5,3,5,2,1,1,0,15,13,4,1.3931446262775773,1.098467499290339,2.374666328414749,2.204891083038122,3.8929846039927916,6.0962390206554575,7.059781360529224,6.096985514630136,8.813898775329665,13.623581068867255,15.098758955581435,15.325994325213106,3.650350151609724,1.8901982089304115,1.2530354541039341,2.7506740681998414,4.23,0
2021-01-03,Newcastle,Leicester,R Jones,1,2,A,0,0,D,8,9,2,3,3,6,0,2,0,0,10,11,2,0.9827927568013852,1.2590223951411272,1.9043526857638124,0.9920669028981948,4.0966069308798625,6.681168248652052,3.9395292546658687,5.632209937695024,9.60100284766709,13.342941913755567,13.106129302204819,9.604148170217455,4.2359096867379415,3.0863497956012,0.8136399682791436,1.6505947660586837,3.98,0
2021-01-03,Chelsea,Man City,A Taylor,1,3,A,0,3,A,9,18,2,6,5,3,3,1,0,0,11,10,4,2.173852293964422,0.8436729535136327,0.7861158327395124,0.5912191630664487,6.7394578178221565,4.4735397650698,6.70710236434456,3.6218353093897924,15.206304047535212,8.207480029438658,14.640883333893266,8.073262459261647,2.525315085630816,2.701207178737072,2.036003172085646,0.6687712481787276,3.72,0
2021-01-04,Southampton,Liverpool,A Marriner,1,0,H,1,0,H,7,17,3,1,1,10,1,3,0,0,5,12,4,1.3250063626539994,0.8391553874517721,2.0968383330173412,1.0234174386686854,5.526284614005218,4.432848654759826,6.779749972214465,3.9415446282388826,11.37731188492399,7.94564669548268,12.498909324358529,8.78324482044941,3.1666102978329147,3.4755402652094283,0.997938144329897,2.1370340999206983,3.02,0
2021-01-12,Sheffield United,Newcastle,A Madley,1,0,H,0,0,D,17,7,4,3,5,2,2,3,0,1,13,12,6,0.6079913766775226,1.5804164514649748,1.0578013006078126,1.927943454530889,5.026903017275598,4.433811948900767,3.574633291898466,6.929401405122156,9.041294009718868,12.704317521885198,8.598611607756748,16.33849847819011,3.444006695146452,3.632431192117737,0.6623314829500397,0.9655172413793105,3.43,0
2021-01-12,Burnley,Man United,K Friend,0,1,A,0,0,D,11,13,0,7,3,4,1,2,0,0,15,13,3,0.9285371623703211,0.8430247353783632,2.8473875698932867,1.6423687596239498,3.993964854400124,5.1721128423018135,3.3311196350539802,4.899980427363553,8.197734905981296,11.388807090653406,13.711374068446556,11.835322311268577,1.9352370159223877,3.0988811225525876,1.0883924235065565,2.6925692083535697,3.26,0
2021-01-12,Wolves,Everton,M Atkinson,1,2,A,1,1,D,12,5,3,3,6,5,2,2,0,0,6,11,4,1.1357943183951449,0.9414798809378156,1.4201867398087797,0.8404867465333459,6.125299441674193,4.622127104112167,4.433452920096274,5.177517124295205,14.042858113516285,9.639709300262163,10.291202025588843,11.0148371020481,3.890653845004348,3.8191344268848164,1.1455987311657414,1.421570182394925,2.48,0
2021-01-13,Man City,Brighton,D England,1,0,H,1,0,H,16,5,6,1,8,4,0,2,0,0,4,12,2,2.0024507280299875,0.6665502827015026,1.1936006060515498,1.5968129641235043,7.348160070162259,3.1641730710717932,5.199586264045705,5.3598589732334245,15.925754012356467,7.385679957334645,11.089253010410937,10.418092270858065,3.1123786248311878,2.239397039883217,1.9621175327829046,1.1352894528152262,4.1,0
2021-01-13,Tottenham,Fulham,P Tierney,1,1,D,1,0,H,15,15,6,4,6,5,1,2,0,0,13,15,3,1.758711967673515,0.8485608493874573,0.8884000641449294,1.4140016574853909,3.68982630304819,5.846839360381658,5.1599307463268,5.5193299167136045,11.358790712813382,14.619237466855827,10.677328970317465,13.777879547628633,3.7298971771764484,2.423857479651055,1.8590007930214116,0.8319572608062167,3.83,0
2021-01-14,Arsenal,Crystal Palace,A Marriner,0,0,D,0,0,D,11,12,4,2,7,3,1,1,0,0,10,11,2,1.2414354124073854,1.3285075735429406,1.281969347651679,1.7617040845203285,6.525470567880295,6.076172596271042,4.708581854317872,5.0441800628746964,12.575746415199017,12.857032285390599,12.401114842052078,13.819607364707794,3.8860470500167654,3.524698970580957,1.476130055511499,1.154321966693101,3.02,0
2021-01-16,Wolves,West Brom,M Oliver,2,3,A,2,1,H,23,12,6,5,11,0,2,1,0,0,10,14,3,1.1062502267350076,1.1717768167099885,0.7610343363833602,1.5458520749490285,6.098038667928017,4.704339022872317,2.255714270370533,7.811608749781684,13.598403676337577,8.630270919751554,7.366834508420183,16.23201563741885,3.91444374184285,3.1619057631402234,1.0957696520786604,0.8185567010309278,3.43,0
2021-01-16,Leeds,Brighton,K Friend,0,1,A,0,1,A,7,7,2,2,5,2,1,1,0,0,8,9,2,1.7040584276095756,1.4038561068869835,0.9339148833531303,1.4669673481624945,6.041267251548286,6.168309103101614,4.938598271631472,5.934261270857605,15.834283030463217,13.01642015371238,9.764444644291697,11.632520057949446,3.2087960014046875,2.1873126215285814,1.8374306106264868,0.7467529080381828,3.26,0
2021-01-16,West Ham,Burnley,C Kavanagh,1,0,H,1,0,H,15,10,4,2,7,4,2,1,0,0,12,9,3,1.5010157364194114,1.417738705763794,0.3322230015662636,1.278637138192642,4.8028733278478315,4.889383905964411,4.992838710340235,7.904455060282937,11.812091739430523,12.806307374794645,9.476025344610681,17.122874815191167,1.4877288920996619,2.6083461209058365,1.5206978588421889,0.22521808088818407,3.7,0
2021-01-16,Leicester,Southampton,S Attwell,2,0,H,1,0,H,16,8,5,3,2,5,2,2,0,0,10,11,4,1.3618133237010148,1.4763393094804247,1.3416327480781285,1.0749767909061445,6.026000827962242,3.887456091850107,3.5136042064964923,5.7775400998971715,12.15096562905984,10.565403938634596,8.343281119098608,12.086289799860092,3.8534800798729063,3.2571492881766253,1.4087232355273593,1.0839016653449645,3.99,0
2021-01-16,Fulham,Chelsea,P Bankes,0,1,A,0,0,D,10,21,3,6,1,12,2,3,1,0,11,10,6,0.6888246578643337,1.0652053654568363,1.340971137133523,1.4676747289859635,4.010489424685324,4.922860770653993,6.266626712312775,5.793939134268111,11.248913270371467,9.038983012064058,13.997510766311047,11.031468647642994,3.0137188276652402,3.2022096038016215,0.5424266455194292,1.1414750198255355,4.09,0
2021-01-17,Man City,Crystal Palace,L Mason,4,0,H,1,0,H,13,2,6,0,11,1,0,0,0,0,9,8,0,1.7743883563198313,0.5149068810993919,1.0030576791804169,1.378418925271959,7.496456795594663,3.3543277254807835,4.336854233388045,5.469698038707918,15.942645332357024,6.842926269798944,12.313846289141459,13.206159472240566,2.859307126826257,3.1929778303055376,1.6283901665344966,0.7592718168066354,1.82,0
2021-01-17,Sheffield United,Tottenham,A Marriner,1,3,A,0,2,A,15,14,5,5,5,7,4,0,0,0,13,4,4,0.6932787350580305,1.2365731371416002,1.439990272727867,0.932008434194047,5.0210498621678,3.9042996382853286,4.052910838319942,5.888756723398969,10.772829924120987,11.463257647533862,10.301132505713548,13.154346509903323,4.000101393170213,3.4946811131212177,0.7778936935997081,1.1306899286280732,3.02,0
2021-01-17,Liverpool,Man United,P Tierney,0,0,D,0,0,D,17,8,3,4,7,3,2,1,0,0,15,6,3,2.3816211178470934,0.8347755115573818,2.427097994678253,1.2687219517867265,6.644408628085712,3.3735618534025837,3.48329314159602,4.467725723614716,16.695047426872673,7.468199151770661,13.549533039569404,11.645282459809042,1.834615359470104,3.0763851906367887,2.135289452815227,2.105471847739889,3.83,0
2021-01-18,Arsenal,Newcastle,D Coote,3,0,H,0,0,D,20,4,6,1,7,2,0,0,0,0,9,8,0,0.9713425097899258,1.0394708156888464,0.8171464068867031,1.71683184661264,6.628711566499857,5.406905087727888,3.2163966294044743,6.490453287145525,12.23291913734262,12.670572051306298,8.234919762846959,16.488993262358026,3.4757092127673155,4.171064505870453,0.970945699233217,0.6306106264869153,4.23,0
2021-01-19,West Ham,West Brom,G Scott,2,1,H,1,0,H,14,6,6,2,3,1,0,1,0,0,10,10,1,1.3920122448530403,1.109288376116515,1.24815491382392,1.6446587708663356,5.2808912048705645,4.695885091364499,1.7649497822055438,8.505291110414216,12.505669018417336,12.19575309470912,8.374849185157302,17.704492194064116,1.816746164359725,3.1266807348544283,1.3424964790569092,1.5651244066558865,2.89,0
2021-01-19,Leicester,Chelsea,C Pawson,2,0,H,2,0,H,8,9,6,5,6,3,1,3,0,0,7,16,4,1.5006604115886752,1.1551395391495844,1.2667877497283084,1.148360068160074,5.150083934745905,4.129506713604861,7.514008104517402,4.750945739037812,12.988380814039633,10.00726181601831,15.521007376583277,10.80705716540522,3.8853576871353437,3.8109108873900235,1.6110792342600804,1.093057221845496,3.87,0
2021-01-20,Man City,Aston Villa,J Moss,2,0,H,0,0,D,28,11,9,4,16,2,0,2,0,0,10,9,2,2.2586035663363555,0.40288116256108397,1.5830999737555116,0.8450511977666969,8.258705192946634,2.84210840038939,7.108757113330426,4.932182012064994,15.302428683752828,5.78927498814604,11.747417346205898,12.787076830973355,2.23722195538613,4.3202010528616315,2.4400396432111005,1.4402854877081683,2.53,0
2021-01-20,Fulham,Man United,M Atkinson,1,2,A,1,1,D,12,15,5,5,2,8,3,1,0,0,6,10,4,0.5389605172271049,1.0510189597474027,1.899046405551726,0.992692453072769,3.3555122757447733,6.462598607659313,3.378145466474002,5.0186599910738,10.977193447543183,11.641281741615867,12.342148852000472,12.810281612138843,3.6634291080443564,3.0597664461979854,0.3567888999008922,1.3849042825100415,2.48,0
2021-01-21,Liverpool,Burnley,M Dean,0,1,A,0,0,D,27,6,6,4,12,0,2,1,0,0,11,8,3,1.8634637056890528,0.6531575725997009,0.25994290232589234,1.218015447624356,6.72177286695482,3.292287866625451,4.7768317506332,7.7076772899073145,16.761394435193388,7.583900406364449,9.590023893514362,16.661011543853835,2.088162275468045,2.6935562993562776,1.4045172395806174,0.14814042042668624,3.51,0
2021-01-23,Aston Villa,Newcastle,S Hooper,2,0,H,2,0,H,14,7,5,1,5,4,0,3,0,0,9,18,3,1.970826434511713,1.3511456113021296,0.6393639441877645,1.9960043332606583,8.067273286914858,3.224344578508919,2.951751289754588,6.601312820648897,19.49740380334819,11.073743682248109,7.313549420364714,17.252865463361413,3.939582848494601,3.263586832738379,1.8916949975716368,0.41479317719472136,3.87,0
2021-01-26,Crystal Palace,West Ham,S Attwell,2,3,A,1,2,A,6,17,3,7,3,4,0,0,0,0,9,8,0,1.2137351829360843,1.7634964929552899,1.0328432299408574,0.9988093176295063,3.945519639672551,5.161042214326154,4.335258895857658,4.220672682700678,7.983493743214005,12.57176524275152,10.944460896612377,9.583644746864044,2.718026593372548,2.1680368926975113,1.2577330342705129,0.8212925773303428,3.99,0
2021-01-26,Newcastle,Leeds,A Taylor,1,2,A,0,1,A,22,9,5,2,9,5,1,3,0,0,10,15,4,0.9865364507665396,1.4202331919902114,1.8580220350594279,2.377878959115227,3.8580236376762285,6.5329698747289875,6.611645017017127,5.4231898433848675,9.25268065393598,12.398069731391608,15.729967480042934,16.342894396643807,3.7494539829245155,2.3492172476997863,0.8774190183089041,1.809295289760576,3.72,0
2021-01-26,Southampton,Arsenal,K Friend,1,3,A,1,2,A,13,9,5,5,4,5,1,2,0,0,11,6,3,1.2542963514999472,0.6565845407700186,1.4581514465183214,0.7550746594565408,4.541523476010356,5.644065969103024,4.523909394882843,4.30166624921324,10.424961999585735,9.915557124087853,12.666447883930305,11.126683376787001,3.347926733162651,3.5320629539830115,0.9986437848834179,1.8543633613270043,3.26,0
2021-01-26,West Brom,Man City,C Kavanagh,0,5,A,0,4,A,4,18,1,7,3,8,2,0,0,0,8,8,2,0.3768572761879589,3.164077910557056,1.2897851501025968,0.6842187734951216,4.661595236379792,6.788041220859025,5.8637187109192945,3.935374418254957,7.702653262839861,17.8663157069171,15.405098563931482,8.284099715980467,3.138380006996727,2.9966888048110545,0.22909603046267804,1.4773988897700236,3.7,0
2021-01-27,Brighton,Fulham,C Pawson,0,0,D,0,0,D,16,10,5,3,10,0,2,1,0,0,10,14,3,1.2307521182851453,1.6687027525743339,0.9137895873824717,1.3198142852206172,6.222500400682111,3.9481247688962378,5.123545730787588,5.628684677141425,14.074473741773803,8.573290600024915,11.660757461700326,14.055917840274738,3.6100616092890663,2.554932679618306,1.4312764070731836,0.8902458366375892,3.87,0
2021-01-27,Man United,Sheffield United,P Bankes,1,2,A,0,1,A,16,5,4,3,7,2,1,1,0,0,10,12,2,1.6815803672422487,1.0400892694705364,0.3440781529490401,1.8138643457305594,5.86855763486182,5.953075883496482,4.983377158170283,7.023148568542318,15.233611369349678,9.657198187716267,7.724370554515186,13.282400163486809,2.8895882859271484,3.6576162900389133,1.9262427625058687,0.24724844817693403,4.09,0
2021-01-27,Everton,Leicester,M Dean,1,1,D,1,0,H,8,19,2,6,5,11,1,1,0,0,12,10,2,1.345544029098693,1.2591059502139255,1.9251621942339465,0.9937928672146288,4.7898470021042305,3.990723145397268,4.387815584186998,5.059533167510164,10.52127945850429,13.557520622003718,12.212779257030526,9.255141664367645,3.6269879382759527,2.849998096093271,0.9998413957176848,1.7701736998591626,3.51,0
2021-01-27,Burnley,Aston Villa,P Tierney,3,2,H,0,1,A,10,18,5,10,2,4,1,0,0,0,16,7,1,0.7172904830573614,0.8787373645863784,1.238672818889612,1.0963276405458118,3.7678330598365006,4.905451521946837,5.997270342680608,7.340151896060962,8.835263719749957,11.75536124230761,11.58480548699373,16.09687654745707,2.1774757261831272,3.8154064974942696,0.7108643933386201,0.9473684210526319,3.83,0
2021-01-27,Chelsea,Wolves,A Madley,0,0,D,0,0,D,14,4,5,0,13,1,1,1,0,0,14,7,2,1.9184631128984537,1.3128142597444843,1.1459776732379259,1.9895013212814305,6.361012667715511,4.152949077634707,5.034752129242619,4.424536699189399,13.856029471852983,10.337989692973547,10.40808734697183,11.661459754870211,2.8461549174797947,3.1455557739618563,1.6814459339627565,1.3707683480256638,3.43,0
2021-01-28,Tottenham,Liverpool,M Atkinson,1,3,A,0,1,A,3,14,2,7,1,2,1,2,0,0,9,11,3,1.5936427940769935,0.8815087090586633,1.640639689073422,1.0183226234904827,4.192439256669545,5.6625967500853625,7.480363687971054,3.301567454332457,12.150990432254892,14.70207806956222,13.478189143008848,8.395273150865137,3.5710970936396143,3.5896443504158237,1.5650200824161498,1.4056648062177253,2.48,0
2021-01-30,Southampton,Aston Villa,L Mason,0,1,A,0,1,A,20,8,5,4,7,1,1,0,0,0,12,11,1,1.200879835132719,1.148833405115993,1.3985942868569063,1.4962057557717219,4.4277731313871405,5.508775941632168,5.577731394047283,6.218420068306115,10.965864606658299,9.723238705771964,12.932356644065766,14.816190041475968,3.2748425778967314,3.2240130057404786,0.9991038345540718,1.3044377423524345,1.82,0
2021-01-30,Everton,Newcastle,S Attwell,0,2,A,0,0,D,11,13,3,3,7,12,3,4,0,0,13,6,7,1.2703657404268605,1.2027335626701998,0.5050616060382989,1.9968436476925053,4.835568940296214,5.515696504452517,3.1719423937852778,6.264947190592809,9.972737278660517,14.741613679078764,7.247686431587818,16.56958101889673,3.2730122981575573,3.2082187935112865,0.9998956757602632,0.2740887548470488,3.99,0
2021-01-30,Crystal Palace,Wolves,S Hooper,1,0,H,0,0,D,11,6,2,4,1,6,1,2,0,0,7,10,3,1.3788949550757132,2.02323167764276,0.9052579980325014,1.571594303488949,3.7469074102394635,4.917158139392391,4.187227570285501,6.2258656331769116,7.56684865423125,13.501943253538045,9.062029093940938,12.15268455043879,2.1470883508257366,2.9049247213003753,1.50952175786299,0.9057819905213271,3.87,0
2021-01-30,Man City,Sheffield United,D Coote,1,0,H,1,0,H,10,4,5,1,10,0,0,3,0,0,7,10,3,2.2042822929388,0.31825349060647273,0.6919147456650256,1.6429071224436618,9.884811892179359,2.665218339297068,4.356700393603919,7.0182860690092905,17.96963181914073,6.883819900957658,7.152099723819901,13.853248763124359,2.1873920211861035,3.3094237691270822,2.2907712193020253,0.8418095648427402,4.23,0
2021-01-30,West Brom,Fulham,A Taylor,2,2,D,0,1,A,5,12,3,7,2,3,1,0,0,0,9,10,1,0.2976960820030423,3.5497246638873134,0.7149809505649238,1.032668882690207,4.312566913258892,7.0426206341322946,4.00884147449592,6.579729920419542,6.924888118157094,17.894396916841597,11.299434755024508,14.47888208650063,2.899256268424809,2.651763753728684,0.15138302455838004,0.5855719576443588,3.72,0
2021-01-30,Arsenal,Man United,M Oliver,0,0,D,0,0,D,17,14,3,3,4,7,1,3,0,0,9,16,4,1.3974745222632894,0.8211235625254018,1.9202523304435655,0.9942274483557932,6.706702990946334,4.691263670512166,4.348994504931757,4.384571849937713,13.864442356525766,10.849264937932594,12.900446871265613,12.640076964130403,2.7456150649102646,3.257268300705295,1.6592330891856961,1.5935545023696684,3.43,0
2021-01-31,West Ham,Liverpool,J Moss,1,3,A,0,0,D,8,14,2,5,6,5,2,0,0,0,7,8,2,1.5197238210605684,1.086331678951409,1.926181702827343,1.0144738434675018,4.801775945614237,3.9195416428258465,6.3291795089210865,2.8181090214077718,12.819562453635509,10.89429696040472,13.587798730478964,7.261962763716645,1.6451835973033857,3.465785919458992,1.5655320982335201,1.9464885825075402,2.53,0
2021-01-31,Brighton,Tottenham,P Bankes,1,0,H,1,0,H,16,8,5,4,9,2,2,1,0,0,11,11,3,0.9722250482638797,1.3181814518589985,1.7793937979852357,0.946801019598409,7.015987479769062,3.1187968210367556,4.694094308676283,5.695394361777503,14.478942403165856,8.872979705139988,11.105876633313283,13.555896122057186,3.4819144072336963,3.604620819641952,0.9457647565704439,1.770434510458505,4.09,0
2021-01-31,Chelsea,Burnley,G Scott,2,0,H,1,0,H,19,1,8,0,4,2,0,1,0,0,7,9,1,1.5154781087267166,1.0370495309973384,0.41539645813752785,0.9621637937968467,7.755572886157608,3.4906526859755203,3.7734287922889607,8.609306137292247,13.88627136886724,9.006655884316386,8.83591724221744,18.832779808835916,2.6684148605258926,2.7579266878990825,1.111072813442482,0.4371046962516157,2.89,0
2021-01-31,Leicester,Leeds,C Kavanagh,1,3,A,1,1,D,18,8,8,7,6,4,0,3,0,0,17,16,3,1.605549770558436,0.9124953575265973,1.8878453818880407,2.0884469891419846,5.32861404397724,3.8922468650136763,6.273109045415996,6.1745208677835395,11.940540670728845,9.795680261803847,14.316296320672402,17.5312043046327,3.909439011721367,2.6959743418809055,1.7430073244291255,1.8739853511417495,3.7,0
2021-02-02,Man United,Southampton,M Dean,9,0,H,4,0,H,24,3,14,1,5,3,2,3,0,2,11,6,7,1.5384102091663294,1.2417244362590605,1.0497404115510405,1.2762294706957311,6.106224078990852,5.122707923491642,3.8369919158314674,4.955679566406717,15.394596025996622,8.678924996802543,8.268595160453916,12.93777618199051,2.7027247821645637,3.41876760755318,1.612046531667385,0.7129518543633615,3.51,0
2021-02-02,Newcastle,Crystal Palace,D England,1,2,A,1,2,A,21,6,5,3,9,1,1,3,0,0,14,11,4,0.989364552285685,1.5420167842696975,0.792359229827219,1.9290981920417578,4.938127472819238,6.210960101797008,3.635927429989278,6.631372059937961,11.930333669683058,11.684284235244212,10.14735929133994,13.162854404125186,3.802082718425108,2.5222731523709516,0.919000430848772,0.5017147781128827,4.1,0
2021-02-02,Sheffield United,West Brom,P Tierney,2,1,H,0,1,A,14,8,6,4,9,2,2,1,0,0,11,9,3,0.7577074276928638,1.6069918211953704,1.196028444302448,1.7193003867212655,5.016628208847246,4.554570584227705,1.6042673645449093,7.348870772602732,11.660773059023947,11.996116017662606,7.875997472891663,16.926340770540698,4.0000800949097215,2.6799583355311176,0.8532356742783284,1.3734252477380438,3.83,0
2021-02-02,Wolves,Arsenal,C Pawson,2,1,H,1,1,D,11,9,7,3,9,6,3,2,0,2,11,8,7,1.2939878765684374,1.5558063673391374,1.7820262406592755,0.8065227372001624,7.1277258662761875,3.71616360891125,4.623915161581896,4.238299393796352,15.57326694487759,9.338103287406474,11.896287902293317,11.520185082472615,3.722359196331515,3.4202998503356703,1.4024989228780698,2.2429814735028004,3.87,0
2021-02-03,Liverpool,Brighton,K Friend,0,1,A,0,0,D,11,13,1,4,6,3,1,0,0,0,12,6,1,1.4720316660724893,0.7260139627555031,0.9477964695189404,1.158821812840776,7.8304970164726075,2.6007225033164083,4.321327588244009,5.738013931201836,18.912076654989995,7.251192361276183,9.183756003982461,10.659430660333685,2.279699410977153,2.147966450595917,0.9280827229642401,0.8326583369237398,3.26,0
2021-02-03,Aston Villa,West Ham,A Madley,1,3,A,0,0,D,9,20,2,10,7,3,1,1,0,0,11,15,2,1.9774635612556632,1.0437534731918618,1.4460566369951449,1.2091155927927615,7.369453832115597,3.4008099249930654,4.264835697914752,3.964262860263557,18.246717944598913,10.146947362055327,12.21646421762173,8.830878074648401,3.7258232223561953,1.712627377458929,1.9292624900872326,1.560344679017665,3.43,0
2021-02-03,Burnley,Man City,M Atkinson,0,2,A,0,2,A,2,17,0,6,1,3,2,1,0,0,8,5,3,1.2139281921975722,1.122684876288249,2.0969980651908813,0.5353567121170857,3.383214450038331,4.7084569563835945,6.328498761825263,3.7318696775848927,9.088669575239894,13.113976109424954,15.969658309746086,7.352029536712785,1.9212982130657237,2.779844199278403,1.4942882478743935,2.682958635438944,2.48,0
2021-02-03,Fulham,Leicester,R Jones,0,2,A,0,2,A,8,9,1,5,5,2,3,1,0,0,17,10,4,0.6358047028877154,1.250358277711831,1.7308261717187017,0.9950967137231123,3.070778565503891,6.785539248185893,5.776745684784525,5.047027858653225,11.19204026947971,12.346801218256573,13.638476817244614,8.991491419830423,3.7341278988560878,2.6714507557784475,0.5749763033175357,1.5089185695820773,3.98,0
2021-02-03,Leeds,Everton,M Oliver,1,2,A,0,2,A,16,10,7,6,7,1,2,3,0,0,12,12,5,1.3333149460374716,1.3159911506768431,1.5463338150863042,0.8751912484382947,5.8147239359956835,5.261430909188738,4.556713738783496,5.356460615863146,13.912252192294272,11.707457668478305,9.140021626557582,11.229174073588863,2.9458042924291488,3.858484446336509,1.2085963173543375,1.6195294976787857,3.43,0
2021-02-04,Tottenham,Chelsea,A Marriner,0,1,A,0,1,A,7,18,2,2,2,7,2,3,0,0,20,14,5,1.4689444653787644,1.3265108652001825,1.0006911731630708,1.3272522861953842,3.521847709447501,4.89324572285471,6.565812873345144,5.013317286960931,10.22876847618804,14.554602242745842,14.15122957518156,10.21741750233029,3.451134628312292,3.8506302212263854,1.3733563119345111,0.7222748815165879,3.02,0
2021-02-06,Aston Villa,Arsenal,C Kavanagh,1,0,H,1,0,H,12,14,8,3,3,7,3,2,0,0,12,12,5,1.764801695947357,1.4693642600118744,1.6222680565390972,1.0503352212069437,7.289073607013318,3.313607711364139,4.9050320903382145,5.211055297140122,16.23495570197158,12.290626815716498,11.304612493077453,11.413917773447062,3.350344483090267,4.151587837709321,1.6112357206196863,1.8238082456210487,3.7,0
2021-02-06,Burnley,Brighton,A Taylor,1,1,D,0,1,A,20,10,7,2,8,7,2,0,0,0,8,10,2,0.9589350915703507,1.3069703266635573,0.9584609981507234,0.9220890040002141,2.882605562312651,4.349585040073824,4.051396881126306,5.791534409722728,7.599650829378128,13.930259384941728,9.963366941908683,10.729004718649465,2.147886173597847,1.913451256548873,0.9874019819043516,0.8890913140566195,3.72,0
2021-02-06,Newcastle,Southampton,C Pawson,3,2,H,3,1,H,6,14,4,5,0,7,2,1,1,0,11,14,4,0.9915372412899717,1.6355770295639103,0.8292359664647782,2.8986550873502486,5.767917248828516,5.146426100119561,3.6611766038636175,4.96498934671805,13.783153112526609,10.523056030574248,7.161894266159944,15.261464493471324,3.842514744700532,4.171027549851341,0.9463160840438837,0.4711072813442483,3.87,0
2021-02-06,Fulham,West Ham,M Dean,0,0,D,0,0,D,20,8,2,1,7,3,1,2,0,1,11,10,4,0.5059177508811183,1.4035007095981546,1.7635078387476215,1.1663958915361614,3.46489438555744,5.807913408314462,4.006445577732994,4.584426005302807,10.539946349126534,11.66309157088065,13.806543268650609,8.865427569645274,3.788442245202266,1.7713340115282807,0.3810758485199802,2.04584263759359,3.51,0
2021-02-06,Man United,Everton,J Moss,3,3,D,2,0,H,14,6,5,3,5,1,2,1,0,0,14,10,3,3.0627197190726827,0.9880556578979125,1.6416291940752763,0.9014080961486343,5.880236329602025,4.689065232693122,3.8096040908445903,5.701696195906253,17.152572473626247,7.518791617545324,9.320665385657911,12.231315471529406,3.580604384883864,4.098266825816396,4.103501447752414,1.748591124515295,2.53,0
2021-02-07,Tottenham,West Brom,S Attwell,2,0,H,0,0,D,13,4,6,1,8,0,1,2,0,0,16,12,3,1.1688574757600305,1.2598087774596043,1.155982283867651,1.7766438084238951,3.2109532484588,5.323629283156227,1.685110594542025,7.686175831438564,9.569171442378254,15.25845393039078,7.901329638907526,16.3285259360611,3.767548459923427,2.745338846439862,0.9102165060908403,1.2474942746674738,3.99,0
2021-02-07,Wolves,Leicester,M Atkinson,0,0,D,0,0,D,13,13,1,3,8,2,1,3,0,0,11,15,4,1.43821732686306,1.4422620751505832,1.7858150196410478,0.7918108957506361,7.510208064733792,4.182722831221142,5.005203758037622,5.03742065506992,14.639005682756075,9.269033012736939,12.69089399344854,8.78894211832705,4.391940235646564,2.942856756927641,1.6039954540003085,1.6745269818788233,2.48,0
2021-02-07,Liverpool,Man City,M Oliver,1,4,A,0,0,D,8,8,3,5,6,1,2,1,0,0,13,8,3,1.1713139999480306,0.7819858848070745,2.076623023605358,0.4229017342676937,7.456549360774337,2.6822899041448585,5.6293270767396635,3.1580236098567913,17.295738310697043,8.425601890609197,16.186087933830947,6.227802737313477,2.0182728200420206,2.826089282478457,0.6151034557593137,2.451288237828522,3.43,0
2021-02-07,Sheffield United,Chelsea,K Friend,1,2,A,0,1,A,8,9,3,3,1,8,1,0,0,0,8,8,1,1.01149226914583,1.4829909807015507,1.000549975126862,1.0561112373564436,5.830381265897631,4.0327037509626384,6.654511875138563,4.397734237552024,12.138647878186388,11.179759474463836,14.937485255868289,9.560139330570427,3.7957762344627626,4.085432097675805,1.2399613932689506,0.8159327009291888,3.26,0
2021-02-08,Leeds,Crystal Palace,A Marriner,2,0,H,1,0,H,17,8,7,3,5,3,0,2,0,0,7,8,2,1.263300086738729,1.4596714263854267,1.0390651413189482,1.7392950469391084,6.0636984804558045,4.366291075031348,3.097440410253669,7.115253135644089,14.35079649024886,11.348795658753641,9.300105638163489,14.763885269824646,3.3773007649020186,2.824154272886587,1.1378371391641535,1.006984620129184,3.02,0
2021-02-13,Crystal Palace,Burnley,M Oliver,0,3,A,0,2,A,13,16,3,4,7,4,0,0,0,0,15,14,0,1.3014914526764045,1.609910740224935,0.33053615500235584,1.1741807557563495,3.1857485680039908,5.1383691938886535,3.411139461327794,7.667682518720301,8.268198553113644,11.969390035697828,7.235137313813376,18.866940803313646,2.321327537700278,2.398804243058362,1.337694675583527,0.2896989702968035,3.43,0
2021-02-13,Brighton,Aston Villa,D England,0,0,D,0,0,D,26,4,9,1,9,2,2,3,0,0,16,12,5,0.9778991236627402,1.048893461071939,1.3171664572545987,1.1905496253447714,7.421296433643272,2.8902406176316386,4.642558100774682,6.378087077084392,14.789675454025591,8.694640865321317,11.924737845718608,15.875177608312258,3.3834653187017016,2.7696749531487592,0.964054620528958,1.2017715692265518,4.1,0
2021-02-13,Man City,Tottenham,P Tierney,3,0,H,1,0,H,15,7,6,3,4,2,1,3,0,0,12,13,4,1.9582624763584862,0.2532382812621733,1.4056211607720652,0.9579757934029872,9.908343382532102,2.12074755298312,4.128183190072236,6.389547148949453,16.34153567436309,6.294691548540443,10.453468098784997,14.069295209496964,2.353397672080162,3.477616488994377,1.8554817560351577,1.1698750538560967,3.83,0
2021-02-13,Leicester,Liverpool,A Taylor,3,1,H,0,0,D,11,15,6,4,2,12,1,2,0,0,9,6,3,1.481843522981309,1.3389464581224597,2.14554935612591,1.0115170181982391,5.465769801164572,3.9142594833679643,6.057644752573311,3.4681295685184788,13.178412456691339,9.428845233807365,13.672006296525849,7.412734544190794,3.723651991380246,3.1663441812837108,1.4924414188544768,2.301766429277152,3.72,0
2021-02-14,Southampton,Wolves,G Scott,1,2,A,1,0,H,7,10,3,4,4,6,2,2,0,0,10,9,4,0.9555550981448583,1.1184286011573576,0.7203251065172261,1.4548247333248465,4.953246922814255,4.5876893852109255,4.557554314500841,5.158286617786635,12.811425523283512,9.37120258201268,8.43649483135819,11.917205507579258,2.81012067918184,2.924347412113112,0.6621739701540273,0.6003232457067146,2.89,0
2021-02-14,West Brom,Man United,C Pawson,1,1,D,1,1,D,7,10,3,7,4,5,5,0,0,0,13,10,5,0.6454554903453884,3.23313528962262,1.5279687862167355,0.7911192104303554,3.840138404456955,6.216763779186773,4.8905617848579075,4.306008628890307,6.531657540456738,16.690245318137794,13.125071828916877,13.53075473285471,2.5112619571768664,3.4089991012827596,0.7747959725640922,1.0561568027230313,3.87,0
2021-02-14,Arsenal,Leeds,S Attwell,4,2,H,3,0,H,13,9,5,5,4,5,0,2,0,0,8,17,2,1.111987948509981,0.6533782843404147,2.115044666276056,1.8660908769611388,6.153757408939139,5.162909638939412,5.8087412857143965,6.138868436345087,14.504997582528523,11.492920720806733,13.02595594832774,17.62697340433976,3.0018702249017006,2.7580829829235665,1.099686463086597,2.2537136134415388,3.99,0
2021-02-14,Everton,Fulham,A Madley,0,2,A,0,0,D,7,12,2,3,5,4,1,1,0,0,7,16,2,1.003517584857112,1.3702042929715654,0.9849071240293628,1.2358627474685555,5.290221028084536,6.877764429363578,3.7969281032796554,5.617729416642649,10.188520146343087,14.375776988755984,11.44659280370989,12.487784467010433,4.0558890417744085,2.304800594149649,0.6607152089616547,1.065368375700129,3.43,0
2021-02-15,West Ham,Sheffield United,S Hooper,3,0,H,1,0,H,13,8,9,5,7,7,0,2,0,0,11,12,2,1.4135507419748339,1.477270192371748,0.5505652134035107,1.5115692349158205,5.046558139797911,4.140265777369076,3.4666809704052044,7.627412947896797,11.834986098246855,11.528753264075526,6.508165157610649,13.066078213909657,1.7176681524803037,3.2462123614923586,1.3748165323616925,0.5579243742111606,3.87,0
2021-02-15,Chelsea,Newcastle,P Bankes,2,0,H,2,0,H,18,10,5,4,10,5,0,0,0,0,9,13,0,1.6144598736493847,0.8251932769474158,0.8104588302919455,1.588913454891904,6.988356297469088,3.186130978283779,4.975404194872942,6.415109289967289,14.930942196670166,7.370996185896067,8.422812178525238,15.431785247313629,2.3275785629458627,3.9828322893691395,1.410847577656069,0.8561213941827195,4.09,0
2021-02-17,Everton,Man City,A Marriner,1,3,A,1,1,D,3,16,2,7,0,10,2,1,0,0,8,8,3,0.7985114881892003,1.4988636822482277,2.4695448939358515,0.5407956951078987,5.230932500373255,6.2898731340878795,4.683613430539229,3.7386038561397497,9.53714534313835,13.890435451778673,14.513772510943836,6.5898404821733765,3.6358966131449515,2.8616170678464474,0.4379008446650182,2.9735635269190572,3.02,0
2021-02-17,Burnley,Fulham,J Moss,1,1,D,0,0,D,8,8,3,3,5,5,1,1,0,0,7,13,2,0.9673241389714347,1.244260126651337,1.1922779079581527,0.9833914388448157,3.928025268564978,4.891031681053286,3.838413152986597,5.491535019639743,10.132887136493103,13.127356528472045,11.559646975247425,11.366698708361973,2.117674877196136,2.242533643364151,0.9916504377523572,1.3805561425250856,2.53,0
2021-02-19,Wolves,Leeds,D Coote,1,0,H,0,0,D,15,18,5,7,7,9,1,0,0,0,13,8,1,1.1508641371856414,1.1541007521680282,2.0920589525092055,2.2924420142571953,7.608067596981259,3.7466188043692656,5.647156256989474,5.711526437326997,14.311535347054704,10.014473388364726,12.221577318168944,16.70251258645378,4.313631293894618,2.606619390381269,1.0651774455053147,2.1684855265528262,4.23,0
2021-02-20,Southampton,Chelsea,A Taylor,1,1,D,1,0,H,4,9,1,3,3,6,1,1,0,0,10,10,2,0.9644351081923181,1.294564953191404,1.200238260899974,1.044900314827587,4.762789932271447,4.869866461230507,6.923337939969331,3.718873155432889,11.650313339820517,9.496835155299559,13.75118656854977,9.248426347694307,3.047856389760478,3.4689684115275923,0.7756573021456543,1.2136874342223782,3.72,0
2021-02-20,Burnley,West Brom,M Dean,0,0,D,0,0,D,6,10,1,3,5,5,3,0,0,1,16,10,4,0.9738527162014796,1.1954574003920426,0.9250191392332623,1.8212699667136047,4.142203857974211,4.912803351744683,1.3484285818471748,7.748877325955171,9.706740190238445,12.10292007818718,7.121851117279429,15.663492545914604,2.094163652101274,2.796219678839543,0.9944552427727579,0.8284329992699278,3.51,0
2021-02-20,Liverpool,Everton,C Kavanagh,0,2,A,0,1,A,15,9,6,6,7,2,2,1,0,0,10,10,3,1.137085776297829,1.4249392154031881,1.9191273674529996,1.3301241856317185,7.16553346427279,2.3461714602289256,3.2356371005917395,5.558348435647576,15.438466809308915,8.340567411803383,8.64229496213324,12.592635608704992,2.2144201138374897,3.8739046437699947,0.744398828091667,2.1706063426975595,3.7,0
2021-02-20,Fulham,Sheffield United,M Atkinson,1,0,H,0,0,D,15,4,7,2,6,4,1,2,0,0,11,14,3,0.40483631018731064,1.123083836511803,0.4405632914116536,1.8089549776490281,4.171202017361782,5.246897448385078,4.172631645826778,7.502056989200144,12.430047754751467,10.931212579220272,6.806231028759278,13.052875907707058,3.830711097417193,2.9972214124879217,0.2530639334780837,0.37050507732129834,2.48,0
2021-02-21,Man United,Newcastle,P Tierney,3,1,H,1,1,D,15,10,7,6,6,4,1,2,0,0,9,11,3,3.0501884339917855,1.3900384551831229,0.6485306393038843,1.6710477942326292,5.704366721958806,3.951996750939688,4.980318391722009,7.131363892753708,16.52269426324366,7.215339832056906,8.737931418681844,15.944909854545745,3.4646006914080174,3.1870696873452173,3.7328105888934195,0.5685310375560593,3.83,0
2021-02-21,Arsenal,Man City,J Moss,0,1,A,0,1,A,7,15,1,3,1,3,2,2,0,0,11,9,4,1.6890074707490563,0.9224308385379514,2.575528853286885,0.6325438747881948,5.723440620446602,5.130360591237045,5.745817737050272,2.9916376480874223,14.204301819990574,10.994839723340798,14.81071804315909,5.872596923972341,2.8016983875923396,2.889265724421855,2.073966758004722,2.982444130502802,2.53,0
2021-02-21,Aston Villa,Leicester,M Oliver,1,2,A,0,2,A,11,16,2,7,7,8,2,1,0,0,11,12,3,1.6041503847182048,1.1607152385792538,1.4290124471209644,0.6336085279544209,6.388127253760897,4.0879571381665984,4.404769547314961,5.629338586065027,15.34537714830956,12.649691191345179,12.752652807830748,9.630303775994086,3.6968647945282203,3.15407204210665,1.4038948728996123,1.1120158529994602,3.43,0
2021-02-21,West Ham,Tottenham,C Pawson,2,1,H,1,0,H,4,20,4,4,5,7,4,3,0,0,14,7,7,1.7305204002039003,1.1821143116403692,1.1184703306202142,1.3751358095430635,5.436852248270926,4.711635441156274,3.693421970762765,5.901392540398357,12.06775374360507,10.823714820248425,9.747967741260247,14.259426562579652,1.7740775388901144,3.5843329094845973,1.9207520693284283,0.7753556559432094,3.87,0
2021-02-22,Brighton,Crystal Palace,K Friend,1,2,A,0,1,A,25,3,5,2,13,0,2,0,0,0,11,6,2,0.7825166685089395,0.8393264672378373,0.8314618277836728,1.7913834194176594,7.736718516853174,2.712372171549982,3.0779719946207273,6.69262943048526,17.029477781140457,7.756660212576417,9.040346911115803,15.210656900369555,3.706445989438305,2.659489757533558,0.6402070750647111,0.668715926006694,3.26,0
2021-02-23,Leeds,Southampton,A Marriner,3,0,H,0,0,D,11,13,7,5,2,4,1,2,0,0,11,13,3,1.4137986688386,1.1614788027020384,1.0684084216922676,2.919358585996398,5.846398179195131,4.087174889693884,4.343256481918652,3.95070409519118,14.891995647103041,10.664678572118548,8.558833777983867,13.369463083744796,3.0959354375664785,4.1360887595931795,1.4285861141411433,0.9866989531636388,3.02,0
2021-02-27,Man City,West Ham,M Oliver,2,1,H,1,1,D,10,9,3,3,4,2,1,1,0,0,8,11,2,2.1663997269908077,0.20264173614348033,1.4111622001433728,0.9333521271486214,8.727867188170606,2.0966224128896394,3.8053595933017657,5.067053268452274,16.073499301908104,6.435610886284342,12.64640655072775,11.090094762701089,2.6823858035818486,2.216617397113513,2.2399510756715246,1.3585982611004184,3.43,0
2021-02-27,West Brom,Brighton,L Mason,1,0,H,1,0,H,6,15,2,6,7,4,0,0,0,0,11,12,0,0.7162928344859165,2.7869589458471666,0.9667604146953985,0.9376554784080244,3.8720784586672665,5.973656603030106,4.640522387734679,6.232781792719542,6.625231506711656,15.353546548081631,9.970686159869391,12.581332608058931,3.008507263236829,1.930743537088629,0.8504470507921759,0.9263480264343078,1.82,0
2021-02-27,Leeds,Aston Villa,P Bankes,0,1,A,0,1,A,13,9,3,4,7,5,3,2,0,0,14,14,5,1.7307187917340425,0.9294174636642848,1.0539990097772727,0.9526799891485098,5.077894862681844,4.0697575062808005,4.1145798286579485,6.901940480449752,14.114382039954378,11.13127151929673,10.341389728023861,17.89809859169007,3.076767712722032,3.2152898155618064,1.956459243948459,0.7980695749461928,4.09,0
2021-02-27,Newcastle,Wolves,M Dean,1,1,D,0,0,D,19,14,7,4,3,5,2,0,0,0,11,13,2,1.3928244245854535,1.708388072088988,0.9760018081701178,1.3639515840281824,4.615497938972649,5.5167667728989604,4.845752322494997,4.926863071452632,12.228093365394804,11.217743072151857,8.748880302520805,10.934756846649721,3.873980010479362,3.1392608305102034,1.6361945216129858,1.070506025467199,3.51,0
2021-02-28,Crystal Palace,Fulham,A Taylor,0,0,D,0,0,D,3,16,0,4,1,3,1,1,0,0,10,14,2,1.0414558424253597,1.8876480301823102,1.1538611338557383,0.9867097989665814,3.94782902326197,4.910925112396536,4.0704960790800175,5.3933272223246425,9.213603822043826,12.774698529730522,10.848436024469946,10.694038468173689,1.8575305441686352,2.1940758653058214,0.888333064691995,1.252718808370232,3.72,0
2021-02-28,Leicester,Arsenal,P Tierney,1,3,A,1,2,A,8,12,3,4,2,7,2,1,0,0,15,3,3,1.7851684085549417,1.2712255761304532,1.2981418679226235,1.0402783361334746,4.773315337954549,5.529775640043627,5.3236028444718615,4.769290495451801,12.743169634781657,10.54195175974789,11.843145983853988,11.531015929662827,3.5790676479325967,4.321099034968423,1.998864121210972,1.2111501957921287,3.83,0
2021-02-28,Tottenham,Burnley,K Friend,4,0,H,3,0,H,16,10,7,3,3,4,0,0,0,0,6,10,0,1.334918230943546,1.0081012894291146,0.8638901455718613,0.9395815897454985,4.167796024488487,4.259977895704469,3.5287927192201134,7.534280773474606,10.254644709077994,13.009035440356067,8.98634083703454,17.694736768504868,3.6141936824003023,1.9195275455942808,1.2762991969204223,1.2001498070523091,3.26,0
2021-02-28,Chelsea,Man United,S Attwell,0,0,D,0,0,D,18,11,6,4,3,4,1,2,0,0,11,12,3,1.6914900852775006,0.6603211704846218,1.4224815890207447,0.8328532098921002,7.590077197315101,3.54853868907396,4.912427339949136,4.244868664895967,15.54413432877634,7.896266336343084,12.500688197015457,12.225921889837943,1.8625326260107977,3.7268781689916763,1.6087570755387839,1.0372924745659864,3.99,0
2021-02-28,Sheffield United,Liverpool,J Moss,0,2,A,0,0,D,8,16,2,8,4,3,0,0,0,0,9,9,0,1.0091961348036798,1.5862884365258674,1.9166706913599443,1.4088122786344988,4.865279929550087,4.825362280562381,7.244916455292124,3.1747999677037853,11.311753606690955,10.744247520868525,13.937337007981782,8.129463616837091,3.2371852596554542,3.133108918306863,1.1593529852373683,1.8644739212470016,2.53,0
2021-03-01,Everton,Southampton,M Atkinson,1,0,H,1,0,H,7,9,1,1,4,10,0,2,0,0,13,9,2,0.8387685240840976,1.798787971150679,0.8549423744425658,2.935470592924151,4.185801760467595,7.031149691611404,4.274674465060385,3.560956987156679,8.231035667883027,14.311922587581703,9.446170660906471,12.896048696211285,3.508845633658548,3.9091003046996406,0.6267225440650809,0.6552446690496734,2.48,0
2021-03-02,Man City,Wolves,C Kavanagh,4,1,H,1,0,H,22,6,10,1,10,2,0,1,0,0,9,5,1,2.133740577203905,0.35913864538752743,0.980711915306473,1.2925190792223693,7.799932236212569,2.0776584042797634,4.876026398630927,4.54867909959492,14.881458142834433,6.93892161696462,9.779513632576696,12.517716079675434,2.5484544530041724,2.915658960586227,2.159554286499665,1.0468826345364917,3.7,0
2021-03-03,Crystal Palace,Man United,A Marriner,0,0,D,0,0,D,8,11,2,1,4,6,1,0,0,0,4,13,1,0.8370500842591003,1.5171607651035564,1.143292192949764,0.6693897341745512,3.369260828722746,4.5358692718255975,4.733345909324493,4.000539224414946,7.994064453738193,13.407726033623405,12.20614924856831,13.359195875867231,1.8854929175582986,3.584214335178776,0.5906926981441005,0.6897425244194838,3.02,0
2021-03-03,Sheffield United,Aston Villa,R Jones,1,0,H,1,0,H,9,16,2,4,2,7,1,0,1,0,13,6,2,0.8111219652905456,1.6674872952284525,1.0434006645723086,0.7656982012138176,4.695452085852135,4.467099792910931,4.2883605825278295,6.921186548907546,10.6617582067333,11.775790123509463,10.078116170774793,16.936752449662688,2.6018253333204733,3.5655735467544503,0.7709060600921361,0.8657273579546709,3.98,0
2021-03-03,Burnley,Leicester,A Madley,1,1,D,1,1,D,12,15,7,4,5,8,0,2,0,0,6,12,2,0.7827153729859885,0.9608258717873012,1.541079746467937,0.7055199077539883,4.310562864299954,4.929917372589463,5.110402735518212,5.898357275184048,8.979221069363826,11.690181529480343,13.390007209049157,9.899133028008634,2.468220724675595,3.1238324377988076,0.6612581180242995,1.409539312957127,3.43,0
2021-03-04,Fulham,Tottenham,D Coote,0,1,A,0,1,A,11,9,3,2,4,1,2,1,0,0,13,9,3,0.5216486418228788,0.9026570130836948,1.0948001753870626,1.4999825311679762,4.530138827686395,5.00216982008816,4.3540702092949815,5.7212959605581934,12.934450357091045,9.570828677616136,11.796305023255153,12.20961191221061,3.6676680525107006,4.266776942805052,0.5033285396981713,0.8508187239852469,4.23,0
2021-03-04,West Brom,Everton,D England,0,1,A,0,0,D,11,11,3,3,3,3,3,1,0,0,9,7,4,0.7719758273711984,2.239964600914144,1.9352855714225472,1.0643678077399188,4.485993276843068,5.586288499776966,2.9887590693603707,5.846387779690017,6.502517787173433,15.284156231887916,8.713763774026148,13.073622608119946,2.4180297959843515,3.6993000953677444,0.9005555026665515,2.1132958499653927,4.1,0
2021-03-04,Liverpool,Chelsea,M Atkinson,0,1,A,0,1,A,7,11,1,5,5,2,0,0,0,0,9,8,0,0.9139108026350496,1.5378059648886515,1.160937647407006,1.0360877636656836,7.133044335220742,2.2782286470042874,6.742115094050514,3.5777804596356,15.35240925704745,8.46999375198883,12.818674739270396,8.218321639383438,2.3686052897132686,3.1806550816207575,0.4949843360983427,1.1420904074127547,2.48,0
2021-03-06,Burnley,Arsenal,A Marriner,1,1,D,1,1,D,9,15,5,3,2,4,1,1,0,0,5,12,2,0.8247541585887921,0.9684050217701676,1.6321642888526995,1.0323729372681085,4.443950579448511,5.523896556161805,5.652628058604306,4.225763924044612,9.563661301347157,12.330543210739105,11.873931604122902,10.83798607779794,2.3776324905703015,4.061807916848081,0.774560193513805,1.8105131291173302,3.02,0
2021-03-06,Sheffield United,Southampton,P Tierney,0,2,A,0,1,A,8,15,2,5,7,3,4,3,0,0,17,11,7,0.847664832199016,1.3448729351477118,0.687143474942975,2.5555972292740603,4.17395392973794,4.957148491810591,5.398379819665326,3.6471276304542797,10.34025227262018,12.593062177125939,9.35860107946196,11.73883563461129,2.4853881674451177,3.5344026177686327,0.8475331920022405,0.4357017169451956,3.83,0
2021-03-06,Aston Villa,Wolves,A Madley,0,0,D,0,0,D,9,10,1,2,5,3,1,0,0,0,13,13,1,1.4807300141731967,1.3321706226483092,0.9844436457480731,1.8163444943766245,6.51312520622011,4.8871385867071595,4.319591924542466,5.603364438974376,14.45767092256193,13.334117395587773,9.048278452866908,14.352285355143465,3.5545040291691774,2.5450299959932514,1.267688564754796,1.0312013737298298,3.43,0
2021-03-06,Brighton,Leicester,M Oliver,1,2,A,1,0,H,7,8,2,4,6,6,0,1,0,0,14,8,1,0.8252019590906572,1.0671309921951824,1.4363952330333158,0.7624939589436549,8.769738831473154,2.1800169169444827,5.669462810542131,5.724549079891218,18.59384620729748,6.823074075283567,13.701497914539692,10.305594807791431,3.3715231131802,2.906400806507867,0.7607574658083098,1.2725569773747876,3.43,0
2021-03-07,Man City,Man United,A Taylor,0,2,A,0,1,A,23,8,6,6,6,2,0,3,0,0,9,12,3,2.494812047525079,0.48312824123656434,0.9220956175580083,0.5398806570419705,8.225586725922673,2.062633572322543,4.978409724848764,4.000434898858725,16.258706312897882,6.757265302406904,11.972791507791388,12.322334273990151,2.248869776167595,3.0842377198001523,2.7751448888459977,0.4590380744285481,3.72,0
2021-03-07,West Brom,Newcastle,M Atkinson,0,0,D,0,0,D,13,9,3,5,9,7,0,0,0,0,11,10,0,0.6226190746943879,2.0000644904956824,0.717513267485212,1.9318802483038353,4.19849317326517,5.085910588816384,4.787912035214747,6.909311948888574,7.372660756308781,14.455286155821112,8.985636673876705,15.759453105109886,2.72409887758739,3.150353659920882,0.5993385201354849,0.7130968375247695,2.48,0
2021-03-07,Liverpool,Fulham,K Friend,0,1,A,0,1,A,16,10,3,3,9,4,2,3,0,0,10,8,5,0.7370934142167539,1.4337548409570673,0.9273936733294267,0.7930490057464442,6.720357093044898,2.224398817436008,3.8603906154160206,4.531052178900422,13.736440622500433,8.959482546918794,11.859529627543836,9.18393530068378,1.9103432795550368,2.1559847405806245,0.3294224271674587,0.8329892045486786,3.26,0
2021-03-07,Tottenham,Crystal Palace,S Attwell,4,1,H,1,1,D,12,5,5,1,1,5,2,3,0,0,8,17,5,1.8579918336710686,0.8102420043976323,1.0608099396362518,1.636059188416606,3.9385935734145994,4.208952228832041,2.4738607365670244,7.930572328087865,11.38228128888777,12.41845430817599,7.854812546952556,17.132003938540315,2.9048385953038616,2.530052196765166,2.188888559646082,1.1147692088484493,3.99,0
2021-03-08,West Ham,Leeds,M Dean,2,0,H,2,0,H,16,17,5,2,6,6,1,1,0,0,9,9,2,1.7834109594218346,1.146370872094161,1.6814521088044496,2.038775388128394,5.351111584695117,5.160771039187905,6.305216387227,5.964414178435648,10.484301758910423,12.624737439650897,13.355704010025718,16.368361716253418,2.7997654262359553,2.2912894059522526,1.947304478633858,1.441923775526738,3.51,0
2021-03-08,Chelsea,Everton,D Coote,2,0,H,1,0,H,19,7,9,1,7,3,0,3,0,0,11,12,3,1.359502593127407,0.5307204289190337,1.7517177728269093,0.8554651353019082,6.689186183660728,3.6371466624352347,2.9909653183978113,5.287729382049493,16.026145244680286,8.50543381788362,9.162481645759481,12.666634251920073,2.085782495566655,3.7583182404325775,1.0697350975423845,1.7402805947301956,4.23,0
2021-03-10,Man City,Southampton,J Moss,5,2,H,3,1,H,17,11,10,6,5,5,1,0,0,0,6,4,1,2.0176932939273344,0.7732214222546641,0.9411462304188838,2.0611572613620956,7.799955798835676,2.050655254360855,4.934357231327773,4.295819093968666,17.5479407643738,6.994931314384236,10.450061450954754,11.015470563609691,2.3925192011974414,4.20490336758867,1.8479792631239471,0.9589267788154413,2.53,0
2021-03-12,Newcastle,Aston Villa,P Tierney,1,1,D,0,0,D,12,15,3,6,2,2,2,3,0,0,10,10,5,1.315725068988561,1.569353275746519,0.8415304382311255,0.811029356118248,4.298425368461433,5.415341345428556,4.812990555985975,5.969068080684828,13.557210408565844,11.763814555533914,11.223842898351588,15.401202331833227,3.5061753573906715,3.262676781429276,1.4230344151901704,0.5761596614767178,3.83,0
2021-03-13,Everton,Burnley,J Moss,1,2,A,1,2,A,14,14,4,5,7,4,0,4,0,0,9,6,4,0.8704133051034301,1.445741203303915,0.6943350737343992,1.540247618942875,4.149334588101882,7.613843718037969,3.621276219295324,6.644340882137164,7.989421219365138,13.269355519825362,9.18529096174228,17.36211205226943,3.212705631231196,1.5427833119026462,0.7517909933038318,0.7980337059171027,2.53,0
2021-03-13,Fulham,Man City,A Marriner,0,3,A,0,0,D,3,8,0,7,4,2,0,0,0,0,14,13,0,0.4207235293795969,0.9214902872694805,2.2663009852872835,0.5083949622443863,4.427571090506383,4.227856600948879,5.206898146353993,2.600740418588274,12.560185757986327,9.46038853868864,14.847868271060406,6.093871481305214,3.538492074904476,3.1072687087750523,0.3349756691635627,2.3182164650965147,3.02,0
2021-03-13,Leeds,Chelsea,K Friend,0,0,D,0,0,D,7,15,4,8,8,5,3,0,0,0,16,6,3,1.391031910749126,0.943270645206193,1.1298005009473697,0.8356323887917805,5.455144998370566,4.252335503792752,5.824642180839065,3.8529420445076,13.895663111619148,10.7129684544779,12.466809637279114,7.9826088653269744,3.454239073289157,2.5652830744510995,1.3009379427046066,1.0945641376373234,3.26,0
2021-03-13,Crystal Palace,West Brom,S Hooper,1,0,H,1,0,H,6,12,4,1,3,2,3,1,0,0,16,15,4,0.6751031968306221,1.2236305830301553,0.7434663255940929,1.463810674436205,3.4912920518101695,4.819139554781379,2.065119769144696,7.20935723203609,7.995212823782428,12.941895201922383,7.686743242823421,13.76684610166247,1.7141736326848505,3.0324847408698243,0.3931183436359576,0.5508624445269654,3.87,0
2021-03-14,Southampton,Brighton,S Attwell,1,2,A,1,1,D,9,8,4,6,4,5,0,0,0,0,11,10,0,0.9714154028701228,1.2367509104509287,0.7770150721845347,0.9498917909662631,4.416808472553804,5.091676924440667,4.5148075384305875,6.383363135633617,10.148792070523365,9.399321691487064,10.957785820430981,11.28961938634255,2.8421944009626183,1.5517979491469194,0.8508244274905414,0.6159705598087423,3.99,0
2021-03-14,Leicester,Sheffield United,P Bankes,5,0,H,1,0,H,19,1,10,0,9,1,0,2,0,0,10,9,2,1.6310639930810127,1.610530837490892,0.35409426417810025,1.6501819900745984,4.2289988137238606,5.818335474007902,4.138749361997504,7.207249388936104,11.812231283088451,10.828121795817443,6.255454166547444,13.435036494950056,3.465414474381268,2.997766763777819,1.664189780037084,0.2463655271853335,4.09,0
2021-03-14,Arsenal,Tottenham,M Oliver,2,1,H,1,1,D,13,6,3,3,6,3,1,2,0,1,12,14,4,1.3575072394930392,0.9376552797605828,1.0761938159670033,1.2055820832281885,4.796374467620357,4.712236313586226,3.6957693614384,5.383458491590676,12.790318897638038,11.780929531067411,11.247476330709262,11.972202288172642,3.0368881475591367,4.018147581027613,1.3790739856922287,0.900802644926554,3.43,0
2021-03-14,Man United,West Ham,M Atkinson,1,0,H,0,0,D,15,7,4,0,6,3,4,0,0,0,12,2,4,3.040337987642205,1.3134858997141983,1.3304637030723012,1.1427023062583417,5.762390444017399,3.9614183126794216,3.451023018097402,4.857623522651598,16.223836200659946,7.761882997572428,11.930729068091381,10.876142680081749,3.3734138616806395,2.1741020628235117,3.487278793491837,1.2384481483559682,2.48,0
2021-03-15,Wolves,Liverpool,C Pawson,0,1,A,0,1,A,10,12,5,4,3,2,2,1,0,0,17,10,3,1.121254145973998,0.927586261935032,1.933025672354985,1.1323057478750262,7.488722625150447,4.77769599697355,6.411769881957113,3.3367613599866446,14.446659788844027,11.5817867154539,14.342174328537872,8.104053889725758,3.6632673616758447,2.5181759775375747,1.0433394215231908,1.9098826011218493,3.87,0
2021-03-19,Fulham,Leeds,D Coote,1,2,A,1,1,D,13,13,6,4,13,7,2,2,0,0,13,12,4,0.34026252385175687,1.3189935639041193,1.3561359294004918,2.031273383727089,4.345800527477714,3.801791573046792,6.2461651490357655,5.971299086695389,10.731854073626248,9.181097455402917,14.060778178875255,16.29709353945387,2.8617753939550075,2.2349326675420147,0.22306153914822993,0.9596304272345928,4.23,0
2021-03-20,Brighton,Newcastle,A Taylor,3,0,H,1,0,H,11,3,6,1,3,1,0,1,0,0,12,5,1,0.8590207223716143,1.247616288157137,0.5786935689474374,1.5581128967668172,8.233868169511636,2.919081856980724,5.215892113529963,7.313804378706671,16.35074589358303,7.050777881574221,8.988415594759136,15.225572457128175,2.91269658192888,2.5408441704442914,0.8407790902711272,0.4745808582035148,3.72,0
2021-03-21,West Ham,Arsenal,J Moss,3,3,D,3,1,H,15,16,5,7,3,5,3,1,0,0,18,8,4,1.8253151675837647,0.9245786543218574,1.5098573434878362,1.0261096365097937,5.476654202900619,5.323139481171462,5.332888564873975,3.7951379120196904,11.551442398326083,13.471234162673227,12.478742542107499,10.482384746367792,2.6450321266551247,3.6629030234754345,1.9649300285214677,1.5394134375029505,2.53,0
2021-03-21,Aston Villa,Tottenham,M Dean,0,2,A,0,1,A,8,9,1,3,5,8,3,2,0,0,18,13,5,1.1848828673780651,1.06600537038599,1.0614523428231635,1.3592807822164168,6.210805559343786,4.510091750929974,3.5611565293367424,5.502742845221351,13.367238260880336,12.667966842061354,10.232229483962723,12.171053758910958,3.0441187994023875,4.014636507655725,0.8418435748893042,0.9339820857070629,3.51,0
2021-04-03,Chelsea,West Brom,D Coote,2,5,A,1,2,A,18,14,8,7,10,3,1,1,1,0,11,6,3,1.4834217747864586,0.4280401673977411,0.5996254018524477,1.3740756675428825,6.749320375237167,3.513875760541519,2.0525208289840497,6.39495876936084,16.60150689907244,8.214172487623294,8.521243495126578,12.264168334879159,2.2626592226106035,3.2196731632858824,1.3808892529976915,0.36661047689278603,4.23,0
2021-04-03,Leeds,Sheffield United,G Scott,2,1,H,1,1,D,23,9,8,1,5,7,1,2,0,0,12,13,3,1.121904301188097,0.760772909567103,0.2855864591873415,2.298282516388332,5.947506631468629,4.396988661684396,3.5314849949631952,7.5540988628887655,12.561536040034717,11.542394827117866,5.238663821142096,14.511708650229293,3.366355916174744,2.8047254812882203,0.8658014070870448,0.163961410527663,2.89,0
2021-04-03,Leicester,Man City,A Taylor,0,2,A,0,0,D,5,11,2,4,1,1,2,3,0,0,13,12,5,2.2828633423985316,1.298936034331544,2.4082521946312707,0.41003408364454413,5.152060416087707,4.8861159482282925,4.586448805426112,2.871459863189585,13.202873005907149,8.9266421065711,13.522988227591954,5.49528978837748,3.181895820740913,2.506095009311853,2.7799485375798394,2.5462587995388732,3.72,0
2021-04-03,Arsenal,Liverpool,S Attwell,0,3,A,0,0,D,3,16,2,7,1,2,1,1,0,0,10,10,2,1.4818124689125318,0.9497173219014777,1.7525100659770263,0.9132347568625288,5.029243936561228,4.380964210826998,5.55820996497071,3.271607010107699,12.830886603822725,10.662473704343013,13.889026005092768,8.470868943048185,3.223224628113141,2.611396087293762,1.5867607521947056,1.6055458992129588,3.99,0
2021-04-04,Man United,Brighton,M Dean,2,1,H,0,1,A,15,5,7,3,5,6,2,2,0,0,14,7,4,2.6455869534872885,1.0593613770123227,1.0136300682955077,0.9595863942405845,5.808361561801474,3.775409486943521,4.6086793513991955,5.922245875524523,15.987056505936419,7.614478938530076,10.385533076770049,10.846639043843352,3.494641583551629,1.2515663948968758,2.6553360529603487,1.0788994636621398,3.51,0
2021-04-04,Aston Villa,Fulham,A Madley,3,1,H,0,0,D,14,15,4,7,4,4,1,2,0,0,14,20,3,0.952326794447894,1.2493197967997522,0.9414410628859577,0.6396151545658842,5.973161659077005,5.195053429113624,3.8874013113281927,5.395674503558515,12.313814427355846,11.948057737193103,11.499760193283143,10.50266220045159,3.4279981377334714,2.7062259121943124,0.5597797407654225,0.8888508229686454,3.43,0
2021-04-04,Southampton,Burnley,A Marriner,3,2,H,2,2,D,24,7,9,5,6,7,0,0,0,0,11,10,0,0.9769457607550731,1.3844192718901362,0.9469464464701265,1.4357241000116434,4.336167139313089,5.073939882367106,3.694549179460612,6.713151444619129,9.926531415369798,9.128590230241148,10.11680886883354,16.71163295634682,2.292305516942068,2.018189266525909,0.9007205368203861,1.2000662948421144,3.02,0
2021-04-04,Newcastle,Tottenham,C Pawson,2,2,D,1,2,A,22,11,6,5,7,3,3,2,0,0,13,14,5,1.2546406808887778,1.4591985877675189,1.2409442964669355,1.0993259879288746,3.8537413030647385,4.7545637996171655,4.4100603440506845,5.406596107462027,13.255931687637593,12.38993020826277,9.996572534928058,11.373363218409118,3.7951906215712743,4.203081726113928,1.2815382501308592,1.2901347213798355,3.87,0
2021-04-05,Everton,Crystal Palace,K Friend,1,1,D,0,0,D,15,13,7,6,3,4,2,0,0,0,10,10,2,0.8954848776237516,1.5529755117912436,1.0490448366466005,2.093418746345495,4.700862387021522,6.914661252382724,2.962601373020035,6.589691253301009,9.152308056691075,13.410715758126772,7.3024823879036465,16.1390979228233,3.3650261134935335,3.0079212829366844,0.8348117153056119,1.0763813086308123,3.26,0
2021-04-05,Wolves,West Ham,M Oliver,2,3,A,1,3,A,20,9,5,6,4,2,1,4,0,0,9,9,5,0.9043213454504894,0.9415963907280573,1.0730544278079177,1.1150932124155766,6.62027440282414,4.240285835512809,3.363762081968205,5.078642931474472,13.586349604544761,11.662699842382773,10.976764376674723,11.67399918797642,3.5349428004862027,2.5273646611416796,0.6943642041419593,0.8242131421132741,3.43,0
2021-04-09,Fulham,Wolves,J Moss,0,1,A,0,0,D,14,7,3,3,3,4,0,0,0,0,11,8,0,0.4652553945155307,1.448016019752911,0.7961743427709244,1.4689788392681353,5.985412152518121,4.407719334798088,4.067227400762034,5.487974388098905,11.161573591876106,9.904620991796843,9.230289838770997,13.32869092442119,3.0774217170960303,2.249551710688868,0.48243590771171163,0.686680815267301,2.53,0
2021-04-10,Man City,Leeds,A Marriner,1,2,A,0,1,A,29,2,7,2,9,3,3,1,0,1,12,15,5,2.582716640134948,1.005645047779851,1.479271306735052,1.8340481571010934,7.269480381444787,2.6094336770856534,6.390331818772429,7.315498551538447,17.44412873069543,7.753725608052974,13.85791032634475,15.66654296888084,2.128694606256615,2.572491854220579,2.9002548673332296,1.3072140470276241,3.02,0
2021-04-10,Liverpool,Aston Villa,P Tierney,2,1,H,0,1,A,23,9,10,5,7,0,2,4,0,0,16,11,6,0.5961284499722206,1.350801670480868,0.8718368494372731,0.8471689274999348,7.15632596031622,2.5639725436219267,4.275021954589455,5.210006163583876,14.169333605343953,9.15847564974724,11.946011677164034,14.750741541046262,2.5012227267526628,3.5949300625785257,0.2193636147288038,0.717763148290192,3.83,0
2021-04-10,Crystal Palace,Chelsea,M Oliver,1,4,A,0,3,A,1,23,1,10,0,8,1,0,0,0,7,12,1,0.7372378806557398,0.9896181253708332,0.9137325180462661,0.6758224006198229,3.3973352138011976,4.279994991995684,5.666934008042491,4.646043522747217,7.613639608040716,12.76176304919901,12.951268027515848,7.79469045377209,2.151325051925502,2.6484202381871382,0.5958752565897832,0.728874314506167,3.43,0
2021-04-11,Burnley,Newcastle,A Taylor,1,2,A,1,0,H,24,10,4,5,13,3,1,0,0,0,11,12,1,0.8582689387944793,0.9744473834173787,0.46802168302114655,1.8338656847196189,3.9765587951745345,5.232459922204109,4.409626490231639,6.488813586123797,9.455864251939435,12.841061787614942,7.843164838321921,14.417455522635262,2.305412403531018,2.2461664007020636,0.8498787976283271,0.316025151753556,3.72,0
2021-04-11,West Ham,Leicester,M Dean,3,2,H,2,0,H,4,15,4,5,1,9,3,3,0,0,7,13,6,2.049967026094952,1.3214912981510534,1.544181470559166,0.807915651689268,5.003008034824433,5.261340875281412,5.7326761864789235,5.777227517054462,12.210959617770705,13.954846387346748,12.611118548557425,9.673418417526998,2.904162101410786,2.5418123888909583,2.3107430711590604,1.5155929961283559,3.51,0
2021-04-11,Tottenham,Man United,C Kavanagh,1,3,A,1,0,H,12,12,3,7,7,5,1,5,0,0,11,15,6,2.272413338317827,0.8469551202916126,1.128238760067865,0.43663152192779237,3.3700540181584118,4.3619988944461765,4.408805639028765,4.382840463133795,11.50179339987394,10.983181070251549,11.213017506226215,14.364377708717457,3.310196499844481,3.068127730305418,2.7946674610858717,0.9738677446481906,3.7,0
2021-04-11,Sheffield United,Arsenal,P Bankes,0,3,A,0,1,A,7,14,2,5,2,4,1,1,0,0,9,6,2,0.6855537069907471,1.4701622967012418,1.794838734235577,1.4036050518062355,4.7144193247126225,4.582854865184601,5.269225501631526,3.6430722644702094,9.892692205510313,13.053375480156593,13.152163199616785,11.34635322094102,3.348782254652227,3.7273709217447735,0.5643754925821829,2.0273899967023232,4.09,0
2021-04-12,Brighton,Everton,D England,0,0,D,0,0,D,23,8,3,1,10,3,1,2,0,0,12,7,3,1.2684709514716428,1.0090166994769827,1.4128070597199835,1.0769021345649727,7.232920358629623,2.5520682598790834,2.9927132885514456,5.619008121789141,15.327445876214119,6.2760894252332715,8.74409906837531,13.891971766527137,2.546904132719778,3.611603866910954,1.5621667965084722,1.1581931298822954,4.1,0
2021-04-12,West Brom,Southampton,S Hooper,3,0,H,2,0,H,15,14,6,4,5,10,0,1,0,0,12,11,1,0.5035466831773348,1.6175634208190839,1.143646050509935,2.6231943839059344,5.116754312349939,5.451969408776202,4.946911041143895,4.430489726382158,8.44885769414429,13.41199340205777,10.555234101269681,12.159978114145261,2.2031303090570007,3.5919836481805287,0.39910174104903573,1.3067454849383622,3.87,0
2021-04-16,Everton,Tottenham,M Oliver,2,2,D,1,1,D,18,12,7,3,6,3,1,1,0,0,8,8,2,0.9154728061611898,1.4472220594549667,1.3847538492184748,1.2699663325676143,4.375582034562893,6.357248702897869,4.142912430548738,5.708480014100068,10.270646207327681,13.33216868248843,10.18668039433672,13.386669851506664,3.1039725569562804,4.3540646645381464,0.8900005092155086,1.5271172723599873,3.43,0
2021-04-17,Wolves,Sheffield United,R Jones,1,0,H,0,0,D,10,8,5,2,3,3,1,2,0,0,8,15,3,1.1138637173982746,1.3352544883114807,0.4222140253737519,2.24123766502152,6.11916168036485,3.8118437865003743,4.194818955403195,7.065641839749168,14.812924121742144,11.153473493543038,5.957998181940571,16.135046565802835,3.8151267388613834,2.8420706332284595,1.130572286284731,0.4432788058288621,3.98,0
2021-04-17,Newcastle,West Ham,K Friend,3,2,H,2,0,H,16,16,8,6,3,8,2,0,0,1,9,7,3,1.3971864528917626,1.5626238121262959,1.4415719161562004,1.2843266518489413,4.455445559490382,4.419013354439731,3.1029502643412927,4.872358545621576,14.928185506800675,12.124113883857868,10.59871932254285,13.266299952207262,4.025603629849409,3.0002422441035517,1.5215736589313644,1.5511354702549338,3.26,0
2021-04-18,Arsenal,Fulham,C Pawson,1,1,D,0,0,D,18,3,5,1,11,1,0,3,0,0,9,11,3,1.1984241796285726,1.341822337134125,0.952640129811892,1.0910254628421068,4.2586737259273395,3.92561821481998,3.908935176393951,5.128759615029504,10.95078490725213,11.683245548059809,12.169161343374057,11.171508358015306,2.9892898070454073,2.762408551985639,1.056629863680424,0.9259853512179507,3.87,0
2021-04-18,Man United,Burnley,J Moss,3,1,H,0,0,D,17,10,9,3,8,3,1,2,0,0,9,12,3,2.5221220845035166,1.0480088479750904,1.14833700790752,1.7348830560643966,5.653766965705286,4.200849893930414,4.3266980329740115,6.576765247221751,15.798287508163574,7.114474565977645,9.520736726174341,18.10549210620958,3.591288534577527,1.6322219355101613,2.436390705622515,1.4673211820589336,2.53,0
2021-04-19,Leeds,Liverpool,A Taylor,1,1,D,0,1,A,12,17,5,7,10,8,2,1,0,0,17,15,3,1.2898351582529772,0.8065237433132317,1.9910854901406336,0.7385837528445562,5.766301324447454,4.8947999202800005,4.877722348594939,2.8371749628512055,14.557833484162536,11.056176134903684,14.29273789285864,7.424596068988112,3.2962924104802545,2.494470028910518,1.244732954883995,2.0714278479693444,3.72,0
2021-04-20,Chelsea,Brighton,S Attwell,0,0,D,0,0,D,7,11,4,2,0,3,2,0,0,1,8,9,3,1.5822144510500369,1.3024017366366414,1.011023394496952,1.1585596368535942,7.370994546023308,3.4155999154264984,4.874761589687949,5.745871545812017,16.86896082847427,9.320679414257398,9.355580206533991,11.640945935462238,2.4036714936687837,1.777188843014293,1.5877318598261725,1.0525394451674437,3.99,0
2021-04-21,Tottenham,Southampton,D Coote,2,1,H,0,1,A,12,10,3,5,5,5,2,1,0,0,10,14,3,2.029071453448544,1.2587128278373731,0.9269725886488663,2.6945834096026435,4.064260743751832,4.484013012735287,5.904261680635115,4.538388286863524,11.597072606306394,11.177641963959935,11.207874271054774,12.698044392164554,3.824606270588604,3.1009103218763436,2.195075711405149,0.8704994987923206,4.23,0
2021-04-21,Aston Villa,Man City,P Bankes,1,2,A,1,2,A,8,13,3,3,1,11,0,1,1,1,12,7,3,1.3484969978155699,1.2010830594463846,2.330176261636941,0.3316173744118172,5.5914074545319155,4.963842433744112,3.9005606698511115,2.513553704198967,12.64004640588582,12.538527243579308,13.04048093824139,5.400568405764798,3.3451919024381582,2.9830402933979725,1.3759823857122027,2.3637557584485593,4.09,0
2021-04-22,Leicester,West Brom,A Madley,3,0,H,3,0,H,17,4,7,1,7,3,0,2,0,0,13,12,2,1.8462785849857715,1.433010569454881,1.441172261349979,1.4937801709922303,4.358002245432515,4.142918159282887,2.2337208843483047,7.084402601547458,11.634119741154583,9.323160126778752,9.569024820963897,13.361113837296378,3.529598005672832,3.1776619079811756,1.851178030612863,1.9146087503062101,3.43,0
2021-04-23,Arsenal,Everton,J Moss,0,1,A,0,0,D,14,8,3,1,7,3,1,3,0,0,13,10,4,1.160831032782225,1.2770611908902603,1.1426156663136566,0.8709506663170525,5.535875269785261,3.3713349849638576,2.99410683107807,6.456848145260005,12.286318603947834,10.038130897203514,8.601794312227982,15.63383087082263,2.9913189441054593,3.4946380718461127,1.0377244601329632,0.77124509618131,2.53,0
2021-04-24,Liverpool,Newcastle,A Marriner,1,1,D,1,0,H,22,7,9,4,6,3,2,1,0,0,9,7,3,0.8621038438601751,1.2843393132368202,0.7582679924347059,1.675882745369818,7.126708678828326,2.0782061590874954,4.1425607740221775,7.722413177962775,15.842378388226892,9.12845109133067,8.251795586389552,16.232949997016124,3.1640958103761396,2.0100695873788594,0.8138140909795764,0.8782059871080801,3.02,0
2021-04-24,West Ham,Chelsea,C Kavanagh,0,1,A,0,1,A,9,17,2,6,4,2,0,4,1,0,9,11,5,2.229958845457585,1.4500405370234468,1.4984521166021216,0.73724060136838,4.244604148957519,5.96966161394881,6.1089531843447755,3.765811099803096,10.655323549434227,14.152859619962914,14.855085684055055,6.507378612633208,3.4906948967183267,2.3361130173904607,2.540845697948998,1.8209121037495826,3.7,0
2021-04-24,Sheffield United,Brighton,K Friend,1,0,H,1,0,H,7,17,3,4,2,12,3,0,0,0,13,7,3,0.555669732032637,1.7600030486642537,0.8194764217159005,0.9390606693385657,4.20014951915012,4.47242805844155,4.51957207662075,4.657267358629293,9.344647087891115,13.23272153893552,9.667129509086363,10.761679293743596,3.0932439958684297,2.0088608069652847,0.37596348262617707,0.7011580066952554,3.26,0
2021-04-25,Wolves,Burnley,D England,0,4,A,0,3,A,12,14,2,7,8,5,1,2,0,0,8,9,3,1.0922912686340316,1.0822791798067406,1.1202333013358023,1.9745702108264822,5.528209996417099,3.6580330828888843,4.075343817637392,6.846409164400448,13.901074751329393,10.556021145040258,9.611537225713839,17.89604723329133,3.6606940520297644,1.8913591118756132,1.0869818270482772,1.3113099371271408,4.1,0
2021-04-25,Leeds,Man United,C Pawson,0,0,D,0,0,D,6,16,3,4,2,6,4,1,0,0,21,11,5,1.2349234247846355,0.843179464115617,1.4828598313797698,0.5433664670560329,6.5684115123850315,5.483106460353479,4.520812434109518,4.8786835754697,14.073230196606444,12.18228407098112,11.362118026683564,13.916426261618481,3.2401572957100053,3.6235958439984097,1.1630309169000344,1.6502749517027047,3.87,0
2021-04-25,Aston Villa,West Brom,S Attwell,2,2,D,1,1,D,24,10,11,4,11,4,0,2,0,0,14,9,2,1.2818489096779206,1.3538714249199293,1.1681299307568633,1.779146315989087,4.713326637125714,6.118223573352848,2.37889897390325,7.068411811513064,11.752663662962105,12.626781309283848,8.513925748475137,14.050531740536437,3.279175895177526,2.9545438528885035,1.2503680636238583,1.2754327271339774,3.99,0
2021-04-26,Leicester,Crystal Palace,G Scott,2,1,H,0,1,A,13,4,5,2,7,2,0,1,0,0,13,12,1,2.064860910262828,1.161514540741412,1.0396652878527568,1.8843085691141872,4.858551169162947,3.9263826025996944,3.160998017921485,5.903183017831024,12.650731350225064,8.314642209722441,8.392100543460225,15.921251860350424,3.239802666461769,2.815162014070537,2.2347025797450675,1.0508625964025635,2.89,0
2021-04-30,Southampton,Leicester,R Jones,1,1,D,0,0,D,5,23,3,9,0,10,1,0,1,0,9,13,2,1.3638434904043724,1.502145619262049,1.6305401640643198,1.2232246576777646,4.654365803406211,5.442288032517721,6.351698445490843,4.872141171714825,12.618003022041314,8.721509336680255,13.06371243792465,8.598541091134095,1.8539149968250859,3.196995416130858,1.6020820278428423,1.6773081989247158,3.98,0
2021-05-01,Everton,Aston Villa,S Hooper,1,2,A,1,1,D,16,13,3,5,3,6,0,2,0,0,10,13,2,1.120945698291362,1.551950537260595,0.8961184473171989,1.0655825698224182,4.683341820839105,5.721189409499256,3.465082720313297,5.549135705519795,11.735037959881321,13.079778006117044,11.38786473258302,16.31363365027117,2.894815575555718,4.050590998168464,1.2605645004901564,0.8119855466990965,3.87,0
2021-05-01,Chelsea,Fulham,K Friend,2,0,H,1,0,H,9,10,5,3,1,8,1,1,0,0,15,8,2,1.2824504791788782,1.0556506610874345,0.9616128596371493,1.073779915460807,5.974496997735702,3.3368609800850306,3.3578126899238763,6.2411159940532785,14.999202342688088,9.638840968459563,10.431985816255594,12.46522412147069,2.5166509962129604,2.8074222706330314,1.0576809364376532,0.9506945190087245,3.26,0
2021-05-01,Crystal Palace,Man City,D Coote,0,2,A,0,0,D,9,20,4,3,2,6,2,0,0,0,9,10,2,0.7870203968624685,1.5599605508169556,2.2676215633530417,0.4582481420950604,2.7536811902957625,4.98478154974702,5.245609775079166,2.226798094230999,6.360629388019661,14.70148403410936,13.032811480523915,5.893052808734443,1.9331967379975676,2.9862534539208205,0.730788902167309,2.2423189588653734,4.23,0
2021-05-01,Brighton,Leeds,C Kavanagh,2,0,H,1,0,H,17,11,5,2,2,9,1,1,0,0,17,6,2,1.0281483514827603,0.8178499121184073,1.5779277823201323,1.6760306468081496,7.757167108639096,2.6369327341333126,5.748004647963234,7.63464166420465,16.781076448868873,6.60269893173842,11.611328458028394,18.192679698177663,2.632746994744068,3.0324038990420035,1.040650554422825,1.538494808833214,3.7,0
2021-05-02,Newcastle,Arsenal,M Dean,0,2,A,0,1,A,5,19,1,5,3,7,2,1,1,0,10,9,4,1.7008530985422334,1.6454884473164733,2.023166776323085,1.1376801482707952,4.17969903128396,5.097461702183192,5.02875994570342,3.3317782627360835,15.131249869774532,12.858433442071979,13.312793085542006,10.522899672150826,3.8312943075921737,3.400105823101971,2.0151338544993584,2.352087663474146,3.51,0
2021-05-02,Tottenham,Sheffield United,A Marriner,4,0,H,1,0,H,20,8,11,1,6,6,1,1,0,0,8,9,2,2.0235636195717777,1.2096974843135655,0.3422219907025027,2.0060746425525977,4.241544496850256,4.581771131828217,3.9684503518925176,6.295371447338099,11.673410624726799,10.954527687431552,6.344872777317568,14.972709864251996,3.668377605923421,2.871991693693503,2.129951326376879,0.29529390592651183,3.02,0
2021-05-03,West Brom,Wolves,P Tierney,1,1,D,0,1,A,10,20,4,10,5,6,2,0,0,0,17,11,2,0.9765209764819182,1.3111022862640103,0.8347908454451909,1.1906683162151672,5.094634215810639,6.3136324490246345,4.054490598454592,5.016606499886729,9.6900272692251,13.523396248346168,8.807742477981698,13.455876132921283,1.9751870489748087,1.823355024596074,1.2673897427444125,0.7912797890518841,3.83,0
2021-05-03,Burnley,West Ham,A Taylor,1,2,A,1,2,A,8,22,3,4,5,4,2,1,0,0,4,8,3,0.8851210926325924,1.16874704077776,1.5473708616192032,1.6093755457798098,5.686126403856939,4.80950142066915,4.030737947128193,4.517624309671484,12.211374351331179,12.302798491371103,11.622037841717653,13.784222654586129,2.058090931556952,3.000196348899779,0.8999954980301266,1.7009851170925139,3.72,0
2021-05-07,Leicester,Newcastle,D England,2,4,A,0,2,A,25,14,9,6,9,6,1,1,0,0,12,9,2,2.0526656354323656,1.13114626182772,0.8037189158897193,1.5488019535716102,5.261190554296555,3.5641803890919177,3.9277342692253066,7.398561693428411,12.716401522851537,7.503394767627315,8.016430539156627,17.317281984686623,2.8186706013578484,2.1961982339863226,2.156388901306188,0.9188452385886511,4.1,0
2021-05-08,Liverpool,Southampton,K Friend,2,0,H,1,0,H,14,12,6,6,8,4,0,1,0,0,10,6,1,0.8880313480437444,1.2308772810825261,0.9407033449391422,2.563986482447911,6.914862715882383,2.25152363461171,5.734240636075069,4.625181421339257,17.000146411421092,8.728255566525458,10.980767395180415,12.5667967243194,3.133242196112088,3.0819369663756917,0.8759391150194215,0.9137101896175674,3.26,0
2021-05-08,Leeds,Tottenham,M Oliver,3,1,H,2,1,H,16,11,7,3,8,6,1,2,0,0,12,10,3,1.0027307142784412,0.6846432170197223,1.5004336302570265,1.4072286863297228,5.709449871137217,5.580293791652663,3.928019806605991,5.763292170331242,12.555285711734909,12.900098464740928,10.527624282680572,14.25407718230972,3.5710463527743386,3.9114488357378376,0.774960068511761,1.6849049963463425,3.43,0
2021-05-08,Sheffield United,Crystal Palace,S Hooper,0,2,A,0,1,A,7,21,0,8,5,11,1,1,0,0,11,8,2,0.6392135754877711,1.4290838433379909,1.0321503620320098,1.906227293728776,3.7864731161298617,5.887776814131117,2.9410370783941535,6.110984314787016,8.903801970216847,13.941052581614313,7.559979775702508,15.367795873449593,3.075712077933603,2.4712641470232914,0.5841869934576935,1.033882546514248,3.87,0
2021-05-08,Man City,Chelsea,A Taylor,1,2,A,1,0,H,16,12,4,5,6,2,2,0,0,0,12,10,2,2.285131171059989,1.19260560495085,1.4047321776256785,0.5986231858336523,7.594856054747408,2.682868718748852,5.336379793907667,3.809843753501172,19.61688618142434,6.671898899100792,15.258376656456562,6.976046146654065,2.6685630456139786,2.836982242607519,2.2661930313112584,1.5469967228898622,3.72,0
2021-05-09,West Ham,Everton,S Attwell,0,1,A,0,1,A,11,9,0,3,5,6,2,1,0,0,8,10,3,1.8106776347749403,1.3654230376450047,1.1155959165212934,0.7059416620915088,4.198613199877084,5.223278096204856,2.9952233420047483,6.559752879316753,10.344086387684786,14.688184506319924,8.48777926631356,15.324287729639414,3.7744773854770286,3.590383183209076,1.6930366403403312,0.8476129962447524,3.99,0
2021-05-09,Arsenal,West Brom,P Bankes,3,1,H,2,0,H,15,12,7,1,6,6,1,2,0,0,7,9,3,0.9425693183051387,1.2249676054923617,1.3245397633748044,1.8206716563353644,5.811162856695354,3.301515856964426,2.683701550078709,7.807636689556109,12.608528321819843,9.654917551428138,8.793340327184904,15.921250164768352,3.1809731232261185,2.775068656247983,0.691464867386749,1.5172005358909166,4.09,0
2021-05-09,Wolves,Brighton,J Moss,2,1,H,0,1,A,16,5,6,3,10,5,2,2,0,2,12,7,6,0.8869165342689305,1.6308747381582047,0.6653968668744209,0.9505186011250482,5.992960773036403,3.9103523195638323,5.926056722078469,4.157642768021684,13.543630969369358,11.203564765324714,11.045870118345643,10.054401017423203,3.536469067972259,2.195216730823306,0.7242864303260613,0.4672012145252618,2.53,0
2021-05-09,Aston Villa,Man United,C Kavanagh,1,3,A,1,0,H,11,18,5,7,5,6,1,1,1,0,13,18,3,1.4179087358890148,1.476285973641131,1.2040496342140041,0.4412016443214429,5.904390323758806,5.716908118777161,4.79893216475684,4.337427875996237,14.073025597967806,12.129115270406956,12.234141639467463,12.427964358380898,3.0368251526433623,3.8823900374843214,1.5006263787282736,1.0996244132903785,3.7,0
2021-05-10,Fulham,Burnley,D Coote,0,2,A,0,2,A,21,14,3,5,8,4,2,0,0,0,11,10,2,0.3777771679615,1.363779174059611,1.6616926517444532,1.603307669251044,5.42408913786059,4.3310591503910585,4.249199476182801,7.0633095628844105,11.695260060241209,9.35848848872596,10.436664554312971,16.78746093482573,2.498798884682135,2.0998079335800752,0.32146055505499227,2.2084505191963566,4.23,0
2021-05-11,Southampton,Crystal Palace,A Madley,3,1,H,1,1,D,13,11,6,4,12,8,2,3,0,0,20,13,5,1.294910249559114,1.4070098649477092,1.2141273383302915,1.5478147206990263,3.7725566536765958,6.305785291761244,4.456299002397995,5.902094877431618,11.17470761913428,11.426690717574255,10.08699858715791,13.79446657559645,1.8815920419648655,2.382656143105307,1.4010820083252709,1.3562488863672404,3.43,0
2021-05-11,Man United,Leicester,C Pawson,1,2,A,1,1,D,4,12,1,3,3,4,0,0,0,0,9,12,0,2.6126601161361234,1.0389131637937072,1.5119847728240512,1.1812535222390983,6.098280750059074,3.973338677870704,7.037659218186668,3.956071687627923,16.025962150726098,7.661161877842195,14.931952601730448,7.921936377798076,3.4792638975068653,2.971934003773744,2.624546926754114,1.4513094197369396,3.87,0
2021-05-12,Chelsea,Arsenal,A Marriner,0,1,A,0,1,A,19,5,5,2,9,1,0,1,0,0,7,6,1,1.4173655393502675,0.8571651652047292,2.0188109138621506,0.9237713082452257,5.03918237164007,4.21363347202321,5.399396344754092,3.2693966667880088,13.871220619394771,9.706746793852576,14.382112820008834,9.484473305792028,2.4195092684031296,3.512899096073635,1.372106420004153,2.2346058697522335,3.02,0
2021-05-13,Aston Villa,Everton,M Atkinson,0,0,D,0,0,D,13,15,2,5,9,1,2,0,0,0,9,12,2,1.3393327204188976,1.7627776562151112,1.0938613468776672,0.5732091341545145,5.734345091467781,5.770135606331615,3.560187308744091,6.2664851013316065,13.495229332445108,13.232970465858742,8.584088007523864,14.511226718080128,3.0299012156319987,3.4793781858178434,1.33358137528463,0.8984602720749348,2.48,0
2021-05-13,Man United,Liverpool,A Taylor,2,4,A,1,2,A,18,17,3,8,6,4,3,0,0,0,10,12,3,2.3094446163117657,1.2196185849168668,1.8033159227528086,0.7881112821292006,5.515735961591044,3.978351591648706,5.469264379732749,4.194233028860489,13.764817295765583,8.476958682576967,14.805651702737194,8.29144522105142,2.8250859147146516,2.5902469774354957,2.082481109800239,1.713740675134946,3.72,0
2021-05-14,Newcastle,Man City,K Friend,3,4,A,2,2,D,11,15,5,6,4,5,2,2,0,0,11,10,4,1.3810553821840281,1.7121444007718083,2.2173028351325574,0.37208743280570855,3.957889718934796,5.455180663007799,5.387451696277068,2.184155074283168,13.2263525126864,14.013182762733864,14.342795852410712,6.47722707837822,3.8630146808653825,2.8008161562584912,1.3427401174387008,2.1614639079969953,3.26,0
2021-05-15,Burnley,Leeds,G Scott,0,4,A,0,1,A,16,16,4,6,6,8,1,1,0,0,10,10,2,0.906720848816892,1.3250408431661689,1.2812427236300883,1.736943996355854,5.557119579414206,4.657297384976359,6.359451155648232,6.575205350595993,11.419543533349582,14.126085229175086,11.496385289221033,17.96842973552603,2.2351905113874153,2.838289304691725,0.9333641998919286,1.0251421738953266,2.89,0
2021-05-15,Southampton,Fulham,C Pawson,3,1,H,1,0,H,11,10,7,3,6,5,0,1,0,0,9,15,1,1.6155045494690412,1.3304830764454587,0.7808085345627415,1.2479296219431641,5.319496595683235,6.624334845029311,4.230645800521006,5.255671144346239,11.517902652019357,11.346463496782263,10.350763000683763,11.813685924747242,2.4679211873258735,2.655609160784504,1.9345961673352152,0.6334743804992782,3.87,0
2021-05-15,Brighton,West Ham,A Marriner,1,1,D,0,0,D,10,15,2,3,3,3,1,1,0,0,7,5,2,1.2108777936086836,0.6640761767832442,1.6324750748727894,1.494799567341729,6.674693322035568,3.8333290498421073,4.024958538368224,4.608321527629923,16.822238881867214,7.429488053606038,13.573322524395472,12.696661831473628,2.513776670895935,3.00015943099675,1.3607585995625688,1.8007580101467422,3.02,0
2021-05-16,Everton,Sheffield United,A Moss,0,1,A,0,1,A,16,10,6,3,11,4,1,3,0,0,8,12,4,1.0982052522469172,1.6361936709694316,0.27787674465625706,2.380976376539452,4.366836609062732,5.773611920423356,4.350426278379008,6.239835131816728,12.536944439608101,13.064777989834797,6.656073025328285,15.917950759106635,2.7265706060931976,2.708038115006718,1.173621423315044,0.1967625986915915,4.0,0
2021-05-16,West Brom,Liverpool,M Dean,1,2,A,1,1,D,10,26,3,6,9,13,0,0,0,0,7,14,0,0.9809355482693574,1.2526082277316668,2.216340746628649,1.0159729621223312,5.076840906011262,6.254662664356062,5.19301042589764,4.533756856133071,9.748308946531676,14.741139915515935,15.218237348705454,10.116866622880499,1.9798524284133772,2.6672895397821854,1.1781692733576428,2.476601389277288,3.51,0
2021-05-16,Tottenham,Wolves,M Atkinson,2,0,H,1,0,H,24,15,13,3,10,3,1,0,0,0,8,11,1,2.395177041994883,0.982247804326909,0.8658537928528067,1.1548184875852077,4.57217272965107,4.848429289257182,4.420289069998601,5.013484113394309,13.23899219643756,10.399011630126244,10.912132562876218,12.806095563234058,3.354685995016654,1.8565681573403092,2.7539342014277124,0.8609238786125546,2.48,0
2021-05-16,Crystal Palace,Aston Villa,D Coote,3,2,H,1,2,A,23,19,8,5,7,7,3,2,0,0,23,13,5,0.6390432871052167,1.6426976261568962,1.103672409490931,1.0532516071542797,2.611972583170728,5.175664902503283,3.9417028104877874,5.069842239193344,6.856888997422555,15.697721338454807,11.690981549327716,16.25466363974188,1.9457572175898188,3.66503487991168,0.48694510993802775,1.2083927015655045,4.23,0
2021-05-18,Man United,Fulham,L Mason,1,1,D,1,0,H,13,8,6,5,6,1,2,3,0,0,10,15,5,2.251620960675029,1.7391681553723868,0.8217672429966483,1.575326218463736,5.606226845963074,3.9823968716232248,4.374409401334569,5.394758441914368,14.556214958995847,10.069597171461911,10.285218480299502,11.661638378178711,2.8577708324686086,2.3462375674982305,2.0549687906120173,0.7557323115429683,1.82,0
2021-05-18,Southampton,Leeds,P Bankes,0,2,A,0,0,D,18,15,3,7,4,5,0,3,0,0,10,12,3,1.8742151036105756,1.2687281174032934,1.7892770413132872,1.4123739563187407,5.446657297264792,6.320807254738005,6.666008537585262,6.467720927342167,11.421125965578161,11.094859696097837,12.337942881207889,17.600603645905213,2.193621474991294,2.681644304186634,2.289971239028827,2.0174328723303123,4.09,0
2021-05-18,Brighton,Man City,S Attwell,3,2,H,0,1,A,19,8,6,4,5,3,3,3,0,1,13,11,7,1.171472600316265,0.7268478084418535,2.550422435643,0.8631462631063828,5.988030216512595,3.677610935936995,5.315051427277646,2.5234687547919292,15.547416923487424,8.844134335062266,14.465602792037513,7.322364625316612,2.4177709764160396,3.024898883733661,1.240424310110118,2.7747242281449465,3.99,0
2021-05-18,Chelsea,Leicester,M Dean,2,1,H,0,0,D,17,7,6,3,6,5,2,4,0,0,15,16,6,1.1525127917548914,0.8838556676880907,1.603176614446772,1.1473840001972608,5.779311436776093,3.613125253642237,6.470034023514612,3.777417553365225,14.829598167776888,8.827231392935582,14.384080030520842,7.189072768012387,2.1542559378148787,2.416590399940658,0.9144279299985127,1.6343301188561494,3.51,0
2021-05-19,West Brom,West Ham,M Oliver,1,3,A,1,1,D,14,21,4,9,6,8,2,2,0,0,8,11,4,0.9844979831403045,1.3922678701596793,1.514289076472942,1.4023399856169367,5.809932995842243,7.515114592390046,3.8334320213748687,4.30778622901892,9.79534061564282,16.845000878252804,13.839915325515435,12.19275632821949,1.6098918635903914,2.813266942094877,1.1187393029071864,1.5336579429793769,3.43,0
2021-05-19,Burnley,Liverpool,C Kavanagh,0,3,A,0,1,A,10,20,4,3,6,7,0,0,0,0,10,7,0,0.7372885454032989,1.8248909261007515,2.1759147312002654,1.012988211337946,5.639877409340079,5.281923811543144,6.651845554693926,5.368331096328311,12.27545998309584,14.476249997566486,17.23294659825133,10.095028610516884,2.1912421780747025,2.168872622176332,0.6220321403636542,2.3176266909602585,3.7,0
2021-05-19,Crystal Palace,Arsenal,A Taylor,1,3,A,0,1,A,12,6,6,3,6,7,2,1,0,0,7,7,3,1.080218026439275,1.709464111447682,1.8284331585653475,0.7511529099944266,3.4319312216485804,5.51656507941049,4.577313277739982,4.340232662191265,9.873434260495433,16.31479403604329,12.628945913066653,11.2625702891104,2.5164812618018018,3.043331993200418,1.325197267800078,1.8227919302630557,3.72,0
2021-05-19,Newcastle,Sheffield United,R Jones,1,0,H,1,0,H,16,11,5,1,5,2,0,2,0,0,7,7,2,1.6835757400797504,2.13965926883811,0.4128146438576029,1.9360607088597983,3.9657585596343132,5.370124376606788,4.28494467883282,7.129332378182162,12.810330277257163,14.197582093328727,7.280928239041245,15.933282701562836,3.888612127075105,2.9494575975107375,1.8955341205418164,0.4646896891761431,3.98,0
2021-05-19,Everton,Wolves,A Madley,1,0,H,0,0,D,14,9,4,3,7,12,0,2,0,0,11,11,2,0.8929916567374602,1.5173128056731842,0.7040580177431145,1.3127513846150645,5.606327411233734,5.442190013194418,4.154890023580943,5.945277921575173,13.184060342161859,12.492085308347933,11.676002497956066,14.897818738440215,2.9645270573270404,1.6965075211276595,0.7821493967797597,0.5737549425674915,3.43,0
2021-05-19,Tottenham,Aston Villa,C Pawson,1,2,A,1,2,A,10,20,4,4,4,5,1,1,0,0,14,13,2,2.3213331940578597,0.7987023302957266,1.2711626006244716,1.4170262626030272,5.586431173301408,4.503026806690863,4.513184472146386,5.430516724391088,15.249823139156328,11.258764726687378,13.056764450874235,17.51511538551264,2.914683018938657,3.914490062913704,2.5024526385967483,1.4724404661870325,3.87,0
2021-05-23,Arsenal,Brighton,J Moss,2,0,H,0,0,D,16,5,5,1,11,3,0,0,0,0,10,8,0,1.3270263647800415,1.1829295519483776,0.7279217108204332,1.1466275259756469,5.846449474624011,3.80576188227216,5.753011265234582,5.249361398370562,13.055405169871962,10.093125982914817,9.916122521136064,11.16541167975213,3.1471559973001377,2.906188794747131,1.4614976128178252,0.6449210619494719,2.53,0
2021-05-23,Aston Villa,Chelsea,S Attwell,2,1,H,1,0,H,6,23,3,7,2,9,3,3,0,1,11,12,7,1.089061395838829,1.4333802688182582,1.515965528468417,0.6736255399206349,6.344574175786827,4.878775200942749,4.7129348667485,4.219102257002181,13.402689443653939,13.563162370633023,14.649507605951243,8.662286503060752,2.8374510966337665,2.6805814832488855,0.8887532619243943,1.6981000577425243,3.99,0
2021-05-23,Fulham,Newcastle,C Kavanagh,0,2,A,0,1,A,14,10,0,4,5,4,1,0,0,0,12,6,1,0.3071847074172219,1.482665113606974,1.400984620262494,1.6331140374966966,5.905430789295928,4.2691965446176345,4.3149634329843,7.697810774787059,13.433968862090056,10.225813848787999,9.13453646746826,18.752895394822872,2.4055919797321725,2.159536102798585,0.2142344833094067,1.9465922399270508,3.7,0
2021-05-23,Leeds,West Brom,D Coote,3,1,H,2,0,H,17,14,9,5,8,3,2,1,0,0,12,12,3,1.375945840034708,0.7435716360664087,1.2638953878433006,2.041044131511998,6.137468246278712,5.65872122577427,3.303394023137264,7.46985682219556,13.198974314709048,12.545040940681833,9.392545402636147,15.74910287418766,3.4643390910710994,2.8170999338253613,1.5171422354334116,1.3446836255072847,4.23,0
2021-05-23,Leicester,Tottenham,A Taylor,2,4,A,1,1,D,10,11,6,4,8,7,0,2,0,0,9,8,2,2.042824392745943,1.6672280092028564,1.4069212523397108,1.7048582300182542,5.959834571621849,4.019344211468635,4.315195614079879,6.181249428222118,15.011747865561766,8.717367943964845,10.615893683308682,14.580325029119024,2.66569160467321,3.7411330479358904,2.10422397068569,1.4564487483796842,3.72,0
2021-05-23,Liverpool,Crystal Palace,C Pawson,2,0,H,1,0,H,19,5,5,4,14,1,2,2,0,0,10,8,4,1.0958168095454723,1.0008722324224077,1.174114926346535,1.8191739788172478,7.117634395620329,2.5782486442312815,5.118484528865366,7.041565875878854,16.439530961000635,9.339622555899869,10.257604493705163,13.646010408448582,2.7346188055746836,2.871740075693517,1.2508797763354422,1.2374188524852796,3.87,0
2021-05-23,Man City,Everton,M Oliver,5,0,H,2,0,H,21,8,11,3,7,5,2,2,0,0,8,10,4,2.0449880941853174,1.3434774993105085,0.8894594652418717,0.4660977292891306,7.296836950718249,2.555266028132799,3.0817838029057043,6.7772770681216965,18.94102507411316,7.667522241746749,9.782982627408858,14.228834817465312,2.5436335516651094,3.202937587843286,1.8438429087716035,0.5987707329413242,3.43,0
2021-05-23,Sheffield United,Burnley,K Friend,1,0,H,1,0,H,12,10,3,3,8,9,3,1,0,0,11,1,4,0.5197684026879527,1.5357667762445162,1.724909675320645,1.3037092737400762,4.013236022769455,6.843060627309501,4.202633389923501,7.238342064401345,8.548052399135441,15.260106535577217,11.10251902670746,17.574627346586883,2.8747016176448272,2.0811575539097626,0.3893261450944574,2.138919965679676,3.26,0
2021-05-23,West Ham,Southampton,M Atkinson,3,0,H,2,0,H,14,17,7,5,2,3,0,3,0,0,5,9,3,1.4723295281887765,1.2971391032131754,0.7649209806426994,2.4585984471557203,4.348362498845166,5.368418446119077,5.410175753231515,5.255809123494313,10.46665217440945,13.625275007321603,11.171223948786908,12.834608954042935,3.6297564523096364,2.6929006094470807,1.128308976524838,0.6089339027420423,2.48,0
2021-05-23,Wolves,Man United,M Dean,1,2,A,1,2,A,14,9,4,4,6,2,4,1,0,0,14,3,5,1.094910312879491,1.512987782993266,1.5396457635945655,0.5456202122521181,6.74172693075621,4.113966824123286,5.023366939965502,4.461237890174333,14.002634711741242,10.044349921047285,13.31156548436555,12.161131086874367,3.9968111025562543,3.7175042551012947,1.1498122144312812,1.7335118554657527,3.51,0
2021-08-14,Leicester,Wolves,C Pawson,1,0,H,1,0,H,9,17,5,3,5,4,1,2,0,0,6,10,3,2.034862276230862,2.1009481673387342,0.5731561739293825,1.2546031470129368,6.3391519141269566,4.573522032983323,5.613490501033998,6.141376909581068,14.079939662546687,9.14176584492356,11.178467277555507,14.730891972022473,2.5419230284095993,1.7529342985619087,2.0694669684837557,0.3824169838331396,3.87,0
2021-08-14,Chelsea,Crystal Palace,J Moss,3,0,H,2,0,H,13,4,6,1,5,2,0,0,0,0,15,11,0,1.3100816786535192,0.9054497790610129,0.9558178473633894,1.8527940200436792,5.820342913027463,3.8709796589068497,4.352756130124923,8.335311325754823,15.23312968718978,8.487503767680595,9.280085447085229,14.641449834790466,2.869275120735997,3.0815115727446987,1.2764485916482837,0.8247597540303908,2.53,0
2021-08-14,Burnley,Brighton,D Coote,1,2,A,1,0,H,14,14,3,8,7,6,2,1,0,0,10,7,3,0.600208322490121,2.043372841765525,0.592583014722795,1.305290629717805,5.7068331287955205,5.601356777596702,5.241158205433664,6.318547711272367,11.852395548340283,15.503252093789294,9.002093440842678,12.064281530321301,1.783835921596201,2.3658562339126195,0.41459451991938023,0.42985035774601826,4.23,0
2021-08-14,Man United,Leeds,P Tierney,5,1,H,1,0,H,16,10,8,3,5,4,1,2,0,0,11,9,3,2.0189135880163525,1.6017384663578313,1.8284556645670882,1.1497786156261283,5.679439039573217,3.427895339588645,6.35625623893464,6.008910415614306,14.266876009123402,9.684807738107434,12.832885309822489,17.674861331842916,3.256064354926201,2.740834522208948,1.7031538258103733,2.011619292421733,3.83,0
2021-08-14,Everton,Southampton,A Madley,3,1,H,0,1,A,14,6,6,3,6,8,2,0,0,0,13,15,2,0.912887161203727,1.235206730748439,0.6227032028253164,2.5592584208012332,5.865445703966145,6.661449501786971,4.9620643163012295,4.650473474115374,13.335763757164697,11.84282005733509,12.254937951117194,13.051284047338234,2.7851975602820827,2.749998001202256,0.8547990362629172,0.40586433190152743,3.43,0
2021-08-15,Newcastle,West Ham,M Atkinson,2,4,A,2,1,H,17,8,3,9,7,6,1,0,0,0,4,3,1,1.5564820595765279,1.7418435542726047,1.7905195778843386,1.3275350055869193,4.158049689172782,4.74353468703323,4.60810032573652,4.62241073036113,13.403368971997539,13.603072292695757,15.171152612972122,12.528767740482227,3.5374723013039446,3.033910044622784,1.5968880298699644,2.022659213698109,2.48,0
2021-08-15,Tottenham,Man City,A Taylor,1,0,H,0,0,D,13,18,3,4,3,11,2,1,0,0,11,8,3,2.0756645885799934,1.0220533553114017,2.4480852561970825,1.2604403597154736,5.291474279927165,4.5954264466221,4.884625961311536,2.9839173230778693,14.273750839298936,12.88397711778289,13.26348690738647,9.493526608288668,2.7446207645977547,3.763968750636511,2.001409075158815,2.5163662753019285,3.72,0
2021-08-21,Liverpool,Burnley,M Dean,2,0,H,1,0,H,27,9,9,3,8,4,0,0,0,0,6,12,0,1.2639268854100802,0.8147852660868261,1.4042061946111868,1.2472421887641176,8.397236821428113,2.284813085910892,5.094582801596241,7.379953161232292,16.915585646532648,8.532779114440448,10.897533400809246,16.538165890495737,2.969884546895923,2.4379179455979805,1.500699209351894,1.42562488137431,3.51,0
2021-08-21,Aston Villa,Newcastle,D Coote,2,0,H,1,0,H,10,9,2,1,3,4,3,4,0,0,8,18,7,1.2584274706234675,1.3528041304445317,1.512356432960226,1.3294776420875818,5.5368101054065875,5.645013083861521,4.2564039207388324,7.196220854950325,12.026345913811042,15.317704488361823,9.29544759880529,17.869214284805153,3.6113721552449864,1.9439495886197138,1.2593360085620535,1.9644028608642814,4.23,0
2021-08-21,Leeds,Everton,D England,2,2,D,1,1,D,17,17,4,8,8,5,2,4,0,0,6,13,6,1.6778977795556715,0.7912480274988165,0.7240868949940901,1.309062587227677,6.48375908393621,5.164399022390824,3.4384277593766677,6.818686783951547,13.905679242497374,12.815553907992053,9.451481944888643,15.487762327448639,3.3780069399639485,3.3511312547805523,2.0116512264948354,0.39909041423559377,4.1,0
2021-08-22,Wolves,Tottenham,S Attwell,0,1,A,0,1,A,25,8,6,6,5,4,1,4,0,0,9,7,5,1.0772641322526602,1.6035354304305476,1.8890388913249454,1.7597324035997206,6.603821501948616,3.720927972118104,4.814367323710729,6.519400258527512,14.002144853496388,9.850179374293148,10.687308572150613,13.728729029261197,4.183328794364949,3.417413239971158,1.0998522730415259,2.3046817975686045,3.99,0
2021-08-22,Arsenal,Chelsea,P Tierney,0,2,A,0,2,A,6,22,3,5,9,8,3,0,0,0,10,4,3,1.4521488510926177,0.9629936154922248,1.4200347424838369,0.9202314417586587,6.804622308336537,3.6559507681222843,5.51000658008696,3.8065161210130483,13.602878365026713,9.14618756997506,16.202071206657738,8.16730142622264,2.562021658319646,3.4836684928370607,1.6410794166380036,1.4652950217753167,3.83,0
2021-08-22,Southampton,Man United,C Pawson,1,1,D,1,0,H,8,15,3,4,7,7,2,3,0,0,12,10,5,1.52575204150014,1.4046896935073445,1.6252370314081241,0.6301006819136279,5.177687833376596,6.075236434421259,4.461248056303609,4.74733192261298,12.64430178294144,11.820922113184928,12.509938548227138,12.503022415704777,2.3435472383165985,3.9559520157399075,1.5263030073000705,1.8223813253720444,3.87,0
2021-08-23,West Ham,Leicester,M Oliver,4,1,H,1,0,H,13,5,7,1,10,0,0,1,0,1,8,8,2,1.7563613500845208,1.055968779156943,1.4910311250317,1.3059064566235568,3.911743678670013,4.928070728024401,6.196718246550911,4.190650742904274,11.12358915055195,14.252720065502968,13.011196452031419,9.013167419055927,3.512669111943598,3.0828351013236976,1.7524875469273418,1.422791322235888,3.43,0
2021-08-28,Man City,Arsenal,M Atkinson,5,0,H,3,0,H,25,1,10,0,14,0,1,2,0,1,5,7,4,3.039829912576352,0.8911789499369734,1.6673626354621605,1.0200948015900981,7.011738670648545,2.6376587890943837,5.022612351271821,4.158356561133589,18.70838281641809,6.483304264037625,13.35985849971987,10.770177658447835,2.478444388040767,2.473250540756732,3.5977909774616954,1.4766923313817106,2.48,0
2021-08-28,Brighton,Everton,J Moss,0,2,A,0,1,A,14,14,3,5,4,5,1,2,0,0,7,9,3,1.6019048840784051,0.7851416653190928,0.9603405767635025,1.436999597200576,6.025726248393303,3.264320318264313,3.7275753429767784,7.0374239342475455,15.598785929816898,8.930274720104237,10.849198745057947,15.767774905459593,3.4049426517724557,3.841607440914811,1.8848268170178963,0.9328874708971958,2.53,0
2021-08-28,Newcastle,Southampton,P Tierney,2,2,D,0,0,D,10,22,5,6,4,4,3,3,0,0,11,6,6,1.6386057919410033,2.1599737327473814,0.6925651370766409,2.6408680699113827,4.684277707134512,4.976187330100629,5.524581847813837,4.900357740633861,14.069336990507509,12.565582785631383,11.096746131946391,13.22695246542277,3.067622770627493,2.6111250729373547,1.7312991078433204,0.6039691303915724,3.83,0
2021-08-28,West Ham,Crystal Palace,S Attwell,2,2,D,1,0,H,14,9,4,2,5,3,1,0,0,0,10,7,1,2.1718033496399927,1.0456053538671732,0.7788344112229877,2.0652157245070972,5.03907199423226,4.015567479215431,3.917109458053949,7.717730412552158,11.47103363556813,12.539445726302048,8.30240160479473,14.33751176456644,3.232576646717381,2.510925337977077,2.5018837295278966,0.5497571348511474,3.99,0
2021-08-28,Liverpool,Chelsea,A Taylor,1,1,D,1,1,D,24,6,7,3,12,3,0,2,0,1,13,4,3,1.4002214204305836,0.6639160429326433,1.5274236601530415,0.7498373409829238,8.323682704593224,2.6024046380208548,5.971064712281112,4.7681644360956605,18.782860157741574,8.619291788367798,17.275641200327215,7.765994362724123,2.4199676631509326,3.3941103076124577,1.66718287264354,1.643583631011395,3.72,0
2021-08-29,Burnley,Leeds,M Oliver,1,1,D,0,0,D,12,12,3,2,5,5,4,3,0,0,13,9,7,0.6742355077129274,2.0353417356379175,1.6750551703102374,1.8627025397686252,5.9462815937933575,5.675171309821265,5.919961471323582,5.822096126044576,12.25005543340482,15.224903325058957,12.308335807313112,17.364736641886637,2.0090262108340182,2.7888227418419627,0.6097883803343015,1.674311423471112,3.43,0
2021-08-29,Wolves,Man United,M Dean,0,1,A,0,0,D,15,10,6,3,5,7,3,4,0,0,7,9,7,0.8777931679022757,1.4917821558869466,1.5094653929876043,0.6985928664041192,6.306850859316526,3.7726021761115245,4.931334531193094,5.164445850668952,16.038556079099504,9.50759202457817,12.971009277499647,11.669222981694324,4.334547226379919,4.149272532049079,0.7331245631616391,1.5481717542378588,3.51,0
2021-09-11,Southampton,West Ham,D Coote,0,0,D,0,0,D,11,13,3,3,5,4,3,1,0,1,10,12,5,1.4284014813288675,1.329755570101815,2.1996366897583814,1.4520515813379002,5.515115168364256,6.246469723175022,4.865830590758659,5.062655615756386,11.784342439971073,12.4095741557457,13.843310457657667,13.356680769365452,2.8354277142925235,2.6573023159736633,1.3508158975300433,2.6819710831069643,4.23,0
2021-09-11,Man United,Newcastle,A Taylor,4,1,H,1,0,H,21,12,7,3,7,3,1,0,0,0,9,2,1,2.570904658364863,1.4903179255846735,1.2323218647496785,1.4536345107207185,5.553631118949734,3.533828754528369,4.20892704315446,6.419230147189694,14.587788869255517,9.743170123480851,9.240741222082747,16.412115960378852,3.208650352841048,2.8801501184315086,2.8024331353337715,1.3094049305930981,3.72,0
2021-09-11,Chelsea,Aston Villa,S Attwell,3,0,H,1,0,H,12,18,4,6,4,11,1,4,0,0,11,11,5,1.6229943870043295,0.7377927159575859,1.5165348518426076,1.6469579368167067,5.668444611524175,3.5245408370167217,4.49191262716989,4.578586532635024,14.819633573389211,7.6565778347866456,13.727812196662333,15.540550733602046,2.337987520801741,3.6402817683020765,1.8511385535075655,1.7656172627482463,3.99,0
2021-09-11,Crystal Palace,Tottenham,J Moss,3,0,H,0,0,D,18,2,4,1,8,2,2,1,0,1,13,15,4,0.8680472239555517,1.588446010107634,1.724420540366992,1.433892612748567,3.74101058984536,5.645653254278173,4.663575488604943,6.238061424597393,9.663547297895343,14.323504443386476,10.189714698610029,15.815767131315496,2.864428306897323,3.7104519644026372,0.8110441651154103,1.8696570406335942,2.53,0
2021-09-11,Leicester,Man City,P Tierney,0,1,A,0,0,D,6,25,1,8,5,8,1,2,0,0,4,11,3,1.8432426260175478,1.711927365065388,1.994787023901477,1.2122160773386217,6.091188656347279,4.467326171104814,6.016975512678939,2.9868952622656195,13.139315693928102,10.59683104024057,14.140520501985208,10.142800642365184,2.62674257501306,3.622508936965408,1.7128707402833665,1.677325193167787,3.83,0
2021-09-12,Leeds,Liverpool,C Pawson,0,3,A,0,1,A,9,30,4,9,2,11,2,1,1,0,9,8,4,1.7375396432433425,1.0150658586105372,2.4533533722117538,0.6719530255936476,6.764512920121502,5.133958176406297,7.509713706399595,5.025497161344184,14.478637282247366,13.59036434886289,17.97934543113779,10.803693628296957,3.8635067060350052,1.8090232486486366,2.0077663160259713,2.6968370131721042,3.87,0
2021-09-13,Everton,Burnley,M Atkinson,3,1,H,0,0,D,14,11,6,6,4,6,1,1,0,0,3,6,2,1.2993461531987545,1.191654818084286,1.1441972001595058,1.3866261355920153,5.890360369166439,6.9093013987511025,4.891905036265668,7.494763760757937,13.458756661084903,10.760937799800638,10.546177771289678,18.47532510355967,2.6398069268563504,1.9865023372469894,1.5700811300007222,0.9502736358398594,2.48,0
2021-09-17,Newcastle,Leeds,M Dean,1,1,D,1,1,D,17,22,7,9,4,5,2,2,0,0,9,11,4,1.7052999597626801,2.130451082021412,1.550475855496725,1.7034934913543165,4.55799640207051,4.79603501950107,5.750185466645844,5.670380863947689,13.318353609712542,14.30667489768897,12.251433400966258,16.374691317599986,3.6087837928326616,3.5659822992429806,1.8208840323984146,1.4494958766620087,3.51,0
2021-09-18,Burnley,Arsenal,A Taylor,0,1,A,0,1,A,18,13,3,3,8,3,2,1,0,0,9,8,3,0.7343543232181017,1.8442726649953989,1.359656089675591,1.7545738255975396,5.771648293049602,5.550570561825189,4.095704991969965,5.974600995924612,12.20390848730462,14.629757529210856,11.078885372176204,13.396246749088041,2.930094772712814,2.755007365812993,0.7398850027448042,0.9843628491975619,3.72,0
2021-09-18,Liverpool,Crystal Palace,A Madley,3,0,H,1,0,H,25,13,10,2,10,5,3,1,0,0,17,11,4,1.3263618123217846,0.7259392833027943,1.0041966912478388,2.053180367055606,9.002135533105534,2.6757796152773485,3.7478597834816543,7.2161817872924,19.745666955497278,8.135909702513162,8.431141201070599,14.275225026799712,2.5270108120259027,2.232088804878526,1.4447439859301643,1.0332683603560016,3.43,0
2021-09-18,Man City,Southampton,J Moss,0,0,D,0,0,D,18,10,1,2,8,5,0,2,0,0,5,12,2,3.4015731554241238,0.7267146693236565,0.9338481411182737,2.522597877271089,8.301400384887792,2.150887130851693,5.243225048649587,4.734199542980684,19.869481038122455,5.471377656892495,13.108907442399946,12.631428507146309,2.759242704867851,3.236531313745985,4.065287711418646,1.0694060670785157,2.53,0
2021-09-18,Aston Villa,Everton,C Pawson,3,0,H,0,0,D,15,11,3,1,5,4,1,1,0,0,7,10,2,1.3227076698143834,1.0834314307980342,1.152206463112747,1.1718058277427885,4.685609469199718,4.723952071687488,3.9623973233060608,6.476876872067696,10.792785713903633,13.197863484733102,11.430669236238455,15.441537590122143,4.563844641167514,3.686291426843049,1.3374983409076604,1.2886629751918666,3.87,0
2021-09-19,Brighton,Leicester,S Attwell,2,1,H,1,0,H,12,14,5,3,4,9,2,1,0,0,8,10,3,1.3062783610444555,1.0093399613790683,1.510817526773968,1.6562413462896763,5.65188482161243,3.584634560709109,5.778394714027469,5.955371493634844,15.30373500001136,9.865876622644878,11.061309029811675,10.535455102723407,3.3302117552245556,2.9040477430293365,1.2564252257663533,1.5212603292954128,3.99,0
2021-09-19,West Ham,Man United,M Atkinson,1,2,A,1,1,D,13,17,4,10,2,11,0,0,0,0,5,8,0,2.140097580212317,1.2217358929789166,1.4154451523153881,0.5696697435870082,5.031861380220348,3.8281476855867127,5.313100256450629,5.134097884604418,11.937746447681768,11.886252116660222,12.422718831956663,12.283907435627793,2.8205616275762386,4.675365346824752,2.3345556061103943,1.3654111952665942,2.48,0
2021-09-19,Tottenham,Chelsea,P Tierney,0,3,A,0,0,D,8,20,2,10,5,11,0,1,0,0,4,15,1,1.7147363582039394,0.6791138249049679,1.430089277589756,0.7960040752336236,5.814421615103498,5.268040561617221,5.422764036423045,6.102777011511007,14.215450525594916,12.939684394676387,15.194756975450893,10.761929195785353,3.3839512426391165,3.3213784862107514,1.444959139775034,1.4290127355957198,3.83,0
2021-09-25,Leicester,Burnley,C Kavanagh,2,2,D,1,2,A,22,9,5,3,8,4,2,4,0,0,10,8,6,1.5030779795060738,1.5805434023352383,1.117586059049895,1.6843692229808636,5.88981321161504,5.119270048315814,5.096400487010656,6.849816067741632,11.821777370389055,13.254890705683092,10.629929240482765,17.649417889616036,2.6956260623175994,1.9889932885815018,1.1417993351633617,0.9668524143691387,3.7,0
2021-09-25,Leeds,West Ham,K Friend,1,2,A,1,0,H,15,20,5,7,5,7,3,2,0,0,10,6,5,1.4168821507348563,1.3813792299615069,1.7937006363794783,1.1840800154082334,5.885237001479063,6.216517799962484,4.7060442703432175,5.051092718346739,13.467571951956703,16.618711150234006,13.687680157186405,12.921762723560692,3.8886961154146618,3.0896398272278547,1.3383766742507348,1.7878014537817897,3.26,0
2021-09-25,Man United,Aston Villa,M Dean,0,1,A,0,0,D,28,7,4,3,5,5,2,2,0,0,9,13,4,2.834639722244556,1.3998312899782106,1.2366631005507296,1.8966576066492766,5.820553960361376,3.4353123318834884,5.692959743483414,4.47181020239394,15.771142325745013,10.159661000127581,14.516231058856741,14.887153198328132,2.801050856205674,3.891213504098603,3.20170213797723,1.176960157790652,3.51,0
2021-09-25,Chelsea,Man City,M Oliver,0,1,A,0,0,D,5,15,0,4,4,13,3,2,0,0,12,10,5,1.877116454808836,0.6016353838299687,1.811202198136697,0.9885054015854601,5.360538390448268,4.904113383676652,6.382936463359961,3.358407428833468,14.299279039349322,9.565423960025532,16.144603389717663,9.378259774990385,2.8292535761837456,3.5076268647389295,2.23416916119259,1.4515048550134224,3.43,0
2021-09-26,Southampton,Wolves,A Madley,0,1,A,0,0,D,18,5,6,3,5,5,0,0,0,0,12,8,0,1.1647944671928596,1.0843533495446385,0.7499332212050971,0.9846268057914118,5.420052279363088,5.8318907803401325,5.810287753456334,5.942946447403145,11.639594502249409,12.518535393819894,12.578182336926663,12.254309302720639,3.2348927418603086,2.7250150084824365,0.9004536404613607,0.8367208520548013,3.43,0
2021-09-26,Arsenal,Tottenham,C Pawson,3,1,H,3,0,H,12,10,7,4,4,4,2,1,0,0,12,13,3,1.1494420484167995,0.9418567533086211,1.4061841371548853,1.72291281999844,7.356711932609007,4.375364517832438,4.172020984738288,6.563221663524643,15.48093517600465,11.244590248129983,8.678328532643627,16.218860457819183,2.7089808029117464,3.763887146394859,1.062585983246931,1.2463130554882225,3.87,0
2021-09-27,Crystal Palace,Brighton,A Marriner,1,1,D,1,0,H,8,8,3,4,6,5,2,3,0,0,12,10,5,1.2614924233046965,1.2953032800600703,0.8802804981911365,1.0183066230686808,4.526993729965934,4.972859378398518,5.495779793757754,5.439920858981489,11.202013502259291,12.049240342938512,8.833621131713302,11.421963978441557,3.0739945018845205,2.9477304048731505,1.5408424242452126,0.9689304591113995,3.02,0
2021-10-02,Brighton,Arsenal,J Moss,0,0,D,0,0,D,21,8,2,2,8,5,2,1,0,0,8,5,3,1.4339541275023495,1.0076209913184615,1.2934633052329498,1.4316538741204594,5.347864233445303,4.581303677376755,3.894046334079274,6.347364876575237,14.69570019957572,10.62673997358489,11.432456269762971,14.243542972654268,3.269438043444169,2.800096953033393,1.504316616308973,0.9895759295640068,2.53,0
2021-10-02,Wolves,Newcastle,G Scott,2,1,H,1,1,D,7,8,3,2,0,4,0,2,0,0,15,5,2,0.5840601691943975,1.511263398798077,1.154580774372536,1.7535823033578675,5.685499052302844,3.932352216912695,4.356521814907814,6.245481895630575,14.95484886493783,9.48832019756973,11.63642009753903,16.84307629907683,5.22647879379082,3.355269746469636,0.3257786944819855,1.1374903248640504,2.89,0
2021-10-02,Leeds,Watford,S Hooper,1,0,H,1,0,H,20,5,4,1,6,3,0,3,0,0,10,16,3,1.3401572150707133,1.4952330821785897,1.2059800664451827,1.2691029900332225,5.7223138543347805,6.360713518790735,4.740863787375416,6.780730897009967,13.749607158282508,17.2410193229463,10.475083056478404,13.25581395348837,4.093225666266917,3.8538205980066444,1.225569371994345,1.4210526315789471,3.87,0
2021-10-02,Burnley,Norwich,K Friend,0,0,D,0,0,D,14,10,4,2,9,5,5,2,0,0,13,3,7,0.5992003280080035,1.6888887854251613,0.0,2.478405315614618,6.181764535857015,5.0811516579024865,3.1926910299003324,6.657807308970098,13.27064820650617,14.329809351155172,7.578073089700998,18.594684385382063,2.942960456831796,3.26578073089701,0.49322370044192665,0.0,3.26,0
2021-10-02,Man United,Everton,M Oliver,1,1,D,1,0,H,13,12,6,2,10,1,1,1,0,0,10,9,2,2.3129394049321856,1.3262444742653916,0.9401490109088002,1.5082752112381943,5.66953538183335,3.7232847491700025,3.9693178953311676,6.2050655632997085,18.021798336440764,9.578142250696937,11.35140686104519,15.360274952382182,3.0217110494042685,3.3759384865517363,2.13432542942167,0.8590512294325573,3.43,0
2021-10-02,Chelsea,Southampton,M Atkinson,3,1,H,1,0,H,20,6,9,2,7,2,1,3,0,1,11,13,5,1.531643186223364,0.6749522660534925,0.761978373076923,2.0583271966987593,5.110138558525188,6.394118121674348,5.1984607761168045,5.3352526931696485,12.587796346316537,10.565628685255259,12.536729614485166,13.619485447630503,3.228767873970027,3.0089543226787905,1.4893465565711967,0.7128897270829522,2.48,0
2021-10-03,Crystal Palace,Leicester,A Taylor,2,2,D,0,2,A,18,9,4,5,1,3,2,3,0,0,15,11,5,1.2133661379280072,1.2409542868875858,1.4168042863203696,1.7195082924600147,4.798092675080337,4.977854465001742,6.371313978778419,5.595495802665163,10.612700000773318,11.303999261609016,11.60215942416665,10.804996777325501,3.4284655380543607,2.921707243993641,1.360537517117662,1.3474836596969613,3.72,0
2021-10-03,Tottenham,Aston Villa,C Kavanagh,2,1,H,1,0,H,17,14,8,3,5,8,2,1,0,0,11,14,3,1.3991482800570283,1.1062605428780785,1.1931065195557804,1.547587893324882,5.66453166200247,6.322977114703434,5.565424199822248,4.569020716608439,13.07153001746254,14.239097813149971,13.132908833592179,17.300502691604766,2.9451977354536463,3.9112350782639855,0.9632417081888611,1.117965553474527,3.7,0
2021-10-03,West Ham,Brentford,P Bankes,1,2,A,0,1,A,18,13,5,6,11,6,2,3,0,0,16,13,5,1.9302687033020414,1.364971249627425,1.1328903654485052,0.3289036544850499,4.473863468988221,5.148088840289854,2.8073089700996676,3.4019933554817277,12.133248546577004,12.827410131366,10.345514950166114,8.60797342192691,2.301452308477143,5.863787375415282,1.8896442718116837,1.263157894736842,4.09,0
2021-10-03,Liverpool,Man City,P Tierney,2,2,D,0,0,D,6,12,4,3,3,4,3,3,0,0,10,12,6,1.6343859914532501,0.5923340312926031,1.6619047615519513,0.8065762563663362,9.185787164361644,3.1035399767435154,7.600771703461558,3.476489118487418,20.71269891905538,9.0311195705332,15.933945242607637,8.572464422599069,2.798106613278306,3.782290178070918,1.9632319569279546,1.3009831183644431,3.83,0
2021-10-16,Norwich,Brighton,P Bankes,0,0,D,0,0,D,15,11,3,3,8,4,3,5,0,0,5,14,8,0.7308970099667775,2.6710963455149503,0.9023142337632561,1.014937386763657,5.3754152823920265,9.136212624584717,5.404534167835432,5.54300043671281,13.196013289036543,12.897009966777409,8.680197610014833,10.792169765309296,2.32890365448505,3.325439674444952,0.7894736842105262,0.9792883571483976,4.09,0
2021-10-16,Southampton,Leeds,D Coote,1,0,H,0,0,D,19,3,5,0,8,1,2,3,0,0,16,14,5,0.9504202599983617,1.0688285656087975,1.4491637112295732,1.5740192675978941,5.3427438984384095,5.678785720580006,5.612117833951286,5.362956177870127,12.8101931996332,11.134789067999613,14.045605072288765,16.489776044405392,2.6395279917453704,3.6458609414659264,0.6002623042461382,1.2996438889802604,4.23,0
2021-10-16,Man City,Burnley,M Atkinson,2,0,H,1,0,H,15,7,6,2,6,2,1,0,0,0,11,5,1,2.7755317644776856,0.5929667116532188,1.2799896369656116,1.7424593835159905,8.245929252101462,2.6752511536335604,4.894613826968379,7.061501283932578,19.525413027241104,6.304846437720948,10.329949459883611,18.450119315504338,2.6195081358013392,2.727197674016465,2.710010665101397,1.3112809782640589,2.48,0
2021-10-16,Brentford,Chelsea,A Taylor,0,1,A,0,1,A,17,5,7,1,5,5,1,1,0,0,13,8,2,1.7441860465116277,1.5348837209302326,1.7190229701526294,0.6495037720831077,1.6710963455149501,7.740863787375415,6.449224559462676,5.899816786154916,9.279069767441861,13.667774086378738,16.0791363168528,10.253610862937547,2.4485049833887045,2.894141161003405,1.8421052631578945,1.9527451576635437,3.72,0
2021-10-16,Aston Villa,Wolves,M Oliver,2,3,A,0,0,D,14,9,5,4,6,7,2,3,0,0,8,17,5,1.6314043743785014,0.8840316563582806,0.7959566776686511,0.8034114954348289,4.743471369035312,4.590712555372784,5.661158615536201,5.7694021846319785,11.567101056637778,12.7933584365619,11.183458309460095,13.311773020746802,4.091982713762647,2.2234905348605967,1.8917396389352286,0.891154510152556,3.43,0
2021-10-16,Leicester,Man United,C Pawson,4,2,H,1,1,D,22,18,11,6,4,3,0,3,0,0,5,17,3,1.594533826165101,1.6577421512214623,1.5230293532741146,0.6488697313519446,6.278181831602166,4.913274367530594,6.359743813108367,4.557283890199703,13.695024941808597,12.471800772290557,13.265143009906616,12.415700451553706,3.303778455822691,3.814889299075606,1.427904463447484,1.5769690730742039,3.87,0
2021-10-16,Watford,Liverpool,J Moss,0,5,A,0,2,A,6,19,2,8,1,9,0,0,0,0,4,10,0,1.2093023255813953,1.5980066445182723,2.6362759091887864,0.9992336210397134,4.521594684385382,6.119601328903655,8.677656562252842,4.013085141884564,11.501661129568106,15.604651162790695,19.42515165212456,10.752263642313077,5.863787375415282,2.174093158523683,1.105263157894737,2.8652834088137413,2.53,0
2021-10-17,Everton,West Ham,S Attwell,0,1,A,0,0,D,15,16,2,4,7,9,0,2,0,0,3,3,2,1.6843856103904662,0.943477341102264,1.831668933591141,1.1502010706888324,5.625884716149088,6.236935576431553,5.128234583514601,5.041689376128441,13.087737119344677,10.656889721407255,14.84942894632897,13.304251206333475,2.977844464056054,3.4412314247402813,2.0312088019144463,1.8585437577381982,3.99,0
2021-10-17,Newcastle,Tottenham,A Marriner,2,3,A,1,3,A,7,14,1,4,2,9,4,1,1,0,13,4,6,1.5754932651336941,1.922397591636505,1.3314281138133508,1.9579539018734982,4.4553001413305955,4.833573685953767,4.1403614402755125,6.091474391831193,13.9959409852694,15.722590336806851,8.921575114737152,15.44240169931492,3.680785048517928,3.6232977926446477,1.547219444361254,1.1641977283555798,3.02,0
2021-10-18,Arsenal,Crystal Palace,M Dean,2,2,D,1,0,H,17,9,6,6,6,4,1,1,0,0,7,4,2,1.4900273661803645,0.952557707652281,0.8193796478836127,2.22743746896115,6.7389270103749785,4.306280680996226,3.978309509826399,7.728528676920942,14.84028762858813,11.015530053186001,9.27201528692074,16.249062641052845,2.762541333470005,2.557463428058026,1.7084769834690152,0.6887995328378456,3.51,0
2021-10-22,Arsenal,Aston Villa,C Pawson,3,1,H,2,0,H,22,10,9,4,7,4,2,5,0,0,17,10,7,1.583676600174207,1.144905613845638,1.1576452488201985,1.63066695370962,6.603233555648442,4.2500365822735615,6.012499481252406,4.648163943284225,15.236888143629256,10.64540657389516,13.292137815996046,17.245319638602304,2.622511443565431,3.7438996931697286,1.8056599817831482,1.0786401982389062,3.87,0
2021-10-23,Leeds,Wolves,R Jones,1,1,D,0,1,A,18,8,4,4,6,3,2,3,0,0,15,14,5,1.2776921718187697,1.220654754828967,1.2006979424687063,1.0231479860363981,5.773306972607569,5.743566193942683,5.907017827931967,5.811748199570315,14.89740306529673,14.993129913054581,10.782497190023346,13.438156134558657,3.892470293451139,2.733357079344473,1.1503728809621645,1.5941656484268754,3.98,0
2021-10-23,Brighton,Man City,K Friend,1,4,A,0,3,A,10,23,5,14,7,6,2,3,0,0,10,6,5,1.1706288101866003,0.8225857017063055,1.7239911520715325,1.0257315835537248,5.83489131394814,4.65819131269166,6.939541101163905,3.38898865671062,15.85339535422607,10.144376469910627,15.21153204999263,8.100067853299981,3.219959572043937,4.189541101495435,1.00283305961993,1.5340095093434842,3.26,0
2021-10-23,Southampton,Burnley,C Kavanagh,2,2,D,1,1,D,16,9,4,5,6,2,1,3,0,0,10,11,4,0.9595248753538779,0.8725533739572344,1.0449377124651271,1.7897530613656916,5.830711255770606,4.81959314886916,4.363059093191336,6.866571643533629,13.946863340308326,9.640950547266197,9.718451517688928,17.816553885405956,3.0729951638586406,2.41002234263428,0.7335200767363387,0.8741483682341198,3.7,0
2021-10-23,Everton,Watford,G Scott,2,5,A,1,1,D,15,20,4,8,3,5,4,3,0,0,9,13,7,1.3750721066797802,0.9538569249427185,0.8086633663366336,1.1804455445544555,5.878221479375057,6.74433312991349,4.167326732673267,6.523514851485149,13.438897048509753,11.63807606661771,8.67128712871287,15.477722772277227,2.7982772109309453,3.5725247524752475,1.3540788657568232,0.8307692307692308,2.89,0
2021-10-23,Crystal Palace,Newcastle,D England,1,1,D,0,0,D,15,6,3,2,3,7,3,4,0,0,13,9,7,1.3578202786627716,1.3803422557416718,1.1261942097803606,1.7988334148934415,4.100626877759346,4.614649572591332,4.291051645228043,5.098587814143304,11.969272766313065,10.880902507659716,10.968643173778082,15.035535081330805,3.7170555305287136,3.106393698629,1.5737106728273085,1.0916561325300382,4.1,0
2021-10-23,Chelsea,Norwich,A Madley,7,0,H,3,0,H,23,3,13,1,5,0,0,2,0,1,14,16,3,1.8012860684499725,0.734642667610002,0.0,1.6618811881188118,5.457184781423513,5.587200713006485,3.7881188118811884,7.429455445544554,13.948942314433957,9.727215796563492,8.3759900990099,17.08094059405941,3.5540295072965282,4.496039603960396,1.9929425771975013,0.0,3.43,0
2021-10-24,Brentford,Leicester,S Hooper,1,2,A,0,1,A,15,10,5,6,9,2,1,1,0,0,13,7,2,1.1695544554455444,1.3586633663366336,1.5238998993643942,1.7710166123398512,2.767821782178218,6.837871287128712,5.752220029950971,4.751598241891892,11.822772277227724,10.812128712871287,11.124309789416932,12.126256969936158,2.3007425742574257,3.3033562025998853,1.0769230769230769,1.5650084889684586,3.87,0
2021-10-24,West Ham,Tottenham,P Tierney,1,0,H,0,0,D,13,7,4,4,2,4,2,1,0,0,11,4,3,1.7594380631946092,1.481585263973716,1.6378376515853446,1.9656750708556154,5.672295789740241,5.3045302299779875,5.0327650682829255,5.340133207441426,13.210594159282257,12.859103810439745,9.854155745266315,13.892074486092767,2.7970022800788494,4.059745410398629,1.5930697549983142,1.7761863500201702,3.83,0
2021-10-24,Man United,Liverpool,A Taylor,0,5,A,0,4,A,12,19,4,8,6,3,6,0,1,0,10,8,7,2.0718367233406143,1.2663343083397363,3.070340280092955,0.8157385529016871,6.464763728286497,3.2231921681295,8.736850358205901,3.4597748330896114,17.09961636766171,10.02288204264526,19.34707858719464,9.879577893460112,2.8340883206646805,1.774851816097051,1.7561832586697854,3.576919016015809,3.72,0
2021-10-30,Watford,Southampton,P Bankes,0,1,A,0,1,A,10,12,4,1,5,8,2,2,0,0,16,6,4,0.8108910891089108,2.718811881188119,0.805687665609663,2.231252037864227,3.3613861386138613,7.068564356435644,4.611108863918655,5.640959901241353,9.68910891089109,16.72326732673267,11.336352024345874,14.791176359435976,3.9319306930693068,3.37458159395278,0.6461538461538463,0.8086016797818983,4.09,0
2021-10-30,Newcastle,Chelsea,P Tierney,0,3,A,0,0,D,6,19,1,6,0,2,3,2,0,0,14,12,5,1.6534479001651832,2.1202839749455613,1.5869846098303648,0.5302316255051273,4.004419128876295,5.59867872674742,6.183095044115498,5.734578208298182,12.711235746422558,15.40626107749171,14.04461022549084,11.492489447810257,4.106675947891517,2.729944831127498,1.698159745744406,1.635135137868852,3.83,0
2021-10-30,Tottenham,Man United,S Attwell,0,3,A,0,1,A,9,10,0,4,10,2,2,3,0,0,12,14,5,1.5094861679846445,1.086747302785628,1.6106182408755323,1.2642572283670577,5.542499856795454,6.630938558481048,5.742774560941731,4.454946615661225,13.792937756299276,14.195190894295543,14.134632274205966,14.175720992963722,2.9552613932963316,3.665246448484529,1.3088586015792885,1.717991947862844,3.99,0
2021-10-30,Man City,Crystal Palace,A Marriner,0,2,A,0,1,A,14,8,3,3,7,1,2,3,1,0,11,11,6,2.6331163663469006,0.48407679355261046,1.0361838139917576,2.1856718067722194,7.8334962309639895,2.551250865975759,3.982292660401548,7.411108925751926,18.694385173192032,6.4325015201670945,9.222063541345795,16.38696162578078,2.3221084592174543,2.45509318394081,2.4733193530717292,1.1259053034422952,3.02,0
2021-10-30,Burnley,Brentford,J Moss,3,1,H,3,0,H,15,12,6,5,4,2,1,1,0,0,7,10,2,0.48916569476402616,1.378748337552039,1.4185643564356436,0.55,6.69929346766361,5.066249308058777,3.8591584158415837,5.90519801980198,13.404583308594196,13.534701335185698,11.220049504950495,11.702227722772278,3.687978170144636,5.579207920792079,0.3288011494580543,1.5692307692307692,2.53,0
2021-10-30,Leicester,Arsenal,M Oliver,0,2,A,0,2,A,16,9,8,5,7,6,2,0,0,0,8,11,2,2.0362635379939324,1.7205929460306333,1.055937132844157,1.1687509656810304,5.859826082137208,4.561928693161204,4.097139023328927,6.650847854124157,15.220115703468302,13.486976075252876,10.80213440724838,15.484270382641183,3.2479938552284384,2.8368063095359988,2.285346044448702,0.659687891772302,3.43,0
2021-10-30,Liverpool,Brighton,M Dean,2,2,D,2,1,H,14,9,3,6,5,3,2,2,0,0,8,5,4,1.7015258134106985,0.8508319014651269,0.7366170351101303,0.8285585450006598,8.049855172771103,3.2681621327507413,5.146611408430096,5.994193523882328,18.010920642382448,9.576312311477825,9.106196384129507,11.564878048307643,3.386088875680426,4.183856312348439,1.9754890634521824,0.6528298157464449,3.51,0
2021-10-31,Norwich,Leeds,A Taylor,1,2,A,0,0,D,14,13,3,6,5,0,1,4,0,0,14,23,5,0.49009900990099015,1.7910891089108911,1.183045369796527,1.4686087785965145,6.24009900990099,7.444059405940593,4.765167873119392,5.8472118370434,13.790346534653462,12.272029702970297,12.017236517939649,16.950743035582356,4.197277227722773,3.894529354519851,0.46153846153846156,0.8663906543825134,3.72,0
2021-10-31,Aston Villa,West Ham,C Kavanagh,1,4,A,1,2,A,9,21,3,9,3,6,1,2,1,0,7,13,4,1.699091727980975,1.2725992017441583,1.6789447413458913,0.9389829737448246,4.974215012865409,5.033143989331101,5.83922933384457,5.401305319584021,12.013868407120516,12.09676201493167,15.06071498539492,13.615651397326896,4.258727197034999,3.176569735104368,1.9278296417488723,1.5723370027665458,3.7,0
2021-11-01,Wolves,Everton,M Atkinson,2,1,H,2,0,H,10,14,4,5,4,3,1,1,0,0,10,8,2,0.8440774166751979,1.4173771341412522,0.9511397953361604,1.4149376848027069,4.641437869778311,3.944774771864435,3.424044819991363,6.901951394980491,13.494053807841313,9.215011323334599,11.47051178277764,14.926843966782238,4.633981770425537,3.123266918034218,0.8839021944641873,0.9060383397315446,2.48,0
2021-11-05,Southampton,Aston Villa,A Madley,1,0,H,1,0,H,9,14,3,3,10,8,2,2,0,0,12,12,4,1.150246700131873,1.0792173035075001,1.1287484604103888,1.8816692997831377,5.8617423274887175,4.302754314623355,5.643603037370798,5.079261673244923,14.323208685794766,9.523462627496237,12.688680302390463,18.116865044428597,3.2429175865470623,4.3407514366365145,1.155705130297382,1.0524252415738318,3.43,0
2021-11-06,Brighton,Newcastle,D Coote,1,1,D,1,0,H,14,6,5,1,2,5,3,4,1,0,16,10,8,1.1393521008567595,1.405014093016838,1.1030624794817498,1.6524051505618629,6.048458798076201,4.904148371428121,4.787608997934747,4.7139111525975474,14.780452602726147,12.500846048317396,10.057877822135499,15.029021407534565,3.546245660540141,3.8201019662986804,1.0018886503123592,1.061102273356594,4.23,0
2021-11-06,Crystal Palace,Wolves,G Scott,2,0,H,0,0,D,13,4,6,2,4,6,2,1,0,0,14,13,3,1.292230881210963,1.3106245207022087,1.1639094821680918,1.0189048993616456,3.8988790785533207,5.051890574777792,5.374153820256707,5.846255249325977,12.52481303317887,9.986220250704307,10.27245814252436,14.274354103890396,4.31882787955565,3.1488386835727113,1.3824624211282448,1.3960986664736132,2.89,0
2021-11-06,Chelsea,Burnley,A Marriner,1,1,D,1,0,H,25,5,4,2,14,2,1,4,0,0,6,9,5,2.754223994631755,0.5999807359525704,1.2200031397306266,1.8282918777587895,5.373381609479852,4.563052138817423,3.9299041511498625,6.7077267838722205,15.608024974914827,8.494099461531151,9.586757466363332,17.483574784199654,3.452474442586658,2.7014694257850365,3.662060869086137,1.2494545398740096,3.02,0
2021-11-06,Man United,Man City,M Oliver,0,2,A,0,2,A,5,16,1,5,1,9,1,2,0,0,9,12,3,1.6920636070424446,1.950725041916026,2.141189555383113,1.0210149166641989,6.379571315464929,3.1822804571491026,6.767320748150802,4.050896525887622,16.164843285374936,11.668411356627006,16.63917869378486,8.448330408924503,3.597710879749909,4.338100347525393,1.1707540627502255,2.3560551716986886,3.43,0
2021-11-06,Brentford,Norwich,J Gillett,1,2,A,0,2,A,19,9,7,5,6,2,2,3,0,0,12,13,5,1.1208799827454363,1.5427736711044884,0.0,3.1943099154918535,4.556910648810808,5.4490500186270845,2.7006529283739535,6.732024862257602,12.734867943765808,10.578988647281426,6.832689555106763,18.780141565851654,2.214407560636066,4.066567322209369,1.04739336492891,0.0,3.81,0
2021-11-07,Arsenal,Watford,K Friend,1,0,H,0,0,D,14,7,6,1,4,2,4,2,0,1,6,19,7,1.843292401544203,1.1183440340071817,2.0118821199584325,1.4157173388757085,6.67596188762384,4.204204219631845,4.406364581086645,5.512009568439835,16.47658432076124,10.527101852733407,11.923452481323894,15.340581557224366,3.4249166002595386,4.5564596772612305,2.203796971796851,2.4312796208530805,3.26,0
2021-11-07,Everton,Tottenham,C Kavanagh,0,0,D,0,0,D,12,8,2,0,4,2,2,4,1,0,13,17,7,1.4896230318729584,1.695525584104785,1.3376177057152265,1.7886642925163994,5.350635918068791,6.424592282989388,4.843456517098789,4.727878012449167,13.725051322189094,13.17083869923891,9.33098149626836,13.728554888367283,3.5684640405440895,3.865491291598745,1.5693987011900883,1.184089060877793,3.7,0
2021-11-07,Leeds,Leicester,D England,1,1,D,1,1,D,18,9,5,3,10,5,1,1,0,0,12,5,2,1.2267904669328857,1.1802081583750297,1.6111702990302132,1.6296872410205532,5.8148604002913284,5.24066330033825,5.064428237404093,5.530341449204994,15.466117237236666,13.71127082163135,10.918220850263973,12.653021619714048,4.0954833993153255,3.0644475853658952,1.1002456095881805,1.7100142731187518,4.1,0
2021-11-07,West Ham,Liverpool,C Pawson,3,2,H,1,1,D,7,16,3,5,3,2,1,1,0,0,11,6,2,1.6202310703627485,1.2100067913933548,3.4240519780121503,0.6662115323454915,4.999154320469635,5.065406410440178,7.685270610763639,3.925404782046741,13.171991696431876,11.785114683913694,19.283458170018744,10.268256838183978,2.8342122956304485,2.732635210205907,1.3953680925557175,4.051307524202204,3.87,0
2021-11-20,Watford,Man United,J Moss,4,1,H,2,0,H,20,9,7,3,9,3,2,1,0,1,7,5,4,0.5781063116409482,2.2253877374953435,1.8652955687007449,1.032515555864369,3.831787612007608,7.33595419697653,5.0567141476875,5.4713694737398155,9.778357287112017,15.367345738318855,13.37674331228508,13.226997732851617,3.95147153977373,3.9099102822888416,0.39810426540284377,2.145353351873459,2.53,0
2021-11-20,Liverpool,Arsenal,M Oliver,4,0,H,1,0,H,19,5,9,3,6,1,2,0,0,0,15,12,2,1.7562369162203888,1.0614774340085145,1.2289863374470509,0.9545158421248154,7.490808704401812,3.219007309071535,4.445938441184282,6.714848360055755,17.27570834769632,9.470672750200992,10.471798434283604,15.578804976871087,3.4986203981630632,2.6834175138214196,1.9836598610062448,1.1064851356973622,3.43,0
2021-11-20,Wolves,West Ham,M Dean,1,0,H,0,0,D,15,8,5,3,7,3,1,1,0,0,6,9,2,1.0559610640317663,1.3408708085612884,2.104400270128122,0.9501675550137636,4.523860622511167,3.7715950732575276,5.86869901946571,4.961139743731416,12.853584562283284,10.092112323001512,16.149401537365442,12.76959036599115,4.151165989646164,3.3275066666833295,1.2559568975464435,2.3816060750104935,3.51,0
2021-11-20,Norwich,Southampton,M Atkinson,2,1,H,1,1,D,8,17,4,5,5,7,3,2,0,0,8,9,5,0.6364777161232134,1.8510617438873749,0.8413056271677555,1.822257675460974,5.884100311758592,5.307072410344895,5.232301515369341,5.523470266863163,13.850532342503087,12.481010176271054,11.458000442389531,13.91294114125562,4.427717103586205,3.4892224314179137,0.6682464454976302,0.8724049099701361,2.48,0
2021-11-20,Leicester,Chelsea,P Tierney,0,3,A,0,2,A,4,16,3,7,3,5,3,1,0,0,15,8,4,1.6630110800582514,1.7718089933215335,1.8459940443367415,0.43303877506986593,6.068822957726163,4.825530943041473,5.41632272910716,4.68341495190535,15.363070544604765,12.664501568619677,14.95294619421671,10.485701697438488,3.0192333017631685,3.146051909421498,1.5235187746608416,2.090117119294596,3.83,0
2021-11-20,Burnley,Crystal Palace,S Hooper,3,3,D,2,3,A,15,18,9,8,3,6,2,3,0,0,14,15,5,0.9494082215353069,1.3093227719056473,1.2128538538531903,1.7850324205156831,6.204505881137482,4.504197751606495,3.435630578107887,7.33575157924295,13.697027380978604,13.253386547159993,8.998056082561618,15.94942528669839,3.378567335450342,3.104883919549898,1.2192536620269971,1.4172875113281223,3.87,0
2021-11-20,Aston Villa,Brighton,A Taylor,2,0,H,0,0,D,9,6,5,2,5,7,3,3,0,0,7,13,6,1.5709463769875227,1.772538935835574,0.9681984528198342,1.0432868423196866,4.612336212652992,5.210371237041672,4.753131895842715,5.811955238155129,11.461418407470333,13.728748935832366,9.086730307828171,12.011242301697822,4.21130182186806,4.150154967109673,1.61853472139369,1.1019132208187272,3.72,0
2021-11-20,Newcastle,Brentford,R Jones,3,3,D,2,2,D,23,10,9,4,8,2,2,2,0,0,13,11,4,1.3503665547057213,2.281538234283949,1.298405913609537,1.2533283661104686,3.2703985787022094,4.939031458593407,3.3254445991255066,5.358267484951275,11.48104859657757,16.065002866546592,11.443952079370993,12.648928452383288,4.270424594351614,4.551714672261328,1.1320728697955207,1.3507109004739337,3.98,0
2021-11-21,Man City,Everton,S Attwell,3,0,H,1,0,H,17,4,7,1,7,1,1,1,0,0,5,7,2,2.150459216409475,0.7619495012305463,0.9600959992585592,1.522181144756848,7.680714181350742,2.266902505463088,3.3463162900719996,6.3700160777801225,17.83389203382317,6.719828110999474,11.934173620639612,14.02374051963279,2.9962756443600806,2.9173691399464396,1.6488305914502255,0.9373607538057422,3.99,0
2021-11-21,Tottenham,Leeds,A Marriner,2,1,H,0,1,A,13,18,4,7,4,8,1,4,0,0,11,12,5,1.232793386373849,1.4374515503266276,1.3327953005180635,1.3827115579480997,6.3595713476196964,5.782075350330177,3.89170007883271,5.69191568079037,12.914379669444822,13.426201378160592,12.197379646962052,16.40986408243234,3.3300673535994907,4.097165029078808,0.8725464827202628,1.2442828842597196,3.02,0
2021-11-27,Arsenal,Newcastle,S Attwell,2,0,H,0,0,D,24,9,6,5,4,4,1,3,0,0,6,12,4,1.6889438103047771,0.913652487096597,1.0841988581701847,1.532994830105785,6.186178098740165,3.800766674740911,4.826483120244721,4.21718147451039,16.02329279305961,9.881533125764589,9.315160676669208,14.840678663882029,4.079267434327232,4.585152584381863,1.8025154229279547,1.040734042279101,3.99,0
2021-11-27,Crystal Palace,Aston Villa,M Salisbury,1,2,A,0,1,A,8,10,3,3,7,3,3,3,0,0,12,10,6,1.4217745201763041,1.0707396977821841,0.9221525816748657,1.7202965492266453,3.9173873346950185,5.225423923182092,6.074896561321297,5.979908978025224,12.611786944920361,8.89055680009903,12.928692364185299,16.448196770469583,4.07744158824798,4.278383384806156,1.5883164330090997,0.7016029344059593,3.97,0
2021-11-27,Liverpool,Southampton,A Marriner,4,0,H,3,0,H,20,7,6,3,5,7,0,1,0,0,7,14,1,2.1669149567461212,0.8671942336955009,0.8703516055726696,1.854790018152528,7.217944603040841,2.812860340976,5.55584501029375,5.427659017884632,17.591307049797305,8.652401365776758,12.472357767085358,12.830690034091331,3.2243265152399267,3.7657414525306003,2.6557998588450866,0.9149382910591614,3.02,0
2021-11-27,Norwich,Wolves,S Hooper,0,0,D,0,0,D,14,5,4,2,4,3,2,2,0,0,11,10,4,0.9906315517853111,1.6300116117795054,0.9508780489737565,1.1984756465640856,5.654468922362352,5.746784182175918,5.488703027624242,5.508333436820565,12.330947005128534,13.654747927619908,9.12440430481152,14.041107889035993,4.5763587394768255,3.1215966011238345,1.1548872180451129,0.9307140140931498,3.87,0
2021-11-27,Brighton,Leeds,C Pawson,0,0,D,0,0,D,20,11,4,4,6,1,1,3,0,0,12,14,4,1.113846356450538,1.3308839875222422,1.2718834676686221,1.4956944346402439,5.307465625328911,4.921692184002483,4.643646027900978,5.3822427828160855,14.637605638210234,11.310990160152391,13.259438637827607,15.785753493415298,4.361420452537926,4.262411752075718,1.0012590752757282,1.1628520313380823,3.87,0
2021-11-28,Brentford,Everton,D England,1,0,H,1,0,H,6,14,4,5,3,3,4,3,0,0,8,11,7,1.089483275812018,1.6615311421475343,0.7843687370790248,1.7926677019654216,4.931730800245138,4.553212592329774,2.9168678409794033,6.48532261999498,14.362139147824404,10.168870754443118,10.481974456088565,14.568488055738252,2.9379221365674293,2.749462214498073,1.0300751879699248,0.6248947948869142,4.1,0
2021-11-28,Leicester,Watford,A Madley,4,2,H,3,1,H,18,16,8,5,8,6,0,0,0,0,5,19,0,1.35862861799347,1.9966059336314679,1.4893268393381287,1.3077411863368062,5.507133442415841,4.857464176528587,3.7813485791697574,5.119288455955876,13.283277192379208,13.275000943477238,10.644661806921908,14.992386220688319,3.1987439411691407,5.191131503402897,1.0156590707822073,1.5428571428571431,3.43,0
2021-11-28,Man City,West Ham,M Oliver,2,1,H,1,0,H,19,5,9,3,8,4,2,0,0,0,7,6,2,2.305951454816371,0.6224891765612349,1.7192299347813773,0.9592884336882985,7.55612243270485,2.0350201635875376,5.343638374387379,5.334314229488496,17.68126400061583,6.222015446522202,14.65780900738006,13.177824312206857,2.813926388145338,3.084531888909552,2.099238231401179,1.5877059432056566,3.43,0
2021-11-28,Chelsea,Man United,A Taylor,1,1,D,0,0,D,24,3,6,2,15,2,2,5,0,0,13,14,7,2.433146748122714,0.6731966332632688,1.706919717347035,1.575656988940873,6.95231958318708,4.093934326092853,4.680271847606937,6.117217995243592,17.327046884069052,7.854571192866324,12.57566392009472,14.466666626442366,3.7357194822151056,3.9263994869685144,2.7746721035739097,1.7635537811734874,3.72,0
2021-11-30,Leeds,Crystal Palace,K Friend,1,0,H,0,0,D,15,9,3,1,7,4,5,3,0,0,15,15,8,1.1852807971984933,1.147224491826981,1.5399568723217731,2.0074090646685114,6.580870387067555,5.196614473024948,3.904989494376696,6.542174942011521,15.929896151978712,12.848962548801392,10.645690235945011,15.775651094946344,3.7119451271126325,3.451748775342534,1.0668290830265568,1.9448792346403951,3.26,0
2021-11-30,Newcastle,Norwich,A Madley,1,1,D,0,0,D,9,16,1,6,2,5,0,0,0,1,8,11,1,1.6523004958587124,2.413038958344309,0.5194690836370675,2.6243718349837115,4.1360619182088145,4.4010978018788816,2.5186691610489307,6.541892720059349,13.589372967125646,14.954919760615184,7.39561494048963,18.837246395510117,4.220928529762117,4.309012031093766,1.7547399054700215,0.7308270676691728,3.43,0
2021-12-01,Southampton,Leicester,R Jones,2,2,D,2,1,H,15,15,7,6,2,4,1,3,0,0,14,11,4,1.1227469071048497,0.8816871584088751,1.4993072317359357,1.514435000641071,6.619171471600814,4.979464625256953,5.052635877291336,6.348427203770281,13.348896857511525,10.342807419185764,10.56712710699986,13.631684037249826,3.3814870836214173,2.8696207554921975,1.1038013646986835,1.4733334756825893,3.98,0
2021-12-01,Watford,Chelsea,D Coote,1,2,A,1,1,D,13,8,6,4,6,0,4,3,0,0,18,16,7,1.466890300938619,1.9071122149469408,2.057212825879616,0.35377928599859293,5.174150888623682,6.209757120278683,5.340122793449048,4.375297950231694,12.43327097377673,13.713526110376415,15.14458942446353,9.29861769387616,3.964076057155759,3.3023508213185244,1.7142857142857142,2.3934234244381964,4.23,0
2021-12-01,West Ham,Brighton,C Kavanagh,1,1,D,1,0,H,14,9,6,3,9,5,1,1,0,0,10,8,2,1.872771458649737,1.35459998186189,0.7909881910419688,1.218394939864235,4.633247249008224,4.504342228951824,5.16437825113114,5.663342317026908,12.042326325628986,12.556569056776986,8.521763193601963,11.460091827323172,2.6815256446071642,4.4887338210339305,1.9302665781554613,0.7345942672669206,3.7,0
2021-12-01,Wolves,Burnley,J Brooks,0,0,D,0,0,D,16,6,2,1,5,5,2,3,0,0,5,7,5,1.045718458522994,1.0954499794911758,1.1797357607959986,1.6766888463155774,4.977070711832524,3.6303693105843435,3.5766720024768293,8.04243832139023,13.246444972764245,9.709191062026532,8.747238988556926,18.859313070339624,3.7574360812347383,3.1221716109359736,1.1706345527512054,1.1662997334753826,4.49,0
2021-12-01,Aston Villa,Man City,M Dean,1,2,A,0,2,A,9,17,3,7,4,11,0,0,0,0,8,12,0,1.649476459977576,1.4481094886328403,2.115347499968883,0.8341376084695772,4.683290675591331,5.537928651170341,7.175970104627134,3.4924881020411407,11.01090271095967,12.314148842075436,16.522189223993248,7.817179292454173,4.5386889101919206,4.093186598511013,1.7456948500741578,2.2373654140988144,3.51,0
2021-12-01,Everton,Liverpool,P Tierney,1,4,A,1,2,A,8,16,2,7,3,11,4,3,0,0,8,16,7,1.2169759452558244,1.3851919621751199,3.1634064222649347,1.0933670024691124,5.103427771938758,5.614755049263941,6.6446902521840885,3.7560270855637787,13.409313577003639,12.224415291068315,18.68248377251682,9.67006475456199,4.19654125333478,2.5985403074407305,1.0462450827968108,3.367511269681309,3.83,0
2021-12-02,Tottenham,Brentford,J Moss,2,0,H,1,0,H,11,6,6,2,11,5,0,0,0,0,13,11,0,1.3732159252060807,1.3573843869029116,1.7403686739992903,1.7069993226461957,5.9276968130370165,6.188024158270184,2.9811808534657933,6.044416669354579,12.930050838043572,14.263347986621683,11.06890784762765,15.337459278134375,3.6357166763784696,4.4084153146469705,1.2483792055891219,1.9533834586466166,2.53,0
2021-12-02,Man United,Arsenal,M Atkinson,3,2,H,1,1,D,14,17,10,8,3,8,1,0,0,0,9,10,1,1.3823636339888954,1.9597438832452212,1.0040438270080894,1.511933635228675,5.394943382741273,4.247103066745501,3.815225128790352,6.584009000988393,14.121331652457354,12.461226047840931,9.47029008637102,16.204989478484435,3.488311302463382,2.5583309717234144,0.7804872531039841,0.7376421501644342,2.48,0
2021-12-04,West Ham,Chelsea,A Marriner,3,2,H,1,2,A,11,19,5,7,1,9,1,3,0,0,10,10,4,1.713220782767856,1.289775833210997,2.0467537933943794,0.4719143953287143,5.4315299448100465,4.594953043035034,4.363899072401624,4.672308476387364,12.400207137159295,11.906395416008236,13.838492553084087,9.975264532846978,2.5569364681964966,3.9783152101465475,1.62016953176835,2.2622788205552014,3.02,0
2021-12-04,Newcastle,Burnley,P Tierney,1,0,H,1,0,H,19,10,4,1,10,3,1,1,0,0,11,9,2,1.533053946305685,2.1547223983595694,0.9640691780593984,1.3701746540582636,3.745570089680152,4.510582649888465,3.836869493762533,7.486252523039602,12.750393241652297,15.14597007154379,8.24501835211283,18.336604257615182,3.6321130743554573,3.4654559675633934,1.5031532947365664,0.7775228913900684,3.83,0
2021-12-04,Southampton,Brighton,A Taylor,1,1,D,1,0,H,14,14,4,4,6,2,4,2,0,0,15,12,6,1.2831168670797477,1.0861250647529894,0.8291974783141959,1.1784703296822865,5.774744304552511,4.800409454039608,5.134328390072633,6.273314129497093,13.650733747024724,11.194185195826831,8.609189294600323,11.924410477540555,3.494556951880572,4.033770314493077,1.40254213031249,0.823065180602239,3.72,0
2021-12-04,Wolves,Liverpool,C Kavanagh,0,1,A,0,0,D,3,17,1,5,2,8,2,2,0,0,4,7,4,0.8545514752469504,0.8951916152992357,3.316343447694909,1.0762986529013356,4.9812623972827685,3.8807504384719524,7.440881061418433,3.6178183583062125,13.749820239358211,9.031116710423715,18.192100987074475,9.36476150739908,3.9845882309763803,3.4031677524091375,0.7804127327578169,3.5783464128010953,3.7,0
2021-12-04,Watford,Man City,S Hooper,1,3,A,0,2,A,11,26,4,13,5,11,3,0,0,0,10,7,3,1.3543884938468613,1.9294944397526643,2.0942609126396032,0.86445878408754,5.373147349308723,4.7134551062342585,7.875038054607058,3.585265959904076,12.569829903044043,12.336795835639364,16.60953744270501,8.033409831922077,4.6956117713834455,3.3449143196335007,1.4613890237979603,2.158241520416164,3.87,0
2021-12-05,Tottenham,Norwich,J Gillett,3,0,H,1,0,H,17,10,7,1,6,4,1,2,0,0,11,4,3,1.4877978375432293,1.10924199611377,0.6352577310893853,2.2329634753385466,6.854960638792516,5.970842379996564,3.116570215779136,5.447479026743513,12.577219735875477,12.752731727065717,9.468926093371135,16.466865185883606,2.971074120435299,3.5116730578102784,1.4989260851858188,0.8261291889266634,3.81,0
2021-12-05,Aston Villa,Leicester,M Oliver,2,1,H,1,1,D,13,12,4,5,3,6,1,1,0,0,8,25,2,1.530746170241577,1.5490001665173532,1.5908384897691585,1.603200762931418,4.558378835230456,6.536445693385596,4.860204326036002,5.553494587094119,10.643291140385749,13.170765671050821,11.377497174864882,13.881824820971733,3.7089746979982134,3.076264511628647,1.497123337408857,1.648893618825238,3.43,0
2021-12-05,Leeds,Brentford,D Coote,2,2,D,1,0,H,13,9,6,3,5,1,5,3,0,0,11,9,8,1.1514097578468077,0.9375012690460438,1.3210097358564579,1.7776007157681868,6.657491147706246,4.977862305949567,3.4676351698650496,7.238513181470169,15.759902555055067,12.145336679716042,9.847504679274673,14.292305832033593,4.4958411246355565,3.3461643141191897,1.0445521338746426,1.2617775619232638,4.23,0
2021-12-05,Man United,Crystal Palace,C Pawson,1,0,H,0,0,D,16,8,3,2,9,6,2,2,0,0,16,9,4,1.678082487957241,1.9671030728394152,1.2584385465644092,1.8232453920776777,4.9571256337438685,4.933167254891801,3.922358291485999,6.625869587057239,14.099151106836185,13.290955806490933,10.344842875693955,15.633854917698898,3.0334250362158897,4.283211066853974,1.5203443686801388,1.2965690401180405,3.87,0
2021-12-06,Everton,Arsenal,M Dean,2,1,H,0,1,A,11,10,5,3,3,3,2,2,0,0,8,12,4,1.1773107403816465,1.8632029988579364,1.1861138053222673,1.7839658974014938,4.718901766470203,6.5992275170148025,4.580240589020895,5.928819085223822,12.420441142284929,12.91462701395315,10.84679053675541,15.801897055928697,4.709039380312275,2.273453691053858,1.030829648208531,1.1584392097489784,3.51,0
2021-12-10,Brentford,Watford,M Oliver,2,1,H,0,1,A,14,6,5,2,8,2,4,0,0,0,12,18,4,1.0679214009709608,1.261168882201156,1.6123785568234172,1.956467409792113,4.466261276878542,4.178950751628684,4.315954446218843,5.813424217104744,12.347199528406914,11.092019002459299,11.935083182344746,15.717100322751278,3.9167197240625518,3.9402773438504175,1.0194269062651773,1.704711024769306,3.43,0
2021-12-11,Man City,Wolves,J Moss,1,0,H,0,0,D,24,2,10,1,14,1,3,2,0,1,12,5,6,2.2500207057993054,0.6915016384554007,0.777048767675165,0.9793832397923212,7.637267347755479,2.394236608954476,5.033745150402817,5.232596166868728,17.922341109549972,5.9986197471115466,8.370425141170116,14.033592987609316,2.665133134127159,3.282176847646171,2.0661579475676954,0.6204678184557239,2.53,0
2021-12-11,Arsenal,Southampton,J Gillett,3,0,H,2,0,H,15,11,5,6,9,8,2,0,0,0,5,9,2,1.7458077519601294,0.7466283819970213,0.7112433011617556,2.246954197125391,5.786524569978127,3.837188364964903,5.819849867925437,5.349479003318118,17.48150847319675,9.72038073628842,11.471960272698077,14.141306048548438,4.064776615915389,3.2601383949460985,1.8683453532888574,0.6099508086038866,3.81,0
2021-12-11,Chelsea,Leeds,C Kavanagh,3,2,H,1,1,D,16,12,6,5,5,2,2,5,0,0,9,15,7,2.171154298627794,0.7329393041842314,1.039371433849973,1.2222676909096264,8.423509820973239,3.7111438101228953,3.9775539133337445,5.495174502289464,18.546924286364085,6.967110784689323,12.84639240653041,16.556156640533207,4.3324600810499865,4.214440462469384,2.183099117349842,0.7752244536407452,3.7,0
2021-12-11,Liverpool,Aston Villa,S Attwell,1,0,H,0,0,D,20,4,5,0,11,3,1,2,0,0,13,6,3,2.5020198169034447,0.7086631259974493,1.1191930352632222,1.5886196937044719,6.81248386417661,3.578308106239387,5.512777097212452,6.166391029430657,18.031638346596726,8.350327149067489,12.393300376368934,14.903788447588695,2.8176991039384927,4.593110787772127,3.10387840247263,1.1344133830805105,3.99,0
2021-12-11,Norwich,Man United,D England,0,1,A,0,0,D,11,13,5,5,8,6,1,1,0,0,6,17,2,0.7519291424315309,1.2372442924818363,1.5776882701232173,1.470421579657737,5.255808373688012,5.084919535245775,4.1902934224480015,7.74107250895893,12.73312172942129,11.569301346649075,10.825144198892428,16.20944793314507,4.437479436150293,4.488282021491079,0.7459932005828074,1.5090291343038882,4.1,0
2021-12-12,Burnley,West Ham,G Scott,0,0,D,0,0,D,9,16,1,3,6,4,2,1,0,0,13,11,3,1.3247299386924887,1.6187689947330948,1.5877480662216685,1.1495401108684995,5.617982194375555,4.777975825960698,5.098008881523345,5.82162618516567,13.935511669229308,14.122163614595195,12.892272406252491,14.242171750341006,3.6753396615196285,2.8862694524193873,1.8128592827304624,1.391798789910325,2.89,0
2021-12-12,Leicester,Newcastle,P Bankes,4,0,H,1,0,H,8,12,5,3,4,6,2,3,0,0,9,16,5,1.8414956790981,1.99722640028138,0.8859973027721187,1.618367684314641,5.962852451331681,5.066330267470825,4.67539437973524,4.177478696992018,14.145537643778088,13.773155915133088,9.25754639692207,16.515087119055217,2.6139840332590127,4.478181292634313,2.010465644826353,0.6938135356591849,4.09,0
2021-12-12,Crystal Palace,Everton,A Madley,3,1,H,1,0,H,17,12,6,6,8,2,0,2,0,0,15,14,2,1.3446702460883357,1.24061705550242,0.640978894410258,1.6477607319391756,4.48091737381015,4.818595895582822,2.9320651667257986,5.848173485275421,11.768709737487784,9.093373254100186,11.125101987056617,13.002089375957965,4.4289030057558305,3.526499742269101,1.3922057777398797,0.41659103040970785,3.43,0
2021-12-14,Norwich,Aston Villa,D Coote,0,2,A,0,1,A,7,17,3,6,7,10,3,1,0,0,12,9,4,0.5808616387768387,1.1832700725972984,0.9147967873525892,1.4811211183481625,5.880125193681524,5.293104750999579,5.053873052670035,7.049144501193633,12.33882818359187,11.894792185213241,10.860446748385774,15.834500565205396,3.8829411175482234,4.302163777500577,0.4872323552735926,0.7562689330203716,4.23,0
2021-12-14,Man City,Leeds,P Tierney,7,0,H,3,0,H,31,6,15,3,6,2,1,1,0,0,5,9,2,2.02173163141645,0.5652139151842339,1.2148093327381284,1.5469318036398485,8.799281977583284,2.1396096388153025,3.6163967338384824,5.4047416572484135,19.03229322160589,5.268358882917781,12.691817255770845,16.4545867352587,3.2741739815852458,4.723162282444818,1.710765709805617,1.1834901549563095,3.83,0
2021-12-15,Arsenal,West Ham,A Taylor,2,0,H,0,0,D,21,7,8,1,5,2,2,0,0,1,8,9,3,1.974858667736835,0.6102729588881862,1.2977804403181115,0.9396016301228308,6.373395913843309,4.5974353037423485,4.897481458206116,5.854202280020539,17.02831496224842,9.95407534304167,13.459831209494093,13.284803179493158,3.6876901082536766,2.9070398615140363,2.245570208373466,0.9278576941381373,3.72,0
2021-12-15,Brighton,Wolves,T Harrington,0,1,A,0,1,A,12,8,2,5,7,4,2,0,0,0,11,14,2,0.9102249648032947,1.0875861142644907,0.6351377232421277,0.9831484423067666,5.434067299175067,4.204770666511158,4.297069395825646,6.833771648619174,15.617900807454655,11.254138289306736,7.207005645672185,15.853740302950476,4.295349458913576,3.7785280911965033,0.667497238397819,0.4136415719662622,3.69,0
2021-12-15,Crystal Palace,Southampton,S Hooper,2,2,D,1,2,A,9,15,6,4,4,6,2,4,0,0,16,20,6,1.6469801962881252,1.196673587505023,0.5813501928876815,2.384481622478087,5.1236012203116905,4.303840703867441,6.21800683713237,6.016167207346545,12.724091041426519,9.624205364576007,11.385767001418758,14.29812780873655,3.985316738442624,3.03000154485881,1.9281466182256035,0.4066302937692302,3.87,0
2021-12-16,Liverpool,Newcastle,M Dean,3,1,H,2,1,H,23,4,8,2,11,0,1,3,0,0,9,4,4,2.2277085898055424,0.5792412305579087,0.7241891797408931,2.05332098896446,7.577242542313159,3.4726927178950215,4.917304765354981,4.145066075928212,18.391116759891332,7.555834583051807,9.758395856199032,14.959991793289797,2.8509923947039724,4.573480121803706,2.4025732580145855,0.4625382864429978,3.51,0
2021-12-16,Chelsea,Everton,M Oliver,1,1,D,0,0,D,23,5,10,3,7,1,2,3,0,0,11,11,5,2.3225249256059115,0.9643403618568868,0.7065462850132667,1.8947178018641584,7.7982802671388916,3.3986406373861504,2.761843751041108,6.2411577622557335,18.081784000959384,7.886258455687341,11.284883066384044,13.732220734257618,4.819628186467105,3.2477177896250056,2.4554042043936386,0.6110641098499353,3.43,0
2021-12-18,Leeds,Arsenal,A Marriner,1,4,A,0,3,A,9,21,2,12,1,4,3,1,0,0,11,7,4,1.3063862954455203,1.1315435362638002,1.1521241696708135,1.8234198241152981,6.354786465974049,4.2513923365845345,4.291644040422828,5.393934027001485,15.255866424487518,11.570909395509037,10.692142676175818,14.924935075143939,5.135799472874192,2.5887697949550463,1.3630403616104618,1.10562521025631,3.02,0
2021-12-19,Newcastle,Man City,M Atkinson,0,4,A,0,2,A,5,18,1,7,3,6,1,2,0,0,9,6,3,1.4357032452863445,1.7612092512641577,2.259674442932816,0.8892124370293099,4.887805580976569,4.2347076077215995,8.445744337059583,3.843636339701024,13.891747889220111,14.20617064343478,18.324501039136763,8.575192956314995,3.334043145350149,3.2819232264418283,1.3354325777811296,2.438832618946159,2.48,0
2021-12-19,Wolves,Chelsea,D Coote,0,0,D,0,0,D,4,8,1,1,4,9,0,2,0,0,9,7,2,0.6984862481738628,0.9143325855406848,2.0382152306582806,0.9336142055586495,4.4367997095764045,4.633041712680814,5.210581999009766,4.001641263409707,11.786599549620949,10.486459795224146,14.781129544623516,10.162410161874027,3.98740285514115,3.9822754650294185,0.520270576423885,2.174851008224615,4.23,0
2021-12-19,Tottenham,Liverpool,P Tierney,2,2,D,1,1,D,10,18,5,6,6,4,4,4,0,1,12,11,9,1.7639686484309287,0.9066630889128041,2.8933137337279446,0.8797361303043626,6.698820686903547,5.610910915984355,7.542991965955085,3.322359048053305,13.384944286366126,12.250005192152585,17.97438968865554,8.202376351336675,2.9763568027467993,3.512166171981103,1.9992928637190932,2.7188824811559886,3.83,0
2021-12-26,Man City,Leicester,C Kavanagh,6,3,H,4,0,H,17,14,9,8,14,4,1,2,0,0,11,9,3,2.9301681123606373,0.46207344502980047,1.4829346996052049,1.675667506982899,8.288467838889153,2.1141336139003686,5.068363197475208,5.087154379268042,21.216165328490636,5.4018690580442685,11.491183766688126,13.720778710924508,3.0416621838592253,2.879708224192023,3.4738644946745088,1.4325919387693458,3.7,0
2021-12-26,Norwich,Arsenal,G Scott,0,5,A,0,2,A,4,16,2,6,3,5,1,2,0,0,13,7,3,0.4544864730063239,1.3609619239349127,1.6718057348103712,1.6731618323847688,6.123770762338353,6.3171604428325985,4.2384247147147125,4.592127119567552,11.177285999221642,13.005506752705058,12.573124764731627,13.84375046013734,3.908409033979933,2.8462916693006735,0.32048406447238037,2.0704281278001107,2.89,0
2021-12-26,Tottenham,Crystal Palace,J Moss,3,0,H,2,0,H,17,4,6,0,4,2,1,1,0,1,16,10,3,1.8070397475635205,1.1061756628556667,1.0286121367857062,1.6728975396977523,6.57129959751674,5.316951222516124,4.301794328293558,7.059452832455022,12.76725824615502,13.299266634475046,9.916608361511955,15.700723347590149,4.075553716900515,4.231488729770179,1.9995285785785983,0.8643717529976698,2.53,0
2021-12-26,West Ham,Southampton,K Friend,2,3,A,0,1,A,11,11,5,6,10,2,2,3,0,0,10,9,5,1.9482229991904894,1.4194828187740247,0.8402259993022619,2.3143212562117976,4.622207455584801,5.399438990950205,6.178224858885453,5.648256177399782,12.144489779996025,13.201887896256366,12.0452937411308,13.331323244214731,2.82048061304362,3.571968097330107,2.0801211167618168,0.9377597614334676,3.26,0
2021-12-26,Aston Villa,Chelsea,M Atkinson,1,3,A,1,1,D,8,10,1,4,2,5,3,1,0,0,8,11,4,1.6164451686254966,1.4487372354564318,1.6662808682540937,0.7632478973038541,4.273774860126613,6.438475563585739,5.902076570770989,4.001341764980569,11.073692718259766,12.956950803726276,13.543706206978666,9.037890994342614,3.3968676663788746,3.6205490143066155,1.6647518420261285,1.44989216550888,2.48,0
2021-12-26,Brighton,Brentford,D England,2,0,H,2,0,H,15,16,5,6,6,9,1,3,0,0,8,10,4,0.7439921866332398,1.0715904168640655,1.4754832931882944,1.8281976247337028,5.7200508234148355,4.167373761242536,2.9062362765141714,6.7292406446804485,14.957169970988485,10.659840759247329,9.654693280383599,13.998300027271853,3.876153840049405,4.404934360759914,0.444994242668712,1.5178429817605075,4.1,0
2021-12-27,Newcastle,Man United,C Pawson,1,1,D,1,0,H,13,13,8,4,2,4,3,3,0,0,11,8,6,1.173715520386096,2.1697447175694147,1.4721860813543253,1.2018810828361304,4.54331803395887,4.556838897147288,4.520796939371537,7.788359979468664,12.269178038847759,14.898470201194753,11.22233427378287,15.25805565525243,3.273086813353174,4.033851469377568,0.8902831618202586,1.339349769685293,3.87,0
2021-12-28,Crystal Palace,Norwich,P Tierney,3,0,H,3,0,H,19,12,6,3,8,8,1,2,0,0,9,13,3,1.7113993967899397,1.3432649251319446,0.490733535786368,2.4074679812571396,4.918566002643229,4.613356557175655,3.3175547491783424,5.573180210908555,12.044517360397373,10.605182603911281,9.589747966519132,16.58815592541709,4.352956977345029,3.3952649712664886,1.9520980265286951,0.5395717684377478,3.83,0
2021-12-28,Southampton,Tottenham,A Taylor,1,1,D,1,1,D,9,21,2,11,3,7,2,2,1,0,15,5,5,1.2314117335343946,1.0703961962451263,1.0927922950794877,1.4612834063082136,5.815882354486085,4.288975620032109,4.323016030665974,4.594653824006395,13.714519626118552,11.70660619938519,9.087370717209305,13.412175882211223,3.9521215919866015,4.439203330843398,1.2683590584593523,0.7893770758172898,3.72,0
2021-12-28,Watford,West Ham,D England,1,4,A,1,2,A,14,13,5,6,4,5,0,1,0,0,12,12,1,1.2737634036019396,2.173039613767056,1.0609609261913096,1.1331035653759225,5.288254529042189,6.1436743661395665,4.368747837474713,5.698327092942758,12.212686034663275,15.445240629736968,12.281038525580197,14.692675501853953,4.30985192177835,2.9240032662206215,1.3013481363996828,0.6185681668999554,4.1,0
2021-12-28,Leicester,Liverpool,M Oliver,1,0,H,0,0,D,6,21,1,4,1,12,0,1,0,0,8,11,1,2.235699512029811,1.6324764692298843,2.7303014723223136,1.0841623468453527,5.604380173884005,5.236844722175062,6.896465319485533,3.8109760818333864,13.023188954852975,13.449327581150907,17.979063068913717,8.530407461864852,3.049737916361064,4.51358836974631,2.6736554359851357,2.47925217562398,3.43,0
2021-12-29,Brentford,Man City,D Coote,0,1,A,0,1,A,6,12,2,3,3,5,0,0,0,0,12,10,0,1.2799737741909274,1.2017517028563531,2.57724977389256,0.7269485819498077,5.270203866438903,3.683228954675488,7.9994438939439085,3.6896892298041157,12.72321960099038,9.933560139572114,18.265285954647453,7.9227902597413395,3.935666388188674,3.230477758909086,1.3595559080095163,2.959227852262969,4.23,0
2021-12-29,Chelsea,Brighton,M Dean,1,1,D,1,0,H,11,18,5,6,10,8,4,1,0,0,14,7,5,2.0811900275196025,0.9708475474459372,0.8603908412697133,1.1458766084911485,7.652609752213804,2.960935696963908,4.561911530366257,6.223399252608114,18.979262100550688,7.359572813120017,9.593703535364002,12.303471727232441,4.852542509965893,4.392859370255115,1.9702637769755147,0.882044491826486,3.51,0
2021-12-30,Man United,Burnley,J Moss,3,1,H,3,1,H,18,10,6,3,7,5,0,0,0,0,5,10,0,1.5542454804478343,1.6078545118909537,0.788002926293201,1.3025703105918742,5.695468640893197,5.128001035462131,3.6840334957474963,7.945333786322022,14.446299783933151,12.3246778896047,8.565527551757548,18.457759050712564,3.2099489152046137,3.1978223317109715,1.3468931928820158,0.5183440324669981,2.53,0
2022-01-01,Arsenal,Man City,S Attwell,1,2,A,1,0,H,7,15,2,2,5,5,3,2,1,0,13,5,6,1.9794464684973423,0.49891009571142253,2.2896230557570663,0.5943824923294854,6.122778056680673,4.1234542299812995,7.452466352576133,3.563917742633519,17.753069698630842,9.415014446684184,17.122750595223522,7.572150899237638,3.562200131484938,2.6413689625821832,2.163712511733723,2.3061467926889434,3.99,0
2022-01-01,Watford,Tottenham,R Jones,0,1,A,0,0,D,6,21,4,9,3,7,0,1,0,0,6,9,1,1.2142020671278206,2.57052226067164,1.0758290073254768,1.3769565432787612,5.007975425045668,5.894850846113821,4.812393401338696,4.303136390781124,12.601543007778282,14.913241838109881,11.265109270369674,12.605589418893967,3.589743969441535,4.54172213655076,1.1982160555004957,0.859586570841801,3.98,0
2022-01-01,Crystal Palace,West Ham,D England,2,3,A,0,3,A,22,10,6,5,9,1,0,2,0,0,6,16,2,1.9463881529296976,1.0983076023303,1.5969230656470725,1.1088308456615765,5.48049523064592,5.230943673102552,4.483862761457228,5.388620757174411,13.312916746336091,10.85954101731919,12.412148089059714,14.566359439154882,4.106232215285385,2.573142702278829,2.3014014168280363,1.74572092857982,4.1,0
2022-01-02,Brentford,Aston Villa,C Pawson,2,1,H,1,1,D,10,16,4,5,3,7,2,2,0,0,17,11,4,1.001496272671094,1.1578575924677847,1.1128251206236695,1.2108455210952254,4.776286949222232,3.9697122547004557,5.956444353705398,7.040176592190607,11.260482289957244,10.383145139652836,11.980794977433296,14.22237723031212,3.079403107879554,4.247024805798349,0.8942673830264463,1.1708508200357954,3.87,0
2022-01-02,Everton,Brighton,J Brooks,2,3,A,0,2,A,17,12,6,5,8,5,1,1,0,0,5,12,2,1.3275570272724688,1.7055577593034632,0.885866778578534,1.1192569843451168,4.404981771863698,5.941906950610895,5.18929534322758,6.912554926605662,12.161028484492032,12.38233382864854,11.12768800801715,12.065613664704127,4.579548770211556,4.503650644707965,1.3538921183440464,0.9213634559182945,4.49,0
2022-01-02,Leeds,Burnley,P Tierney,3,1,H,1,0,H,22,8,7,2,9,3,2,1,0,0,11,7,3,1.2504767969137551,1.6549806639410982,0.8266882404124689,1.6123179857930094,5.37764280613132,4.205518158522059,3.9241716103794544,7.772828884098688,14.11429331931253,13.291533767891929,8.827290680301688,18.374226988886818,4.928538313008342,2.614282383556106,1.242025487756151,0.6788979055780108,3.83,0
2022-01-02,Chelsea,Liverpool,A Taylor,2,2,D,2,2,D,15,10,6,6,6,7,1,2,0,0,5,13,3,1.8840245915539284,0.9761637785163224,2.232404649001502,1.0688145306564383,8.080679018305833,3.8798577040845883,7.827144122136003,3.298367464886341,17.524166649523757,9.299957400254184,18.529960073031372,8.068963240506333,4.8794328063698265,3.8728516212634974,1.6468399879549742,1.6528283189308728,3.72,0
2022-01-03,Man United,Wolves,M Dean,0,1,A,0,0,D,9,19,2,6,3,8,3,1,0,0,9,8,4,1.8180673660535742,1.4969329679273888,0.7017179431472899,0.8037431059429825,5.933520065486345,5.104643353311799,4.242860049008762,6.8641050672662125,15.09478047633361,11.900469702137677,7.351711585030601,15.15050817079421,2.6241961030538334,3.4539815459312795,1.897935261162394,0.6090966747739549,3.51,0
2022-01-11,Southampton,Brentford,S Attwell,4,1,H,2,1,H,12,5,6,4,5,2,0,1,0,0,9,8,1,1.1891836242207552,1.0575502690965715,1.154469762046959,1.8655758094934438,5.3020389721153585,4.783684475632166,4.232026015949411,6.570583399639871,12.85421212531742,13.40246856259908,11.035209973214062,14.216234887581113,4.143338879395303,4.316834814239728,1.1789049893220869,0.9983829742840751,3.99,0
2022-01-12,West Ham,Norwich,S Hooper,2,0,H,1,0,H,13,7,5,3,11,2,0,0,0,0,9,8,0,1.9576712878175284,1.7078962508914408,0.38396709125967193,2.5363822133118674,5.603549274183153,4.7791079510223735,4.336290977017429,6.101171272234994,11.935642809274759,12.800086477808959,10.114134464001173,17.112888795330626,3.218200216617269,3.3092691455268737,2.0534137644581043,0.35491106358562413,3.87,0
2022-01-14,Brighton,Crystal Palace,R Jones,1,1,D,0,0,D,19,3,4,1,9,0,0,2,0,0,11,7,2,0.9731890144326115,0.8760461522252179,0.840910566557993,1.9150677482179426,5.771136065509289,5.049233405804945,3.8817619426053502,6.501162608032879,14.964985612483327,11.634315236952363,8.836943208669629,15.937815891121298,3.8987533387895628,4.00676615453602,0.9633355773109648,0.5762444544564705,3.98,0
2022-01-15,Wolves,Southampton,M Salisbury,3,1,H,1,0,H,9,13,5,10,2,10,2,3,0,0,13,14,5,0.5710261873054463,0.7474847953205059,1.2340816320736963,2.2570017416612864,4.357092317032211,5.429926075925989,5.416285232273579,6.441838661657707,10.365697627575335,10.03272957838063,11.854674339419283,12.906183951284865,3.6247407561397353,3.8323834965626857,0.34684501597999723,1.6251785517204749,3.97,0
2022-01-15,Norwich,Everton,A Madley,2,1,H,2,0,H,14,12,3,5,8,8,3,1,0,0,12,14,4,0.3590187874464265,2.1253643064485974,0.7600958408879327,1.7314493255214785,5.46760345569121,6.040482771533615,2.4403417711017092,6.379631609185837,9.669652827183073,13.63451852032264,10.138014992336016,15.42340894650219,3.717592116059122,3.5674749756497284,0.21177078845325306,0.740710927837701,3.43,0
2022-01-15,Aston Villa,Man United,D Coote,2,2,D,0,1,A,13,13,9,6,3,6,1,2,0,0,8,13,3,1.503955998050603,1.7318123094590556,1.386021368980975,1.1650417389353038,3.8588554786348324,6.17598194489,4.425761697423784,6.732097644683603,10.512803993557657,12.417365192107978,11.546723454328246,14.846004720799234,3.506927505289151,4.392635070407182,1.443165294595545,1.2262318524686424,4.23,0
2022-01-15,Man City,Chelsea,C Pawson,1,0,H,0,0,D,11,4,6,1,9,1,0,2,0,0,11,6,2,3.489981583685658,0.9248888455820298,1.9094974235063797,0.8064219280993142,9.330020849843992,2.4580395496972125,5.7375742022479335,3.636377779404452,20.447306891086907,6.969821214937353,12.897477180212558,8.848621554951029,3.034064682555286,3.689745563588036,4.315916250186254,1.966598819017387,3.87,0
2022-01-15,Newcastle,Watford,P Tierney,1,1,D,0,0,D,12,18,1,5,4,6,3,2,0,0,13,13,5,1.14203681873408,1.956430479241466,1.4730594839268856,1.9663712838598266,4.079519445180479,4.455293950260789,3.789063648488234,6.310880745418189,12.402450476547207,14.552265838077265,10.584823155577512,15.326451724150813,3.7703657500810834,3.9538645359442084,0.9268557273076137,1.460269627279937,3.83,0
2022-01-16,Liverpool,Brentford,J Moss,3,0,H,1,0,H,27,6,13,1,9,0,0,1,0,0,6,6,1,2.36863664731404,0.656021465679531,1.1220224362243352,2.313924769414816,8.201828745742606,2.838994307428922,3.7631751908794113,6.240672673913326,19.232147689069272,6.906964410476856,9.767476911326565,13.750701086377035,3.060663780063661,3.6201132132526,2.6017178420984104,0.9989314950452393,2.53,0
2022-01-16,West Ham,Leeds,M Dean,2,3,A,1,2,A,15,18,5,5,4,3,3,2,0,0,6,9,5,1.9653903369938037,1.3964448868202475,0.9931304208065929,2.5420099544908363,6.587644144595437,4.272310795284584,3.321435986048241,5.513364647032264,12.1297386149991,11.742384732576129,11.470691661715392,19.108839793106625,2.631330348616506,4.226238497356072,2.035609037025384,0.788988807572985,3.51,0
2022-01-18,Brighton,Chelsea,K Friend,1,1,D,0,1,A,10,15,2,3,5,7,1,2,0,0,8,5,3,0.9780782564007333,0.8986503326320655,1.5614705857471174,0.8417036537480558,6.359950565378657,4.128456964653459,4.874099369571523,4.61395672629898,15.700809427532405,10.059764524655945,11.275814428042718,9.240733860438688,3.5524973427991298,3.3817709112664787,0.9755571471456157,1.3110624606605068,3.26,0
2022-01-19,Leicester,Tottenham,J Moss,2,3,A,1,1,D,14,27,4,10,3,8,1,2,0,0,6,12,3,2.010208551498849,1.3345814846424342,1.0619804896062166,1.1254854010231437,4.764170966102286,6.470988108144127,5.2119121318727455,4.065146892634522,11.74159451542583,14.827177422318321,13.042975175770408,11.399222286576562,2.6757008894808276,3.894903676245787,2.1157637443758075,0.9063918710454193,2.53,0
2022-01-19,Brentford,Man United,A Marriner,1,3,A,0,0,D,18,13,8,5,6,9,0,0,0,0,7,9,0,1.2112381363628109,1.124698631979323,1.497986297788348,1.3173044359319028,4.403166924745425,4.606242877296657,4.71283924470136,6.0515136211067055,10.99571021409002,11.563000130927223,11.811742457845522,14.509367944370517,3.2727801605408122,4.13867462514869,1.2693494183541576,1.4841565859654298,3.02,0
2022-01-21,Watford,Norwich,M Dean,0,3,A,0,0,D,15,7,4,2,5,1,0,1,1,0,16,11,2,0.9591514373830642,2.2406243775622934,0.3033124365869976,2.423711822614306,4.586187807864828,6.126994239121964,3.845538654082568,7.130200447736008,11.214848200542628,16.19180291482289,9.459991321227445,16.248951147949896,3.0457522829126273,2.614136759895159,0.7917621714778115,0.2345196036191297,3.51,0
2022-01-22,Southampton,Man City,S Hooper,1,1,D,1,0,H,7,20,3,5,2,11,3,0,0,0,13,5,3,1.7017631172275225,1.047055422115418,2.236836078934539,0.6683107295695976,5.246959250604822,4.276052746464238,7.005477475350652,3.8256594766839758,12.698438300357385,11.870197328898044,16.735856029191254,7.467870125809232,3.5701206987155967,3.2535162871940244,2.1192773490782497,2.204097329594979,3.87,0
2022-01-22,Man United,West Ham,J Moss,1,0,H,0,0,D,18,6,3,1,3,3,1,1,0,0,9,8,2,1.4865252358831047,1.4063124453797522,1.8526492177667944,1.271256193229458,5.398564370461512,5.6326395806077825,3.8488905823218627,6.046834212902506,13.983338436410053,13.195137568748349,11.97250765733766,15.92122192055025,2.875087221395883,2.4686811618738056,1.265285225113155,2.163816132792777,2.53,0
2022-01-22,Brentford,Wolves,P Bankes,1,2,A,0,0,D,11,7,1,2,6,3,2,3,0,0,6,7,5,1.1680848259907657,1.5077992565574712,0.7561125549021012,0.6571727937368981,4.729379958505835,5.503832526969315,4.9280107788214345,6.159448216192083,12.426599050128488,11.856561238890126,9.475889393866073,14.028903647963837,2.6041920898492688,3.553553280595481,1.1785161537187534,0.7393988024896085,4.09,0
2022-01-22,Everton,Aston Villa,C Pawson,0,1,A,0,1,A,15,8,1,3,9,2,5,3,0,0,14,16,8,1.4502647004134521,1.941768117375913,1.0922503710149638,1.354755456367638,5.061002192278993,5.770027378792373,6.146746797049369,6.3034113992993595,13.044046017793066,12.312565392692923,12.713735802209284,13.452385992660854,4.1088316385231245,4.20197744845146,1.5692639393945298,1.1139001011854124,3.87,0
2022-01-22,Leeds,Newcastle,C Kavanagh,0,1,A,0,0,D,13,15,4,3,6,7,4,2,0,0,9,9,6,1.5695192374548634,1.535538618724221,0.7745192528530027,2.226071368352613,6.03821459940895,3.985680287990804,4.019992948065356,5.395957267409022,15.552328036634215,12.326571517299415,8.707601387081764,16.427135832401603,4.576850739517565,4.468831230829789,1.8280215758753822,0.6416942931721076,3.7,0
2022-01-23,Arsenal,Burnley,D Coote,0,0,D,0,0,D,20,10,5,1,12,4,0,2,0,0,9,13,2,1.8008349524354101,0.772648326614004,0.8582933123862152,1.865375193451989,5.918028642235926,4.283300810592191,3.7556399981469686,7.996615380378389,15.792143662378265,10.433490462420039,8.676426240656212,19.035421689404664,4.0067564644503015,2.684621713433455,1.7758053066963975,0.7859327743475288,4.23,0
2022-01-23,Crystal Palace,Liverpool,K Friend,1,3,A,0,2,A,8,15,5,7,2,5,4,1,0,0,12,10,5,1.9561594997629645,1.4449118885704404,2.1900463540507715,1.238533290301537,6.1219635564359125,4.459807808156715,7.676388038543313,3.790769610293061,14.896232899008549,10.702880244437567,16.9752813424476,9.332220669453436,3.7223483050749095,3.713764844899295,2.2009337539369462,1.7685528161348347,3.26,0
2022-01-23,Leicester,Brighton,M Atkinson,1,1,D,0,0,D,15,14,5,5,4,5,0,1,0,0,6,8,1,2.008346923611412,1.6382866236910152,1.2713993747747387,1.2798689732049282,4.442457364611234,6.749818182951673,5.154775510521242,7.110861030553362,12.153436551163864,17.047009097946585,11.286762518343473,12.965446634171684,2.7348399620594765,4.047085787185139,2.077175527722045,1.6142477241315065,2.48,0
2022-01-23,Chelsea,Tottenham,P Tierney,2,0,H,0,0,D,15,6,7,3,10,3,2,1,0,0,17,14,3,1.9051623810908254,1.1627691533966127,1.4156310953336524,1.285067188506186,7.701452458364572,4.448537841192266,5.720683564820896,3.8707784449751097,17.06410960718535,9.427547838076787,15.58985886645045,11.873813284645372,4.53688557465856,3.731601281468695,1.764560605894195,1.6042694362337444,3.83,0
2022-02-05,Burnley,Watford,C Pawson,0,0,D,0,0,D,13,11,2,5,4,7,1,2,0,0,16,9,3,1.082557082345483,1.3228430857833724,1.3701382945943217,1.7561227099467362,5.68781857420011,4.635754666433059,4.270086028480007,5.8081139627931915,13.03325459511883,14.465449433027494,12.19810614824489,14.602732235715667,3.5518813398966937,4.1814670041789155,1.2085569007134358,1.3027489437170732,3.87,0
2022-02-08,Burnley,Man United,M Dean,1,1,D,0,1,A,9,22,3,5,2,10,2,1,0,0,11,10,3,0.8848515938294126,1.081254588723923,1.7717447604166467,1.259472224123214,5.3795752481154,5.06753261723817,5.494221289141292,6.042124698956513,13.027181367128739,13.832560521894967,12.028315420840272,15.145573901575247,3.4510922252286895,3.3843558056657757,0.8056975097693203,1.9894403590798575,3.51,0
2022-02-08,West Ham,Watford,M Atkinson,1,0,H,0,0,D,9,6,3,1,5,6,1,0,0,0,1,6,1,1.971698327475321,1.6887103847164697,1.082332298924821,1.387238308242096,6.116017632926142,4.040418205496867,4.843521288092266,5.428308477902558,12.652875216843823,12.882903712400946,11.946436565492682,14.26606844877412,3.063046358452001,3.933292576217938,2.0237392961150955,0.8608358466178375,2.48,0
2022-02-08,Newcastle,Everton,A Taylor,3,1,H,1,1,D,20,11,9,3,6,2,2,3,0,0,13,13,5,1.116149051481357,1.7821105398011963,0.80384467959099,1.780422132766016,4.065026154586918,4.7368335612287655,3.4541991047987723,6.675121423250071,12.329099465447001,15.180653183897917,10.477565928298532,15.163836587942438,3.9944800716463535,3.6463500880920128,0.951237278690517,0.8271412946723348,3.72,0
2022-02-09,Man City,Brentford,D England,2,0,H,1,0,H,15,6,7,2,9,3,0,0,0,0,7,13,0,3.03615514434036,0.7563177146424268,0.8928072799628491,2.4540813617507964,9.269870932199735,2.192295858418875,2.9944055463797983,6.80436874968332,18.72543164675758,6.428538742690245,8.997828479119457,16.45736721246689,2.845595058518085,3.0848568402878778,3.2106050691546333,0.6620597490562483,4.1,0
2022-02-09,Norwich,Crystal Palace,P Tierney,1,1,D,1,0,H,5,13,1,5,4,6,1,2,0,0,11,15,3,0.694250733719581,1.8954664478801615,0.8699220601009787,1.748196313110993,5.984940409819397,6.440787643539039,3.173885189908545,6.956849722466232,10.554288616841436,13.300606821276066,7.772520282864052,16.49623471618143,3.7752845161013275,3.6408129791742727,0.8148190452258437,0.7174974079423482,3.83,0
2022-02-09,Tottenham,Southampton,D Coote,2,3,A,1,1,D,8,23,3,10,2,8,2,3,0,0,7,13,5,2.024587562725083,0.9044538551528097,1.1914176885746055,2.392421319151697,6.102398300576541,4.712073155554477,6.251717496367928,5.632264873171052,13.539139554699393,11.60345561746668,12.06342249636861,12.194239105726862,3.879416116571653,4.045194403979686,2.333021661182919,1.4167846143527918,4.23,0
2022-02-09,Aston Villa,Leeds,J Gillett,3,3,D,3,2,H,12,16,4,8,6,11,1,3,1,0,11,9,5,1.5944144090728387,1.7807189230794573,1.359102456652755,2.443169208410256,3.7022348933848686,6.143889938856681,3.26281903184857,5.237387998328163,10.96636818899082,12.52361427227231,12.661374050846895,18.359553202867254,3.414484382397403,4.367341374851379,1.6287783150480133,1.5259983037438538,3.81,0
2022-02-10,Liverpool,Leicester,C Kavanagh,2,0,H,1,0,H,22,5,11,1,7,6,1,0,0,0,11,7,1,2.4837718478954383,0.5363896202209859,1.7597694061369673,2.464773497567892,8.347382977020489,2.3212762966436795,4.8734078371717215,6.713574152455219,20.648690524666094,6.741570697211426,11.948993595645568,14.319172374649915,2.684881852526821,2.9016591174365787,2.73447959994672,1.9550674232213516,3.7,0
2022-02-10,Wolves,Arsenal,M Oliver,0,1,A,0,1,A,15,12,4,2,7,4,2,3,0,1,12,13,6,1.0139730038126347,0.793533379890614,2.278734079108915,1.368044624746366,3.927253784979555,6.263323161267747,4.377305317866811,4.301787373868577,10.116649484987564,10.57383997656734,13.198048536283352,12.048647562765217,3.875532551735183,2.8743218668260933,1.2312369289351637,3.046959724257717,3.43,0
2022-02-12,Norwich,Man City,A Marriner,0,4,A,0,1,A,8,22,3,9,4,12,0,2,0,0,7,8,2,0.7553388775391515,1.7165538904791808,2.0115089155344466,0.7287379791536425,5.588352948781587,6.352719079090854,7.733200772679085,3.493060292182446,9.444551916672802,13.240546128556646,17.3305187451313,7.382633407634699,3.620384088712412,3.207330614862763,0.8770254766803516,1.802730157618018,3.02,0
2022-02-12,Everton,Leeds,G Scott,3,0,H,2,0,H,21,7,10,0,5,3,1,1,0,0,8,9,2,1.1857949359460198,1.770027612270646,1.6581740218028274,2.5446577242774877,5.779316457356754,5.082526502144998,4.673005079951344,5.376382395551147,13.400733103147852,11.526127473235363,13.269875228822372,17.20045491684211,4.818423742481479,4.4826503446258865,1.0461718676340415,2.017334764862249,2.89,0
2022-02-12,Watford,Brighton,J Moss,0,2,A,0,1,A,9,11,1,6,4,5,3,2,0,0,16,9,5,0.7632087899811086,2.3957553235565148,1.2219338635831873,1.2288597848538985,4.67072446526212,5.0796134134527025,5.126565977046004,6.543872505801164,11.988107391424437,14.314032494709242,11.781279792473574,13.336266288309504,2.832118165447709,3.4917209996548593,0.5247545674161476,1.4094974149620139,2.53,0
2022-02-12,Man United,Southampton,S Attwell,1,1,D,1,0,H,12,13,8,4,1,4,4,0,0,0,12,13,4,1.3978506782481697,1.1499965859070171,1.520905750048462,2.320929886933496,4.961399720361649,5.152812157475501,6.570220120987982,4.970537782144993,14.715419037890223,11.883744872184185,14.055851427065214,11.430131382471163,2.7155929824004192,4.21914117042195,1.1768563555771436,1.9445249110457339,3.99,0
2022-02-12,Brentford,Crystal Palace,S Hooper,0,0,D,0,0,D,9,6,2,3,3,9,1,0,0,0,10,10,1,1.1345017853871815,1.6061400642699581,0.8936301905901868,1.6118293331561295,4.983247517303622,5.003571370602917,3.6889755945316867,6.4179314469183,12.141567170878831,10.88622919185335,8.725285766079395,14.400919914937077,3.0828701254823034,3.5240177889887914,1.118548578255222,0.8116654297234165,3.87,0
2022-02-13,Burnley,Liverpool,M Atkinson,0,1,A,0,1,A,8,12,5,4,5,8,0,1,0,0,7,6,1,0.9058639228448737,1.0664272176029224,2.3376039493018084,1.1950772247844015,4.762868952235742,5.967611315254015,7.188802872526483,3.4645266719903365,12.292299637496441,15.322958272373302,16.6154240021004,9.089516313085124,3.368776728488077,3.9480915466348927,0.8704657665012642,2.1790366378979877,2.48,0
2022-02-13,Newcastle,Aston Villa,C Pawson,1,0,H,1,0,H,10,11,2,1,3,6,3,4,0,0,22,15,7,1.4593495755669301,1.6396254098795893,1.075436729628896,1.1078364233212652,4.4175402631791325,4.238236411975902,5.390956735748655,6.7948942323666035,13.726586398124489,14.419020547907243,11.854605779261632,13.734455610779081,4.177665990182437,4.8942086932187765,1.6341605601335614,1.0759332027892912,3.87,0
2022-02-13,Tottenham,Wolves,K Friend,0,2,A,0,2,A,17,11,7,7,7,3,3,1,0,0,13,13,4,2.020106209884237,1.2863901118829013,0.9828246775353598,0.7196568102245963,5.354691238915845,5.311333865922408,4.576609679108584,6.130387030885121,12.529570649605326,13.680600762576592,9.024631410597038,13.476852754623197,4.083654813410229,3.8171840514698525,2.222013861872388,1.1596013930561895,3.26,0
2022-02-13,Leicester,West Ham,M Oliver,2,2,D,1,1,D,13,8,2,3,5,4,1,2,0,0,10,9,3,1.8245646430653877,1.521951889486815,1.515133034236312,1.221838659559391,4.361814659597168,6.430894637222,3.69423944446339,5.491761053058168,12.67225394436064,16.491658287870717,10.884434442354696,16.29993432711605,2.418646361281915,2.383296688908675,1.7181151459473434,1.4425415808516209,3.43,0
2022-02-15,Man United,Brighton,P Bankes,2,0,H,0,0,D,19,10,7,3,10,2,3,1,0,1,8,10,5,1.3253701237807676,1.122670163434573,1.363682182897657,1.0049857450732138,4.239710745334383,4.942792496987538,5.103508149839586,6.080429058810644,14.220723192845428,12.087104562174968,11.638946008346307,12.546284010840752,2.9495866335042886,3.7664997149203967,1.1179040320901155,1.6063322943164124,4.09,0
2022-02-19,Liverpool,Norwich,M Dean,3,1,H,0,0,D,29,6,8,1,9,4,0,1,0,0,7,8,1,2.3955991254044924,0.4386267319162676,0.8542119919614245,1.9285777983582408,8.101807659153852,2.9917640185480954,3.2642306818120144,6.695027127905465,20.894981489893475,6.4241503461686404,8.957445848968895,15.99380604273824,2.3777936648632263,2.4886762977505796,2.489651789830846,1.16712831027019,3.51,0
2022-02-19,Man City,Tottenham,A Taylor,2,3,A,1,1,D,21,6,4,5,10,0,0,3,0,0,5,7,3,2.847388093076986,0.6185315292520197,1.157477102997681,1.4154420864209627,9.22070576579459,2.3394436382974844,5.224540659754348,4.988501147985131,18.0467314053093,6.350467427548293,13.841055551467315,12.443903602678592,2.327183707457282,3.598186727188406,2.807068643115877,1.0695087742476403,3.72,0
2022-02-19,Southampton,Everton,A Madley,2,0,H,0,0,D,19,9,11,0,4,4,0,2,0,0,6,9,2,1.5738590962331935,1.0384790556031323,0.8395961370327313,2.002703568346707,4.655165333310015,5.501565842790399,3.189155376702966,6.552073143035164,11.65983545259972,13.351942986367881,10.572785264901816,16.04528038486297,3.4662099515878313,3.893067623541396,1.7461829536627649,0.8847611636079832,3.43,0
2022-02-19,Crystal Palace,Chelsea,D Coote,0,1,A,0,0,D,7,9,0,3,4,4,1,3,0,0,4,20,4,1.7819660787356313,1.7282183015653472,1.4591817080423444,0.8705421290197958,5.3710230141691,4.558220181754177,5.261396576439523,4.684286204306825,13.639875145749448,11.485730794969275,11.954287659214607,9.379057190754592,3.9551112694919817,3.3122197735130845,1.8006211108456418,1.2073746132790182,4.23,0
2022-02-19,West Ham,Newcastle,C Kavanagh,1,1,D,1,1,D,11,14,3,3,3,7,3,3,0,0,3,7,6,1.7946740382103759,1.3810606263748229,0.8156378431854479,1.8201257707606207,5.912701209824741,4.397415397546941,4.563425993709892,5.506110289247765,11.987393327299525,11.62897427430816,9.855081001402693,15.802164538447641,2.6871999614797124,4.748054633031392,1.6824916776508863,0.7611304630878729,3.7,0
2022-02-19,Aston Villa,Watford,R Jones,0,1,A,0,0,D,20,8,1,4,10,5,1,2,0,0,12,7,3,1.8505977913536524,2.002946265372044,0.8612253415098409,1.3081303630990109,4.121027772665319,7.0289692312325895,5.079775430705518,5.340810410554709,11.154758917443512,13.157223680045599,10.731653917166119,13.190276500770592,3.703461984471822,3.3340575747495516,2.0858545937282473,0.5705343834059592,3.98,0
2022-02-19,Arsenal,Brentford,J Moss,2,1,H,0,0,D,24,6,8,2,14,0,1,1,0,0,10,5,2,1.4726130412104257,0.6318246991499372,0.7144260194449299,2.3633567367341066,7.026534594078583,4.231666132256787,2.9955233079741284,7.243051855045455,16.55907160734434,10.354482073627446,8.398867835626387,16.16618791069401,3.641003100304292,2.4685080895129343,1.183867117450344,0.4396590467341116,2.53,0
2022-02-19,Brighton,Burnley,K Friend,0,3,A,0,2,A,11,10,1,4,4,4,1,4,0,0,12,12,5,0.9820737344826111,0.9171224205269238,0.7018599474062392,1.5253901157976022,6.1120846667651145,4.651827161323406,3.8001772872120636,8.726276113275587,14.661774415854284,10.960176595970989,8.917662067599457,19.21122666042747,3.4517986454781933,2.5598419011883835,0.9837048072545658,0.523953816653187,3.26,0
2022-02-20,Leeds,Man United,P Tierney,2,4,A,0,2,A,16,15,6,9,3,3,6,3,0,0,13,19,9,1.2834571510181596,1.4379308347711512,1.6311480712552444,1.2122014974371345,6.031249569749935,4.53507309913144,6.315085389985534,5.3057292234057645,15.087138272783694,12.813833164974909,13.844959872607939,14.025971426928418,4.836235293111586,3.3143337510846766,1.2186778727982581,1.6596257593769141,3.83,0
2022-02-20,Wolves,Leicester,C Pawson,2,1,H,1,1,D,11,17,3,7,7,10,4,4,0,0,12,9,8,0.829165308475625,0.8311641847374541,1.4388584715845676,2.3800175648078636,4.487295466777999,5.850807704086938,5.078852790682007,6.765806670019741,11.006693648696887,10.833773274713677,10.681777549497477,15.719845418965322,4.262740033054743,2.5548732246665087,0.8208224789397423,1.3033731841764669,3.87,0
2022-02-23,Burnley,Tottenham,G Scott,1,0,H,0,0,D,15,12,4,2,3,7,0,0,0,0,8,8,0,0.7406708941198219,1.0543135733911702,1.4932970991122816,1.521984174221473,4.80611208732153,6.338237006279804,4.272310851965386,5.9019017509030345,11.50955737408156,14.716984761896812,12.411937221859494,14.003345964876281,2.936807431241458,3.489160638705575,0.5803082412022317,1.7130092054143407,2.89,0
2022-02-23,Watford,Crystal Palace,A Marriner,1,4,A,1,2,A,8,7,1,5,6,4,2,1,0,0,12,9,3,0.610721070569982,2.316684134222546,0.7308283776386841,1.318185787571658,4.536714944664749,5.063706799153569,4.6565395946566985,5.795251683005271,11.391089003461266,13.651894867618905,8.228792397569064,13.416978724256262,3.2652569883271867,3.0641914801911496,0.3484777517564404,0.541109345831815,3.02,0
2022-02-23,Liverpool,Leeds,M Oliver,6,0,H,3,0,H,23,3,15,2,4,0,0,3,0,0,5,11,3,2.5057090558541755,0.540897880260285,1.3560873871063235,2.62761211501056,8.26544060599099,3.1754447484425294,4.368216518686118,5.307812939187674,22.37155616400937,6.346878510405507,12.12762750154062,17.892657166097525,2.1267868066854745,4.030360369101635,2.659768451336937,1.344887505323916,3.43,0
2022-02-24,Arsenal,Wolves,M Atkinson,2,1,H,0,1,A,26,6,5,2,5,4,1,1,0,0,8,9,2,1.5686925536552965,0.6988989845685719,1.1681339792246925,0.5885495192655901,8.296962588335136,3.4607399422162652,4.289382460535936,6.288813379310682,17.91466214705809,9.561181238991173,9.384504645620423,14.11870076388039,3.3420446691750416,3.8504895151510876,1.4559123574614192,1.439735235987205,2.48,0
2022-02-25,Southampton,Norwich,S Hooper,2,0,H,1,0,H,27,8,9,1,13,6,1,2,0,0,12,9,3,1.6514935723694675,0.8492886334972087,0.8833401691458664,2.142645993326022,4.5358071187275355,5.228010132557647,3.4112360449786814,7.155556489181441,12.997068805123199,12.55910472340102,8.366553581071491,18.592419791422547,3.19909538809218,2.1912414980399997,1.8307889299273152,1.110986166551309,3.87,0
2022-02-26,Brighton,Aston Villa,J Brooks,0,2,A,0,1,A,12,9,1,4,7,2,4,5,0,0,17,11,9,0.8031592504942974,1.2965816752218693,0.8795133475164499,1.0881907517629743,5.727304456251704,4.533077095902724,5.5019124181216235,6.103539276486638,13.99467126759696,10.785251339166,11.698913445130959,13.054111380891085,3.7338504270587363,5.277842377545267,0.6558020648070644,0.7172875549454321,4.49,0
2022-02-26,Everton,Man City,P Tierney,0,1,A,0,0,D,6,13,2,8,3,4,3,2,0,0,7,14,5,1.5164536965795543,1.4474206765074396,2.373641677060823,0.5960243356871504,5.637277489967325,4.70296321802153,8.510246140968288,3.585381287611342,14.785782799912347,10.701191124846432,18.180898289164173,7.495064723376536,4.304735119241408,2.9874583845816303,1.6974513082402147,2.535155136041292,3.83,0
2022-02-26,Man United,Watford,K Friend,0,0,D,0,0,D,22,10,3,2,4,3,0,0,0,0,2,7,0,1.448229905246235,0.918215816244427,0.8889522642903634,1.046768310696084,5.288742079333763,4.40686775392055,5.063836445655797,6.271707963262614,15.091098082526674,11.707012871244476,10.185874463997814,14.550846792739518,3.322996331179274,3.2673134827078028,1.4119367029082222,0.7148015056556906,3.26,0
2022-02-26,Brentford,Newcastle,M Dean,0,2,A,0,2,A,6,26,1,11,6,6,3,1,1,0,9,7,5,0.911833969685085,1.2909041568178046,0.8492398672828799,1.670648858642785,4.593997012489393,5.787947424461198,5.007518316609395,5.049344216507402,11.52497413521228,9.927212648042012,10.610537926398797,14.926917408945549,2.6740667659758968,4.976235400258276,0.7437733705475779,0.8407540573031941,3.51,0
2022-02-26,Crystal Palace,Burnley,J Moss,1,1,D,1,0,H,11,5,4,1,5,4,0,2,0,0,5,17,2,1.4574444844070846,1.5955992988451086,1.1205357832479412,1.2474940924480087,5.121340048972042,4.456560276141512,3.836581048245784,7.865241730314023,12.430658598838523,11.03304354672078,9.114842712878032,17.71530295401103,3.9632861514752475,3.0043906267774956,1.2004126827219823,1.3493054139601446,2.53,0
2022-02-26,Leeds,Tottenham,C Pawson,0,4,A,0,3,A,19,15,3,11,3,6,4,2,0,0,16,11,6,1.4139971395951294,1.9046893545688373,1.2212477910532742,1.426888942670349,5.479015624813685,4.255413027008509,4.7692420693125674,5.373232429936897,15.253443692777061,13.212109686856378,12.336890376702394,14.184916692356305,5.594791181355722,2.853504319523773,1.4791194873506888,1.1420041517124742,3.87,0
2022-02-27,West Ham,Wolves,A Taylor,1,0,H,0,0,D,13,14,4,1,3,5,1,0,0,0,8,2,1,1.6499524922006352,1.3116640180540096,1.137514368868521,0.8455949062623643,5.382256521963067,4.8713834010020145,4.236681761805199,6.054101968337794,11.807574833205647,12.060772083412061,8.76813778167404,16.282455852605683,3.2905083875049033,3.513488819733146,1.45499392446841,1.2931564842483045,3.72,0
2022-03-01,Burnley,Leicester,C Kavanagh,0,2,A,0,0,D,9,22,2,6,6,8,1,1,0,0,10,13,2,0.7879364664884321,0.8621533670263926,1.3588717042764578,2.3107551977866,4.476928360414452,6.4588505662748865,5.975785816264087,6.808490971686759,12.145728805644884,14.22178450486442,11.833342852827474,14.85960185138894,2.4015420829771887,3.5473072701326473,0.7202062237160974,1.202248262074897,3.7,0
2022-03-05,Leicester,Leeds,D Coote,1,0,H,0,0,D,7,19,4,4,5,10,1,2,0,0,9,12,3,1.8565255083824894,1.6090428359309887,1.1091244139251337,3.2417723429693175,4.47807945403975,5.9880335318105375,3.5727016062910755,5.069641435715608,12.73196281790547,14.944645464459974,10.465355551145931,18.822777587029737,2.524557539469337,3.842716960114264,1.8120770906452106,0.8965906311444731,4.23,0
2022-03-05,Aston Villa,Southampton,P Bankes,4,0,H,2,0,H,14,11,9,1,4,7,1,1,0,0,10,8,2,1.5134553372950623,1.8202292175206611,1.42604133791522,2.080369599047409,5.192060675290856,6.659331015395985,6.1021461540412325,4.247445874403585,12.76618755917535,12.217679141657369,13.863565730623455,11.533912635394609,3.5753050716678376,4.179232418590481,1.3905673118259898,1.629682544282548,4.09,0
2022-03-05,Burnley,Chelsea,A Marriner,0,4,A,0,0,D,6,11,1,5,5,2,2,0,0,0,12,7,2,0.644389967516415,1.069446603825526,1.3755581297045691,0.7120039149589971,4.754402003080647,6.739617626834832,5.031678158703326,4.559667866927336,11.572638999587054,15.638822108863927,11.416269482149348,8.94579673661044,2.3283890273022956,3.4374744224711336,0.4801366478202936,1.1382495819666305,3.02,0
2022-03-05,Newcastle,Brighton,M Atkinson,2,1,H,2,0,H,10,15,4,4,4,7,1,1,0,0,8,10,2,1.3756954261440124,1.341026093952509,1.115336088416789,1.1861921194490848,4.15938583941019,4.559078842838123,4.538314780102607,6.794239173434786,13.047921538139883,13.796367842847793,11.340470421187918,13.721598303934156,4.691653514144479,3.9911378176853916,1.4227732167978906,1.0708869551450138,2.48,0
2022-03-05,Norwich,Brentford,A Taylor,1,3,A,0,1,A,15,10,7,6,5,5,2,5,0,0,13,18,7,0.6070890817760566,2.1647241481460098,0.7704754107201046,2.2920409821611747,5.276608105164194,7.461106675753664,2.4075941918963757,8.569233006656326,9.161030793923722,14.959757579274566,7.928043842225047,17.703724342116313,3.302352517251386,2.376554357686056,0.5831737731624942,0.6274040416586021,3.72,0
2022-03-05,Wolves,Crystal Palace,A Madley,0,2,A,0,2,A,12,12,5,8,7,7,0,3,0,0,13,8,3,1.0424683195576399,0.8619227435969463,1.326191443009207,1.2602395896571028,4.945060723287332,6.606708786181009,4.536974313061111,5.8325392896887625,11.005474197793607,11.957138286904708,8.005011668678394,12.430469164384744,4.943595161380173,3.052501290494204,1.2138830191918801,1.6940755695894085,3.43,0
2022-03-05,Liverpool,West Ham,J Moss,1,0,H,1,0,H,22,13,5,5,4,6,2,1,0,0,7,7,3,3.1420695802063565,0.4423926143264092,1.6034342665911512,1.3635530063463988,7.488642662142319,2.597150691802597,3.749922829321046,5.402204308476164,22.48600480477493,5.737363905620551,10.359137538480246,15.69896893176181,2.2858114598843824,2.495607211612369,3.7731815482491275,1.628361484598174,2.53,0
2022-03-06,Watford,Arsenal,C Pawson,2,3,A,1,2,A,13,16,7,4,1,5,1,2,0,0,5,11,3,0.687124554488212,2.6470672784336684,2.045670775430783,1.1187034950842218,4.8239128065084165,4.854933862375721,4.308537287582793,4.7935662033735005,10.725522504599896,12.346332444068203,12.979691057277611,12.586563897817282,3.2131951978996174,3.444010970959182,0.5667734884445232,2.3646362577900786,3.87,0
2022-03-06,Man City,Man United,M Oliver,4,1,H,2,1,H,24,5,10,2,9,3,0,1,0,0,10,14,1,2.693066561224096,1.0522311120850762,2.062550000740879,1.355670909740842,9.362626428793305,1.9133973805141962,5.711360768663501,4.885822844379471,18.58456399610108,6.286642279749242,14.05530925474695,14.385470357591473,2.4497132093101497,4.349775164889359,2.5380451385291862,2.4397523144442252,3.43,0
2022-03-07,Tottenham,Everton,S Attwell,5,0,H,3,0,H,14,6,7,0,5,2,2,0,0,0,15,10,2,1.6520826619034554,1.4163957727803413,0.6866382639714673,2.002211031464094,5.654434076601966,4.8902543772584695,3.3368752904712697,6.0871357015230725,13.343994793484349,13.192248121246928,10.286254779242732,16.583572079987977,4.068414554711818,3.5481880028687907,1.4813399994585295,0.5898397503765205,3.99,0
2022-03-10,Leeds,Aston Villa,S Hooper,0,3,A,0,1,A,4,15,1,9,3,5,5,3,0,0,17,11,8,1.1564879694750096,2.2862754910183947,1.083570046028815,0.8900156002212195,5.0275513054138825,4.573127349787156,4.864163913989539,6.266797638539128,15.935745359778682,13.537710169283974,11.207402577095749,12.86214257182747,5.668585522017769,5.955700693927038,0.986078515453556,1.1448593609981146,3.87,0
2022-03-10,Wolves,Watford,D England,4,0,H,3,0,H,10,9,5,0,5,2,2,2,0,0,11,10,4,0.8526198790419344,1.0691829435099718,0.7144782691829737,0.8413198783612466,5.319294654160088,6.678332759985554,4.6587688122331485,5.82584154277028,11.186591617919749,11.964944019929215,10.149393022164677,16.012886513483444,4.589638591708614,2.6260403125996863,0.8092544082716242,0.47530374225079786,4.1,0
2022-03-10,Norwich,Chelsea,M Atkinson,1,3,A,0,2,A,9,15,3,7,3,8,0,2,0,0,8,15,2,0.6831068750235831,2.326327768879955,1.853365144005415,0.5823761763424142,5.223091807261327,6.984948112170768,4.479729530796372,4.639834924230263,10.29071575124831,14.000176644432091,11.340483281410236,8.409483717302235,4.017748778359134,3.175767211612831,0.72259342904826,2.092167861985013,2.48,0
2022-03-10,Southampton,Newcastle,K Friend,1,2,A,1,1,D,14,8,5,4,12,5,1,1,0,0,6,7,2,1.71496159394295,0.6946209859608516,1.0588856892922378,1.3662895544738254,6.077258104418486,5.36860056555042,5.188328923814192,5.222534968873559,15.54720351916819,11.728826329662636,13.414194687677178,13.300608949867145,3.1628372608819366,4.980564842081929,1.8871927506854487,1.227170715001862,3.26,0
2022-03-12,Brighton,Liverpool,M Dean,0,2,A,0,1,A,8,18,3,9,7,6,3,1,0,0,12,15,4,0.656892425564013,1.4246842462870173,2.094007075383995,0.9774365126739065,5.9590805780761364,4.07176740683011,7.336533510199019,3.7441583992161505,13.63141300603611,10.46013145176927,15.774889059523597,8.891099757804668,4.692891834062441,3.411201770585231,0.43720086985981643,1.7860235143316385,3.51,0
2022-03-12,Brentford,Burnley,P Tierney,2,0,H,0,0,D,13,7,4,1,2,9,1,1,0,1,6,10,3,0.7354183931037158,1.4280953080420156,1.098584487417991,1.2024218666483388,4.866021126487335,5.828973947515786,3.8663419844384683,7.3434400947195115,10.456038857447568,13.036868728243416,8.365470806460001,16.492349920819105,3.124072870389669,2.82147668053574,0.4949967324615004,1.2328700060971103,3.83,0
2022-03-12,Man United,Tottenham,J Moss,3,2,H,2,1,H,10,10,6,3,4,5,2,1,0,0,8,7,3,1.1845645465736097,0.7510450502963222,1.7272984436735517,1.1670319902115731,5.05411314275876,4.150732806286429,4.993380749989689,4.941032748323545,16.34893573351405,11.396233374615495,12.821880854993339,15.061812459603471,2.718010191648318,3.4265263354650313,0.9412904080232111,2.0946716425867677,2.53,0
2022-03-13,Southampton,Watford,G Scott,1,2,A,1,2,A,13,9,7,5,11,3,3,2,0,0,8,12,5,1.5847953790200036,0.9322788500151301,0.5762457619467007,1.4524403163149469,7.155555038190456,5.3014929882446875,4.144367892108769,5.666063209459247,15.265518981828334,11.04995460627334,9.927016098881358,14.849553191342714,2.9511306096398466,2.891864901845902,1.5914613768222328,0.3163245803861676,2.89,0
2022-03-13,Chelsea,Newcastle,D Coote,1,0,H,0,0,D,8,7,3,2,7,2,4,3,0,0,17,16,7,1.9224399266090897,0.9509355244409583,1.2302761103562543,1.2995829703125372,8.120202530680645,4.184642788005657,5.154031524248805,6.456808608340201,16.68806950724372,8.803116157172662,12.428192140817913,13.427978096427596,4.256895305206966,4.437761212936336,1.8430406767834828,1.4847810737623557,4.23,0
2022-03-13,Everton,Wolves,M Oliver,0,1,A,0,0,D,8,14,2,3,5,2,2,1,1,0,13,11,4,1.2401857127314375,1.3659094450669573,0.9304180142244776,0.8737059639568209,5.156817495280588,4.574897170637271,4.375651808153448,5.498070852016078,13.185186285733245,11.119988806980286,9.720652864620163,15.684850530019014,4.4313986812616815,3.0558819654803364,1.1316322382933224,0.8621036567636202,3.43,0
2022-03-13,Leeds,Norwich,S Attwell,2,1,H,1,0,H,13,12,7,4,6,2,3,1,0,0,18,8,4,0.9459372729539626,2.416216481721858,0.7099676557491564,2.1146489710545047,4.658414443764691,4.650843967858765,3.919330807505822,8.302641039695507,13.762718432278456,13.803935284027423,8.294610384254824,20.242569261875087,6.0930438433968055,2.3499759234781,0.6573851690676911,0.738744782114466,3.99,0
2022-03-13,West Ham,Aston Villa,J Gillett,2,1,H,0,0,D,11,13,4,7,5,7,1,0,0,0,9,3,1,1.5316218622671853,1.0728619034689044,1.432476106699384,0.7279789777164103,4.948541876216405,4.894799394266076,4.888894290160403,5.672043057131795,12.024668271308379,12.413828750950072,11.897884493115086,11.248697088244842,2.8734974465304073,6.327886703770746,1.3033290486243494,1.763240529529579,3.81,0
2022-03-13,Arsenal,Leicester,A Taylor,2,0,H,1,0,H,21,6,8,3,2,6,0,3,0,0,8,10,3,1.6472398289394983,0.7537338003082088,1.4756726471915191,1.8897811310551333,7.6965383892576495,3.558946937174245,6.344557756138576,6.661199846866327,19.38711819548264,8.912639032065258,13.685507464816373,13.792097849593663,3.09763907644354,3.265418373111086,1.637275325340998,1.4681664325756212,3.72,0
2022-03-14,Crystal Palace,Man City,M Atkinson,0,0,D,0,0,D,7,18,1,4,2,6,3,1,0,0,6,11,4,1.374161945069174,1.487164234642744,2.1235558832528785,0.48751188909473847,5.09924882753153,4.3734387161402655,7.689108791054197,3.4788065189235997,12.17019227975868,9.934665046959553,17.23766172105408,7.222872597596036,3.605849431358833,3.35386257562245,1.1336083519210445,2.0234359666455703,2.48,0
2022-03-16,Brighton,Tottenham,R Jones,0,2,A,0,1,A,15,17,0,7,6,3,2,2,0,0,11,9,4,0.5372983083812041,1.529426479549321,1.7769466061641415,1.5007429334710571,6.148590815184653,4.422822261063316,4.994585853490031,4.76970792191953,12.606155535042413,11.832843158599886,12.30812801432352,14.140256708779507,4.566743649103959,3.3488727676051773,0.291467021383323,2.0631143796284745,3.98,0
2022-03-16,Arsenal,Liverpool,A Marriner,0,2,A,0,0,D,9,9,2,3,1,6,0,1,0,0,9,9,1,1.7114634972197567,0.6165087008388291,2.0768921068564867,0.7994840012941146,6.659424163018395,4.003366106407898,7.0932036451906795,4.336918319683316,19.68076014966692,8.382362718690274,16.17999371319897,8.72886575310449,3.079862864242914,3.5183986291655374,1.7581837370566238,1.8573491197677034,3.02,0
2022-03-17,Everton,Newcastle,C Pawson,1,0,H,0,0,D,9,17,3,6,5,7,2,1,1,0,13,11,4,1.0143300976544904,1.299272084283268,1.0062915132088204,1.2450407660440546,5.1282587790433105,4.105971445833258,4.579807190050683,6.555702266447277,12.240889455161357,11.644480173676767,11.43993314784446,12.439758072467793,4.352834790789868,4.904243507183112,0.7544206178869018,0.9898532844058773,3.87,0
2022-03-18,Wolves,Leeds,K Friend,2,3,A,2,0,H,14,15,8,6,2,5,1,4,1,0,13,14,6,1.4256332558996674,0.8745270375201841,0.9071967466737009,2.8336343071987615,5.261163732262672,5.826593488007355,4.7428583128570265,5.056962486012998,10.970560238231075,11.4251450379948,12.019176585774984,16.670317620764326,4.4822887364080914,3.6892915483456443,1.8728379156445152,0.5977266256209981,3.26,0
2022-03-19,Aston Villa,Arsenal,A Madley,0,1,A,0,1,A,8,10,1,3,6,5,3,3,0,0,13,14,6,1.9662908025373056,1.4887393565395062,2.2195307563809124,1.2792583535244388,4.9749693201309215,6.721371726126249,4.4345081694478505,4.102453188209063,12.990882509980983,11.995922296144547,13.529931835539697,12.661883809435864,3.2884194123323796,3.3631209206859567,2.2603802239537765,2.576424908192014,3.43,0
2022-03-20,Tottenham,West Ham,A Taylor,3,1,H,2,1,H,17,6,4,1,5,3,0,1,0,0,7,7,1,2.2617864521182307,1.1584497771365694,1.3115123352201423,1.297364389837657,5.535252240058539,4.363897579721399,4.159572845591965,5.146918389722948,13.463462755330928,11.882436528890674,10.83993409267327,16.84613735481126,3.6917265823438346,2.5874371793408,2.654229384852188,1.085573484342186,3.72,0
2022-03-20,Leicester,Brentford,D England,2,1,H,2,0,H,12,15,4,6,2,5,1,2,0,0,10,10,3,1.700539922079647,1.316013045582932,1.2018290112620902,2.0420654795886577,4.573128675070951,6.718670197786416,2.9091556390175444,7.878681524964988,11.688090134527304,15.68318372012348,8.328912149808966,17.180625724835952,2.611142434178653,3.271067894029881,1.5413840996791728,1.4209877721681248,4.1,0
2022-04-02,Liverpool,Watford,S Attwell,2,0,H,1,0,H,20,5,3,2,9,3,1,1,0,0,9,8,2,2.7520834722542484,0.36185042492129477,0.8485307415560385,1.3659136539109782,6.853498880438693,3.2166748986323235,3.9255139776899015,6.686148580538238,22.397522561242045,7.059602552810848,9.7497294908172,14.495836559966982,2.41583693229544,3.2950338665960737,2.8487862704448292,0.8788343002257801,3.99,0
2022-04-02,Brighton,Norwich,S Hooper,0,0,D,0,0,D,31,6,4,0,11,2,1,1,0,0,12,11,2,0.43950123866812185,1.615078547807825,0.7660811862155962,2.092467450069904,6.121544859363353,4.163845365577147,3.5479914383732325,7.857141354244984,13.041874334766675,12.773350117126009,9.011504541802019,18.84132509381073,4.463587046344766,2.669211616060692,0.19431124750461623,0.8261291889266635,3.87,0
2022-04-02,Burnley,Man City,C Pawson,0,2,A,0,2,A,3,18,1,6,1,8,1,0,0,0,11,6,1,0.5270373073714337,1.603142431002139,1.7370340209752775,0.39877676102891857,4.799128922675389,5.8764652430029996,7.381663396912908,3.2096395739185835,10.55778146983734,14.794026035280323,17.376419741781238,7.182306143869606,2.2685846730152845,3.471470142499899,0.320090727589224,1.3489566162873834,3.87,0
2022-04-02,Chelsea,Brentford,A Madley,1,4,A,0,0,D,21,17,8,6,12,7,0,0,0,0,11,7,0,1.7544503788687138,0.777756519420731,1.163230349535744,2.0340206935252176,7.916197574825765,3.7867879864681373,3.309017847663061,6.7544167913663795,15.105847375311516,8.474742830054998,9.60472013036675,16.189860231642903,4.756454033954475,3.2192276859195337,1.562026466515292,1.2803373172054282,3.43,0
2022-04-02,Leeds,Southampton,A Taylor,1,1,D,1,0,H,12,14,3,6,4,7,1,1,0,0,14,7,2,1.1377939089993274,2.1584419459913193,1.166415639342535,2.4298583344702456,4.902604931846635,4.168347060127469,6.265609810932136,4.202395772213084,13.623891217434393,13.475589592299038,13.342223723589633,11.982889560364374,5.7120756708337375,3.7824804283179296,1.104923907073682,1.0864541901179947,3.72,0
2022-04-02,Wolves,Aston Villa,D England,2,1,H,2,0,H,11,15,5,5,4,9,4,3,0,0,15,8,7,1.5301773864830894,1.2613978395355019,1.3537583901230004,0.9595075841763336,4.667578656905258,5.676139969524134,5.273150017484206,5.549720241885034,11.521967765393992,12.075827041790236,12.098487520106607,11.203430155337871,4.758536980511106,5.358124284525617,1.9152253207613994,1.5088267576040153,4.1,0
2022-04-02,Man United,Leicester,A Marriner,1,1,D,0,0,D,11,11,5,3,6,5,2,2,0,0,13,6,4,1.5150034570054236,0.9783752547272108,1.2069314820884176,1.9098535687417453,4.862247330230062,4.305313309617762,6.2818088443076086,5.812328466069716,15.193325710461773,11.14209609083286,12.285866267675393,15.104760265296724,2.7693369435021173,3.2170818785874564,1.6275276456041003,0.9787764873992671,3.02,0
2022-04-03,West Ham,Everton,M Oliver,2,1,H,1,0,H,11,13,5,2,2,4,1,1,0,1,9,12,3,1.6168743350061114,1.0595998467271943,0.5615915827747572,2.5481514212048864,4.957908095391988,5.277980296173761,3.093411115782825,5.88915268977008,11.838161906410553,12.52052149427892,9.505666275759458,16.113066529705385,2.5324903048224114,3.266240750894278,1.5355529383065358,0.39322604453582966,3.43,0
2022-04-03,Tottenham,Newcastle,M Atkinson,5,1,H,1,1,D,19,8,6,1,2,3,2,3,0,0,10,7,5,2.396185927763739,1.129602342645008,0.8231300184974986,1.2004393435092282,5.437803987302451,4.115585800460892,5.020321819003857,6.272539039183585,14.107326245303694,10.81147760749262,12.451956147112616,11.813665909581994,3.20166968446362,4.739656416678357,2.7694864346648576,0.6599018497070107,2.48,0
2022-04-04,Crystal Palace,Arsenal,P Tierney,3,0,H,2,0,H,6,12,5,3,0,2,0,2,0,0,11,15,2,1.124042022034449,1.2164760488408048,1.9974367052560777,1.0462870498627976,4.53513490996221,4.669499442163194,4.537492346655512,4.448023692622017,11.229132821862782,11.40268776796585,12.887080593414348,11.812887869240408,3.6775912739024785,3.8433344405065752,0.755738512021016,2.0509487208354478,3.83,0
2022-04-06,Burnley,Everton,M Dean,3,2,H,1,2,A,13,16,4,4,9,6,2,2,0,0,11,16,4,0.4310846687892903,1.6753944904940163,0.6414084075441214,2.448354737988127,4.107457879001948,6.263076893079513,3.258465077491408,5.181091880387411,9.181808528804076,15.37770703250375,10.141846174673425,15.182179440861194,2.037625602493743,3.2177688454160704,0.21339365352307293,0.5954843422227745,3.51,0
2022-04-08,Newcastle,Wolves,P Bankes,1,0,H,0,0,D,12,5,4,2,1,2,1,1,0,0,6,13,2,1.4893565850459287,1.278938736791199,0.9430830723635317,0.7146772051966156,4.130367985018983,5.003473997269947,3.94324436917235,5.407413820201804,12.493015633594958,14.01550163042932,10.499563952924385,14.286082189796229,4.201609919092027,3.22772687137159,1.6151824418452296,0.9080691518600779,4.09,0
2022-04-09,Aston Villa,Tottenham,G Scott,0,4,A,0,1,A,9,11,8,5,9,3,2,3,0,0,12,14,5,1.6083070543578097,1.399759259337669,1.8175459677598014,1.2275832026536004,5.161586846035535,6.407978050209286,4.631538643551494,4.99364117882851,12.08224029625503,11.632543825509964,13.162125364604611,14.296744033000138,3.7820909389506294,3.4673885610578976,1.5069189850441538,2.0420762314133647,2.89,0
2022-04-09,Watford,Leeds,A Marriner,0,3,A,0,1,A,8,10,1,5,3,8,2,0,0,0,8,12,2,0.9411309705679666,2.715350355879291,1.2881211279135305,2.6818992446001793,4.084087569694694,4.883000294601599,4.789662300718867,4.500545373411963,11.165573294669645,13.053219761217573,12.561735143462693,16.184276190072385,3.1719476078643067,4.109878235495085,1.0461577838221705,1.3984852419759337,3.02,0
2022-04-09,Southampton,Chelsea,K Friend,0,6,A,0,4,A,4,24,1,14,3,3,1,0,0,0,11,10,1,1.4783530665135376,1.126621542166542,2.062071419826393,0.6583905347704849,7.855306826114283,4.882583665984462,5.120476265180946,4.341358178814729,14.85315751642617,10.67682937879518,12.006575107983041,8.516967327737746,3.32405831009315,2.9617583711478512,1.3943073814514984,2.3947788863890715,3.26,0
2022-04-09,Arsenal,Brighton,D Coote,1,2,A,0,1,A,20,8,4,3,11,2,3,4,0,0,12,19,7,1.3999491813581002,0.8683267187275319,1.0943379506141175,1.33435433177378,5.629316510019922,4.366786093102873,4.986490248715783,6.285518789183697,17.736687315913276,8.494782793936055,12.006725948349203,13.044042518013967,2.7012938452172612,3.628630411254376,1.1721218876440207,1.0472579335847962,4.23,0
2022-04-09,Everton,Man United,J Moss,1,0,H,1,0,H,7,12,3,4,5,7,2,2,0,0,4,10,4,1.0117211539196609,1.0627260504837301,1.8691016911609792,1.8370985998513387,5.1049079306339085,4.632859527607439,5.21772926238757,5.634851704679778,11.650851728749291,12.619508413855101,12.406695761892408,16.135895754450832,4.288597537209627,3.739913659389625,0.8362805384156432,1.9598341347201726,2.53,0
2022-04-10,Brentford,West Ham,M Atkinson,2,0,H,0,0,D,15,5,7,1,4,6,0,1,0,0,2,6,1,0.9772625034460293,1.1549801232457373,1.2548120011807602,1.6072718860378592,4.317910727144438,6.4354148212033,3.9485116443024624,5.1201768426573,10.942557098667304,11.882351582909747,9.958987020098325,16.874142869816687,3.1003446326916277,2.2984976794922614,0.9978127482556576,1.0570489601771405,2.48,0
2022-04-10,Leicester,Crystal Palace,R Jones,2,1,H,2,0,H,12,11,3,3,3,4,1,1,0,0,11,12,2,1.755059752506417,1.25847957475277,1.4488653183463243,1.030799828596592,4.104663763135544,6.405768363279511,4.985393827679693,6.045087688120069,11.744876578623973,15.55880299855909,8.732340960426288,12.352097763398026,2.6819380096556125,3.0429428829935827,1.6942563026729505,1.7960505372993536,3.98,0
2022-04-10,Norwich,Burnley,M Oliver,2,0,H,1,0,H,17,18,6,4,6,7,1,1,0,0,12,10,2,0.7437109004700821,2.455163789037973,0.8985757237141386,1.347629284226043,4.79793801931722,7.179071069063877,4.800977968043219,6.370611095666103,10.043873632983134,14.191387230295547,8.116872604863646,15.856531194008237,3.631865688224504,2.8539787127665748,0.815273936638922,0.8219127023813623,3.43,0
2022-04-10,Man City,Liverpool,A Taylor,2,2,D,2,1,H,11,6,5,4,4,1,1,4,0,0,9,11,5,2.9310074245136906,1.0427218933816824,2.062896487258715,0.6539648522675333,9.296606505391914,2.111224720195203,6.894222722616368,3.7295446718485694,19.57050060130734,6.052395633588619,14.873117561243872,8.778216615431106,2.1857777996624574,3.060008936773108,3.02536417869801,1.9048994621620847,3.72,0
2022-04-16,Tottenham,Brighton,C Pawson,0,1,A,0,0,D,5,12,0,5,4,4,3,3,0,0,14,10,6,2.8701226261866335,1.1060125990315959,1.2591832389738278,1.2734963812027686,4.812067499839705,3.912530959980744,4.442900234574367,7.143631387796426,14.997872797949682,10.299742753152357,11.277436369767626,14.31014041591463,3.528995180360924,4.24227475287251,3.5129917223594354,1.3648389495434807,3.87,0
2022-04-16,Man United,Norwich,A Madley,3,2,H,2,1,H,20,15,9,4,6,7,0,0,0,0,7,6,0,1.4212829856157598,0.9823105318463814,0.6195724738320464,1.6922948347774622,5.0692958754101465,4.431732585459755,3.2519467938921776,8.458195370031099,14.430223139150808,11.116237404965158,8.43557125862587,21.166603193375817,2.993293346527994,2.5412286634111094,1.4183516200820285,0.5501224876344104,3.43,0
2022-04-16,Southampton,Arsenal,P Bankes,1,0,H,1,0,H,9,23,3,6,6,8,2,1,0,0,6,6,3,1.2093219670338602,2.0134803003274113,1.6337825206480983,1.4019808688311985,6.971736748486453,4.539990570333286,4.075515399979899,3.6382145883830614,12.87809691310478,13.101383649332993,12.725578319509601,10.754591006694653,2.9011255367376076,3.5077361804173846,0.9295379351152424,1.3672980908375527,4.09,0
2022-04-16,Watford,Brentford,S Hooper,1,2,A,0,1,A,17,16,4,5,6,5,2,1,0,0,11,9,3,0.7611449727870617,2.7697879972036716,1.7006804639259783,1.8381166870345786,3.87676192744575,5.479108933679057,4.008305778800209,7.748237102106889,10.56017523020487,12.469308677263466,11.005818739565322,17.10118208264813,2.9478192281329454,2.6093176469558457,0.6966403441598327,2.188273822604007,3.87,0
2022-04-17,Newcastle,Leicester,J Gillett,2,1,H,1,1,D,16,8,7,2,3,5,2,2,0,0,10,10,4,1.4002856921810691,1.046150993279469,1.1692574475667896,1.744205237166192,3.560589872408027,4.456792663436226,6.048442175479812,5.84649602615608,12.403278734118032,12.374533051715764,12.051760902606292,14.357445848094029,3.8008809471599267,3.3596202880939487,1.4101214166547977,0.9858510025311465,3.81,0
2022-04-17,West Ham,Burnley,P Tierney,1,1,D,0,1,A,21,9,8,1,13,4,2,2,0,0,9,10,4,1.6865956493706624,1.0487538501536886,0.7350202623926283,1.466371411967964,4.419627162989392,5.045413088798985,5.2012359022396195,6.303153821757128,11.685632971116766,12.607777125219117,9.915763246744614,16.064661197006444,2.617567848313193,2.698540635997743,1.6903687318592153,0.5479415193582888,3.83,0
2022-04-19,Liverpool,Man United,M Atkinson,4,0,H,2,0,H,14,2,5,1,10,2,1,2,0,0,3,6,3,2.615191993872891,0.2959877362067992,1.5288946487415904,1.684732979395481,7.244197150569874,3.1772365273661585,5.542131652745006,5.519298323156775,21.9611342879067,6.6847212414489325,12.33267048923216,14.473013478343642,2.340147817286877,3.7872536222879396,2.565857222172725,1.3065554168434519,2.48,0
2022-04-20,Everton,Leicester,D Coote,1,1,D,0,1,A,13,11,3,3,5,4,3,1,0,0,8,17,4,1.0095877124233488,0.869292548044098,1.1384498270309666,1.7907640627996997,5.085812973427417,5.063717764434399,5.857608571639785,5.328387247539765,10.804320735357438,12.506747761918259,11.31427422663523,14.656417537369276,4.236068070756349,3.4761798572405658,0.8908537484952639,0.9905673398792627,4.23,0
2022-04-20,Newcastle,Crystal Palace,T Harrington,1,0,H,1,0,H,13,10,4,2,2,5,1,1,0,0,12,12,2,1.5094218676054687,1.0377524227719948,1.3671644975074175,1.2072100931556646,3.458573572548901,4.555645684620013,4.806036053130252,5.49083198272849,13.05781106377604,11.578454318379904,9.14509195129922,12.288010218405374,3.8371166874078577,2.8531102402253845,1.606747746138589,1.5307000848508616,3.69,0
2022-04-20,Chelsea,Arsenal,J Moss,2,4,A,2,2,D,11,14,2,4,6,1,3,1,0,0,7,6,4,1.6170948187987841,1.364399551690535,1.3364074115597653,1.3288137837330662,8.659696398652791,4.371786745967597,4.789835709627667,4.068098116665769,16.17893933414346,10.026854812653324,14.595690913714211,10.435226779554894,3.8904919692785405,3.415319900936185,1.374684021526148,0.911531591054049,2.53,0
2022-04-20,Man City,Brighton,M Dean,3,0,H,0,0,D,17,2,5,1,7,4,0,3,0,0,12,7,3,2.761548863825343,1.216962147384749,1.212017001538899,1.0417451579132178,8.332537593261502,1.9089636675683113,4.362301127523198,6.571552479330922,18.0105294796648,6.042858772312868,11.408928698825315,12.615878490845084,2.698012214737609,4.562146078964535,2.6835757670413294,1.2432258828431497,3.51,0
2022-04-21,Burnley,Southampton,S Attwell,2,0,H,2,0,H,16,11,6,3,10,10,2,2,0,0,7,7,4,0.8986692262213497,1.7344779961504018,1.1361252743287997,2.1696007586790205,4.997980472164417,6.215192600776579,6.399280822726793,4.165556435226538,9.876781752545398,15.490974518693216,13.461949751675462,11.986003939903197,2.394809801219951,3.458039870826475,1.142263392549995,1.0576360970585952,3.99,0
2022-04-23,Arsenal,Man United,C Pawson,3,1,H,2,1,H,14,14,7,5,1,7,3,4,0,0,9,12,7,1.3271663188376326,1.0742689351092491,1.250665978164555,2.1060659114610476,6.606674975324975,3.9360777059905008,4.8975335559675415,6.334697652225321,18.148565583465523,8.404742084398267,10.45232825891834,14.38693435487173,3.48357357889999,3.6439889906035954,1.1147478856937587,0.8710366454647818,3.87,0
2022-04-23,Leicester,Aston Villa,A Madley,0,0,D,0,0,D,5,11,2,3,7,6,3,2,0,0,15,16,5,1.7996428790229335,1.2114320694895115,1.289381340552968,1.1488566814724654,3.903596911876755,5.967879219265588,5.951363206946859,5.267701724114114,11.791313209144777,14.729026377818313,12.626505562819935,11.16640987946633,2.5578141514003696,5.656913280840802,1.7961709734352402,1.339217721921723,3.43,0
2022-04-23,Man City,Watford,K Friend,5,1,H,3,1,H,21,5,8,2,11,4,1,0,0,0,9,7,1,2.8049422674650675,0.9954990395845326,0.6877693825791865,1.4860467000266746,8.09004203388975,2.2894910370503143,3.7501674904988134,7.124527392814452,17.82663304576894,5.307138215976856,8.849852880199698,15.538647092709448,2.7529680353320596,3.0496786966310467,2.7890505837969286,0.5854428629643413,3.26,0
2022-04-23,Norwich,Newcastle,C Kavanagh,0,3,A,0,2,A,5,13,2,7,2,3,0,2,0,0,11,10,2,0.9817255450990737,1.9900121476104535,0.8553168665965026,1.8918844415101637,5.0256788755113,7.145144533457925,4.652663096212273,5.4950212044269735,11.361770879611635,14.912961281403561,11.641787937486187,13.121436972777971,3.3226948675827135,4.787033813898279,1.210784765473544,0.7732679776601644,3.7,0
2022-04-23,Brentford,Tottenham,M Atkinson,0,0,D,0,0,D,15,9,2,0,12,8,2,1,0,0,8,7,3,1.1710288123968304,0.9361593249989428,2.2147095555096015,1.004187272281201,4.257679838590728,6.352921783594617,4.334630790440736,5.7227194639717025,11.711274132528768,10.57843159599671,12.768661193407487,13.332841090504097,2.7024164953420584,3.7462936141424867,1.3323845305800668,2.694717935818098,2.48,0
2022-04-24,Brighton,Southampton,R Jones,2,2,D,2,1,H,8,18,5,5,6,6,1,0,0,0,12,7,1,0.35952068183103686,1.3211661074680527,0.9293728830207062,2.138736765757755,7.00932747366332,3.7700681881278424,7.054540693404309,5.22731008706892,16.30989900475013,11.54073399148785,13.013923455684482,12.716472051896014,4.0152627950175175,3.5566659248648094,0.12954078718788645,0.7050904892576505,3.98,0
2022-04-24,Burnley,Wolves,A Taylor,1,0,H,0,0,D,14,10,5,4,3,6,3,1,0,0,8,7,4,1.0990897047063928,1.418837211213878,0.7714605543022757,0.7666003262231758,5.908249367784895,6.903952896944011,3.589612221995861,4.605351435532643,10.991086700924011,14.673705735026655,9.498751785365968,13.870060321304265,2.6869227570717213,3.0043047961261986,1.4281757913869544,0.6053792266976019,3.72,0
2022-04-24,Chelsea,West Ham,M Oliver,1,0,H,0,0,D,26,6,5,2,3,1,1,0,0,1,11,9,2,1.6867898171177955,1.844121889837707,1.0264609665296864,1.6787406567185925,8.175588203899018,3.7580664749201644,4.3218420620521725,4.916326751350978,15.236287769453051,10.750032144139471,9.056549192124784,16.533085832584124,3.9104242198506203,2.0621967130326952,1.583122895739119,0.7046990648044219,3.43,0
2022-04-24,Liverpool,Everton,S Attwell,2,0,H,0,0,D,18,9,4,1,13,1,2,5,0,0,8,8,7,2.86719973741906,0.24212380619716325,0.8886942720377586,2.54876318764137,7.745698914475219,2.9630026988722165,3.7574692205440976,5.876195545848111,20.512364870711945,5.832194375647445,11.208125872764253,14.784987133393615,2.4602278997992575,3.360147694489822,3.043905143086718,1.0636567104326449,3.99,0
2022-04-25,Crystal Palace,Leeds,D England,0,0,D,0,0,D,17,9,7,2,6,3,2,2,0,0,12,13,4,1.4654293731494152,0.9951014013879135,1.5996493180092728,2.193846479119684,3.709829806091999,4.1837031961559665,5.373880442177804,4.227475711791678,10.277533786248966,11.511386812975296,12.095549874305823,14.694899347872454,3.372302750397148,3.7259220112880134,1.5038261884384831,1.932323861270427,4.1,0
2022-04-28,Man United,Chelsea,M Dean,1,1,D,0,0,D,6,21,3,6,2,9,0,1,0,0,9,12,1,1.7085317826188267,1.1674799274925274,2.7786967508070615,0.538576443354526,5.238638219679808,4.899030852652121,4.734591408603645,4.097257446847072,15.443648400471929,11.822891050364932,14.189141883344549,7.694968365500034,2.4486612781881134,2.6047570407768603,1.9455679881026173,3.5965200829022863,3.51,0
2022-04-30,Wolves,Brighton,S Hooper,0,3,A,0,1,A,11,17,1,9,7,3,2,1,0,0,6,4,3,1.6156758354922678,1.2138285884785154,0.9914895590224801,1.3980511598690257,4.546092508484743,6.2810169361775445,4.296380153665521,6.649508841218325,11.426979927239696,12.607968844608154,9.696966754284318,13.413572832481865,5.166439040063273,4.27791237663718,1.9434835665809411,0.8288170654954224,3.87,0
2022-04-30,Watford,Burnley,C Pawson,1,2,A,1,0,H,13,17,1,6,5,6,1,2,0,0,13,9,3,0.8063980872502918,2.6239451202236412,0.7832413482503311,1.3815010135701522,4.279027421503482,5.3883376751917655,4.98263466087572,7.521847739461026,11.780254752210833,13.138228148737229,9.749112398097338,16.962795515897792,2.957705318744613,2.9353805706226845,0.797914413015835,0.6986277830577152,3.87,0
2022-04-30,Leeds,Man City,P Tierney,0,4,A,0,1,A,7,19,2,6,3,6,1,2,0,0,13,3,3,1.1127181353702866,1.9476283606084883,1.7848886424897537,0.3262072558838687,4.738348636979839,4.6836520444471885,7.494188462775128,2.8075287537834,13.328375045041236,13.571021943175204,17.489899049453022,6.421208916331541,5.036551114692793,3.0217113231564183,1.0699492473632055,1.5659712265621988,3.83,0
2022-04-30,Aston Villa,Norwich,J Brooks,2,0,H,1,0,H,21,9,6,3,2,3,4,1,0,0,16,8,5,1.3155688963149228,1.873045553038285,0.881106198195241,1.940050689935646,5.8602407463927735,5.787670370549688,3.962047321100534,7.992469369825004,11.521222209238344,11.517410515698595,9.679258061810852,20.945580305731333,4.003770284464472,2.059771300237993,1.0046121392486071,1.034151896928854,4.49,0
2022-04-30,Newcastle,Liverpool,A Marriner,0,1,A,0,1,A,4,24,2,10,0,6,1,3,0,0,11,11,4,1.4167321598849238,0.8489325568224655,2.051450567130496,0.8989167003309804,3.1931849688677323,4.636496300261099,5.821590443114104,3.778762207186262,13.047292295452248,11.291253319120534,13.258385176006849,9.182537369583493,3.5028518675547615,3.413049046434827,1.404498404827687,1.936599663211867,3.02,0
2022-04-30,Southampton,Crystal Palace,J Gillett,1,2,A,1,0,H,8,14,3,5,6,7,1,3,0,0,13,11,4,1.1712356712196328,1.6471259829996738,1.118367524534363,1.1695019431557307,6.794928486167651,5.169541995468641,4.841333665769464,4.85556941407357,12.172474142968774,14.902444645583172,9.300668354193563,12.417578315566653,2.919115822753194,2.697861003014089,0.9530253008303071,1.0204663728250445,3.81,0
2022-05-01,Everton,Chelsea,K Friend,1,0,H,0,0,D,9,17,4,5,3,8,3,5,0,0,9,12,8,1.0078429378676794,0.8930787262625481,2.455061484165007,0.6225328208101688,5.07019670481491,4.870142111781447,5.510685841894488,3.715659812107247,11.203891054553653,12.232549387924019,15.428382851005193,7.386567544129245,4.193108338019836,2.3127702405806594,0.9272358573160071,2.7310129923368995,3.26,0
2022-05-01,Tottenham,Leicester,J Moss,3,1,H,1,0,H,13,6,7,2,7,3,2,3,0,0,13,8,5,2.347816917723169,1.0867203969709407,1.113254689257313,1.6468606001811699,4.664287231862977,3.9284486000491676,5.519560450557508,5.2686272455065035,13.178457143992482,10.609156036676344,11.257082516045285,14.354982216288082,3.9786693201216337,3.5715047915395957,2.341993677376597,0.9937115620788393,2.53,0
2022-05-01,West Ham,Arsenal,M Dean,1,2,A,1,1,D,8,13,3,7,3,7,2,2,0,0,8,9,4,1.5616690333195984,1.0398830489408588,1.821128726694558,1.4509564368029066,5.980832719661254,4.855199358667056,4.100160360143662,4.419666155135764,13.380389345763998,11.951339252166497,14.48728691666056,10.538004366245572,2.8691024608449274,3.5217201468977164,1.460245715879727,1.941021767716905,3.51,0
2022-05-02,Man United,Brentford,C Kavanagh,3,0,H,1,0,H,9,12,5,4,3,8,1,0,0,0,4,6,1,1.5796309623551756,1.1370108637736207,1.7569591067904975,1.680532353158194,4.6494435874913425,5.645106469775779,4.194766060136168,7.419530152996676,13.72559699478471,13.492451824173218,11.944834439119164,17.082157630157216,2.1851111713002545,2.682774504830317,1.630378562530652,2.125452120269571,3.7,0
2022-05-07,Liverpool,Tottenham,M Oliver,1,1,D,0,0,D,22,8,3,3,11,5,3,2,0,0,12,8,5,2.7094120661230994,0.19806919006124615,1.8117414176261561,0.8214746117471198,8.701723111438461,2.6058328206564245,5.001547588337312,6.864875573012048,20.055238115144387,6.408579089591719,12.082950338165533,13.63618195957836,3.28624298836114,3.6105049066538846,2.6959366027435507,1.7964782126277663,3.43,0
2022-05-07,Brighton,Man United,A Madley,4,0,H,1,0,H,17,15,6,5,7,6,0,2,0,0,13,9,2,0.6580071783715469,1.4446804657843633,1.205057107150107,2.26871791887797,6.825679549462658,4.17580602747645,5.280078971824223,5.364045236995289,14.797906373656279,12.716002499752834,11.097829910260812,14.316531346008604,3.466633368321492,4.254617821733388,0.7530274769163554,0.9140244499914336,3.43,0
2022-05-07,Crystal Palace,Watford,G Scott,1,0,H,1,0,H,15,6,7,1,8,5,2,1,0,1,11,18,4,1.198793351180455,0.8140419221776808,0.7464755921359487,2.1467470519171443,4.126528066222513,3.968327472700483,3.7971414861243002,7.853201309832303,11.50069177795967,11.054438015778802,8.125996034209802,16.565501316319164,3.4865127564892653,2.6642941110883727,1.0025505627877924,0.7237689706688964,2.89,0
2022-05-07,Chelsea,Wolves,P Bankes,2,2,D,0,0,D,19,14,6,4,9,3,1,3,0,0,7,11,4,1.5618076164541932,1.5085280788358373,0.6310927023442852,0.8090675796336616,7.233733232655414,3.256152775822754,4.028184165690684,4.313256484745177,17.19507109493843,9.885619982222432,9.589954290527869,13.893702947593988,3.562764692515165,3.185472318163724,1.3887484636705385,0.4035860587425504,4.09,0
2022-05-07,Brentford,Southampton,M Salisbury,3,0,H,2,0,H,18,19,5,4,4,7,0,1,0,0,12,9,1,0.9508496915102956,0.7601408231432006,1.1241743253242305,2.113493502588418,5.713405973349153,6.662608641749056,6.862666188466946,5.367901621792088,12.329626783352564,10.281651809276728,13.92114398733782,11.858306268755875,2.758368726194356,3.0914785578035926,0.8878051237489925,1.1367271904594092,3.97,0
2022-05-07,Burnley,Aston Villa,D Coote,1,3,A,0,2,A,14,12,6,7,4,5,1,2,0,0,13,11,3,1.081060255341522,1.1606786695937157,1.0547773959717401,0.9398213086506829,5.379091117972167,6.739477959492424,5.960212709528582,5.5828947519113035,11.538560831861416,13.823321316729642,12.330561602007519,10.044426773206213,2.9258381896455363,5.537387394986928,1.2854504622457967,0.8928116102314649,4.23,0
2022-05-08,Arsenal,Leeds,C Kavanagh,2,1,H,2,0,H,19,3,9,2,8,2,2,2,0,1,13,15,5,1.631539717060317,1.0607556442088202,1.308591871970306,1.7946743943225,5.586536073181415,4.4935607666316,4.9419510368241495,4.549987894030461,17.393730826963203,9.4228036435849,11.5323121506634,15.114314216567514,4.123390119804726,3.7757907159546606,1.743165544844537,1.2882156126144586,3.7,0
2022-05-08,Leicester,Everton,C Pawson,1,2,A,1,2,A,16,10,9,4,6,1,3,0,0,0,11,6,3,1.4721433706976819,0.990975326792506,0.7269694428861831,2.448899111143526,4.467081201319623,5.973724567817881,3.255664209963052,7.172587448560855,10.555428155058244,14.05041712733722,10.806290516383337,15.370056063094045,3.0022438068492905,4.022529022655501,1.197446904442861,0.7091042301287743,3.87,0
2022-05-08,Norwich,West Ham,R Jones,0,4,A,0,3,A,8,13,2,5,9,5,1,1,0,0,7,7,2,0.7971395936831158,2.179912033156439,0.8396955898853737,1.5552432627315316,4.456784833073955,6.365766374985159,3.7174302976481224,4.567649598336912,10.16561831297455,14.553282570879501,8.500407673145217,18.255598278541484,3.0739991992418023,2.0508799723924134,0.8067797950766123,0.46979926898952573,3.98,0
2022-05-08,Man City,Newcastle,S Attwell,5,0,H,2,0,H,21,7,9,3,8,2,1,3,0,0,6,11,4,3.2043347407696445,0.9963179928566652,1.245543642142599,1.5476545859115172,8.619511164505719,2.6007194822963435,4.35195975171611,4.8590993594575425,18.404029648039483,5.251254177071106,11.888915685827023,11.643735155979215,2.4340141286179025,4.2799308290347104,3.5260340599525315,1.5155123249366644,3.99,0
2022-05-10,Aston Villa,Liverpool,J Moss,1,2,A,1,1,D,9,17,4,6,2,3,0,0,0,0,10,12,0,1.44012185765638,1.5321882058162195,1.8601383130884188,0.7353581027967965,5.157753068866934,5.280369346346729,5.854052201695525,3.091213464577523,13.246172810373247,11.059291454548129,15.212830404600151,8.239570636931322,4.185064443333384,3.5198452320559466,1.336408320697244,1.6243996325366061,2.53,0
2022-05-11,Wolves,Man City,M Atkinson,1,5,A,1,3,A,7,16,3,5,6,2,0,1,0,0,2,10,1,1.3217023520474873,1.538823875490694,2.187929888561853,0.26685359023476535,4.992582898131618,5.684033335395053,7.222319701928572,2.8425490477497406,11.349290595125987,13.4071023525715,17.764663099910155,6.526520407235256,4.772253760264172,3.017760930906761,1.295655414451677,2.3773145225076853,2.48,0
2022-05-11,Watford,Everton,M Dean,0,0,D,0,0,D,6,16,0,5,1,13,1,2,0,0,5,12,3,0.8427994964213732,2.5066297419870462,0.9585983496169537,2.185270783290784,4.414586091654177,5.503343618282134,2.8452443406317016,6.959234244084639,12.009593632279943,13.864326022909147,10.659585325550621,15.484674855700263,2.965657647191534,3.8364790662780583,0.8653447143504021,1.139403017094273,3.51,0
2022-05-11,Leicester,Norwich,S Hooper,3,0,H,0,0,D,20,9,8,5,10,2,0,0,0,0,10,5,0,1.3862365146809434,1.174568156213119,0.7154388925981835,1.9513224761188632,4.745996977112456,5.0687514879606725,3.7811613077345534,6.865753593219125,11.546072265691516,13.31344055928393,9.551542636433323,20.955812402769546,3.0018355444360183,2.612598833997751,1.1316312394954646,0.6890843684806679,3.87,0
2022-05-11,Leeds,Chelsea,A Taylor,0,3,A,0,1,A,5,17,0,4,1,5,1,0,1,0,10,14,2,0.910258199310576,2.3210589875333314,2.008420349822536,0.6912041637389749,4.422054741243787,4.923162585744213,5.9635584507811705,3.5854622132509335,12.176922250075735,14.558828751849665,15.71430190871786,7.68009392093205,4.665999044625359,3.347428951736011,0.7132993349531873,1.820675050364582,3.72,0
2022-05-12,Tottenham,Arsenal,P Tierney,3,0,H,2,0,H,16,8,6,4,2,2,1,3,0,1,8,15,5,2.466482140244281,1.0709415528344903,1.8536744949400692,1.3689045599990397,5.089271999037194,3.7595166502359034,4.627788453374437,4.161356786519899,13.145986726899753,9.770516486540691,14.2166738975339,10.076212484388313,4.164501237092398,3.6087435406932284,2.5613292186718666,1.960681187478825,3.83,0
2022-05-15,Tottenham,Burnley,K Friend,1,0,H,1,0,H,21,8,8,1,8,2,3,2,0,0,12,8,5,2.563543262179607,0.876108733755351,1.0046315377356132,1.3120866054114997,4.527251064391768,3.439413663966657,5.167745080991164,7.062995568498882,13.665207827449708,9.448412336798986,11.068417075169794,16.241761768659202,4.316500735929267,2.9471381263990115,2.7075528570793614,1.13241872064575,3.26,0
2022-05-15,Aston Villa,Crystal Palace,C Kavanagh,1,1,D,0,0,D,13,16,4,4,1,5,1,3,0,0,11,15,4,1.3600413410123882,1.6173069280943535,1.27878124381965,1.138660931867741,4.583197425265058,4.865454358104675,5.234104695655776,5.063799455344837,12.473578342502398,12.140208026345814,10.155715427023676,11.61379648180445,3.423588690697178,2.9347862131733473,1.2242721624576327,1.3469777313736473,3.7,0
2022-05-15,Leeds,Brighton,M Dean,1,1,D,0,1,A,19,16,5,6,8,1,3,2,0,0,16,8,5,0.7446579659531269,2.444576457835251,1.3568911538432322,1.1437083827368746,3.7994917540153876,4.937141359833783,4.060534043045947,6.713272526871394,10.871248760618597,15.002942881956237,11.025583195887048,12.974479589941543,4.180982744574365,4.045426046998214,0.47553281739595277,1.5525449312318043,3.51,0
2022-05-15,Watford,Leicester,J Gillett,1,5,A,1,2,A,13,13,5,7,7,3,0,1,0,0,4,6,1,0.6853117093248102,2.038234147528125,1.0926479098613184,1.8930653735724374,3.776527324760399,6.9041890497200695,5.061124453602452,5.583651873961605,10.886624757101385,14.263403822599235,10.300552235620799,14.108442140997191,2.9720749518653737,3.8314206133215896,0.5767011686135813,0.9958077090122615,3.81,0
2022-05-15,West Ham,Man City,A Taylor,2,2,D,2,0,H,6,31,2,8,4,9,3,1,0,0,9,5,4,1.459486462420676,1.214553918443884,2.699520409827542,0.4002324673866036,5.438539780856315,5.245395774342248,6.272240524436314,3.4169735515920183,12.401553086022217,12.142118598823911,17.443623837244097,6.61265896782303,3.0748428722241243,2.6506764253557202,1.3068304304266136,3.251543281843632,3.72,0
2022-05-15,Wolves,Norwich,T Harrington,1,1,D,0,1,A,17,11,4,2,5,3,0,3,0,0,5,10,3,1.2631761178305876,2.16850408528621,0.581750051448508,2.1472811867199093,5.175858926058687,5.0138094577083585,3.44832870163047,7.451427330466456,10.55803868656012,13.878819559635772,9.448479891770909,20.777206719174824,4.085980235393541,2.124401569186319,1.1971035795537381,0.4592340531882376,3.69,0
2022-05-15,Everton,Brentford,M Oliver,2,3,A,2,1,H,10,18,5,7,5,2,0,3,2,0,8,8,5,1.0064159091811358,0.7305823526816205,1.4286489892328949,1.927091636509654,4.693522793278119,5.4396222054206484,4.905822337600139,6.5936848282695335,10.802891351390716,13.099990760008358,11.955142824617676,15.571903856224393,4.885775256955478,2.3683267220853907,0.9514905826488123,1.4164883673113131,3.43,0
2022-05-16,Newcastle,Arsenal,D England,2,0,H,0,0,D,16,11,4,2,12,8,0,3,0,0,11,8,3,1.158990810826339,0.8764157520981142,1.5164416865310668,1.6656443044990175,2.612259494756651,4.884553973382334,4.14972367854197,3.768148366658931,11.401348631868995,13.603313147450931,13.085695183012568,11.15390735787391,3.5932963664985844,3.8618501806507233,0.9363321269879827,1.3071205921679958,4.1,0
2022-05-17,Southampton,Liverpool,M Atkinson,1,2,A,1,1,D,4,24,2,5,1,9,2,0,0,0,6,6,2,1.140083337591034,1.7113231740881951,1.8855828825609777,0.783503519082199,6.650309802247472,5.502551105335477,5.334824018996278,2.8926926443160923,11.413389860864111,14.738265905953096,15.537964198804595,8.377913010635186,3.1157574702769573,2.8794915475167198,0.9686835386661935,1.7495997932389145,2.48,0
2022-05-19,Everton,Crystal Palace,A Taylor,3,2,H,0,2,A,12,7,6,5,4,5,2,3,0,0,9,13,5,1.1871753436190489,1.1434499239554388,1.228063503438756,1.11343481174902,4.7492791676676305,4.8138632281210905,5.191514810434161,4.324485996116807,10.656824010001555,13.991433071883005,11.218946595746171,11.865983857065629,4.906555782874052,3.1285769989170733,1.3009938284438165,1.2313184522800589,3.72,0
2022-05-19,Aston Villa,Burnley,P Tierney,1,1,D,0,1,A,22,10,9,5,13,6,0,1,0,1,11,20,2,1.294540222609787,1.505002340865125,0.821862278185657,1.2553097318573567,3.931318287852041,4.889931797266408,4.591447800696011,7.233461654529277,12.569348476066748,12.842407085945007,10.510190207154814,17.107412154535616,3.5284532746171218,3.3206084291948703,1.1495147521537505,0.7549456985487516,3.83,0
2022-05-19,Chelsea,Leicester,S Attwell,1,1,D,1,1,D,20,2,7,1,6,0,4,1,0,0,13,7,5,1.6415370637728655,1.5979517797454363,1.803499422571405,1.7305929735665209,7.555106854073003,3.209545577677885,4.686150967229215,5.841323357025409,17.52347932258854,10.634234648278355,10.791653749516545,13.9067869651895,3.6423199990950916,3.3163097198912674,1.5924990690657383,2.3305388800712694,3.99,0
2022-05-22,Norwich,Tottenham,C Kavanagh,0,5,A,0,2,A,9,19,0,13,3,2,3,1,0,0,13,7,4,0.6481839391659218,2.5200185797744536,1.6640640132516498,0.8539531392432715,5.305742273106639,6.110555586416097,5.0012660407610365,7.6171649460602,9.7609450339155,14.263032000177727,11.3401528228021,15.157783435183957,2.873308812085346,3.8632911071862437,0.5376711071538445,1.5309853940495142,3.7,0
2022-05-22,Man City,Aston Villa,M Oliver,3,2,H,0,1,A,24,4,5,2,13,1,0,1,0,0,5,11,1,3.531014122713836,0.8150611887539921,1.4086652460380658,0.9507694169326415,8.506805567909726,2.4914325936684953,5.785524419007106,5.294923997574427,18.876305861974473,5.569397662709823,12.270423634040938,10.764050996218602,2.718908706806549,5.075768982709691,4.017356189933295,1.5952079545448692,3.43,0
2022-05-22,Liverpool,Wolves,A Taylor,3,1,H,1,1,D,29,7,8,5,5,3,1,0,0,0,6,3,1,2.3984244394602174,0.34396178335287225,0.8801334339830621,1.025729936396819,9.11984094806337,3.0413956575485606,3.8411300552176653,5.165900075762037,20.40904214811073,6.698100979461142,10.392259174085886,14.822674512048277,3.5980210764468143,3.3336566182780776,2.1306242292802486,0.9357242015848036,3.72,0
2022-05-22,Leicester,Southampton,J Moss,4,1,H,0,0,D,12,7,6,2,3,3,0,1,0,0,10,5,1,1.6798231145654288,0.960882895360274,0.919657045777455,2.274772668165221,5.701840195344273,4.510463781343799,6.887650870016607,5.119043849403582,13.08406709688208,12.528710727976815,14.845123295102093,12.975644092105702,2.455721631882642,2.7109828506551166,1.7544210164227692,0.7578180113195032,2.53,0
2022-05-22,Crystal Palace,Man United,M Atkinson,1,0,H,1,0,H,6,10,3,4,3,6,2,4,0,0,12,22,6,1.1626275408968165,0.6659459946952684,0.9858250933058438,2.583684284309804,4.831215875267144,4.156016209147643,5.411051799484704,5.661669021896101,12.137309232873474,10.134900992615833,11.807738678949406,14.80472583373192,3.5799297753261783,3.844442733287387,1.0017003749323612,0.6093495403325139,2.48,0
2022-05-22,Brentford,Leeds,P Tierney,1,2,A,0,0,D,14,14,5,6,3,2,2,1,1,0,11,13,4,1.3337594451142951,0.6180988586820237,1.25245078359648,1.8320285958448885,5.393234311777729,6.725654500962383,4.4067317126881385,5.177637071227982,13.38920801672215,11.910785867287434,9.980057104459345,15.82122405047783,2.429795203352929,3.9985070213609837,1.5923468032182027,1.1921437124192031,3.83,0
2022-05-22,Burnley,Newcastle,C Pawson,1,2,A,0,1,A,12,8,5,6,8,2,1,0,0,0,8,9,1,1.0663132338802075,1.4953002547278136,1.0189460482380086,2.1757282540603797,5.128197677923675,6.423020545288128,3.924075571132502,5.43051292037942,11.986362236943666,13.49161056063348,10.999491587201996,13.345889163158107,2.9393302000555623,4.229003948455988,1.1903002791214283,1.0103413957658034,3.87,0
2022-05-22,Brighton,West Ham,K Friend,3,1,H,0,1,A,18,7,7,2,5,6,1,1,0,0,9,9,2,1.2660047680222195,1.1818545747986655,1.4146392137845463,1.2723030514475158,6.857393086687397,4.507675542925969,3.950763918995923,5.3740123000333275,15.198525910699358,13.131522534963977,9.319003473660828,16.38983154396768,3.199813659113915,2.0416235489866303,1.8353519816325867,1.646533205164372,3.26,0
2022-05-22,Arsenal,Everton,A Marriner,5,1,H,2,1,H,26,6,9,2,12,2,0,1,0,0,8,9,1,1.6985724654431136,1.0497025728205227,0.784203754201208,1.787711769885295,6.025609502878232,4.039915586442148,4.692665114378012,5.875090665702645,17.68595401164996,8.254324432969371,11.631149126881038,13.759159644067887,4.282868826872382,3.68430122412384,1.8287770560273309,0.7596018954705006,3.02,0
2022-05-22,Chelsea,Watford,M Dean,2,1,H,1,0,H,19,8,8,3,3,3,0,0,0,0,9,9,0,1.524824368903757,1.4891684099967823,0.6069871495985907,1.9324628047945702,7.272191459160542,2.625643672660844,4.021910872372049,7.880632509021851,17.97402445627094,9.063437182569379,7.728726681029777,16.272967517888183,3.889318186142328,2.913887716150718,1.394999319094838,0.4823492930263456,3.51,0
2022-08-05,Crystal Palace,Arsenal,A Taylor,0,2,A,0,1,A,10,10,2,2,3,5,1,2,0,0,16,11,3,1.1330444647606386,0.5448058055550258,1.2405904400488614,1.7264659214405544,4.498105023556134,4.491449633141151,4.850115610528969,5.265579197057823,11.020890173062687,10.110361567661162,12.706292782560183,12.035445176157396,4.020157311920655,3.7050736631459436,1.0011335831729073,0.871413639452218,3.72,0
2022-08-06,Everton,Chelsea,C Pawson,0,1,A,0,1,A,8,15,4,6,4,16,3,2,0,0,14,11,5,1.5169407052270478,1.2992623157209426,2.188795556411292,0.5654693386978271,4.612980097152708,4.847722796210667,5.78828049445271,3.115148728339161,10.901157026151761,12.719642969628827,15.948179296968295,7.192566272922263,4.923553933214875,3.1023222923874085,1.86732933420326,2.2137834469013384,3.87,0
2022-08-06,Fulham,Liverpool,A Madley,2,2,D,1,0,H,9,11,3,4,4,4,2,0,0,0,7,9,2,0.25007145314139645,1.5788504971852961,1.9063961487384957,0.8228857285338533,5.73708875387037,4.21914623178732,6.001544916948726,2.5483987424934456,13.539208086331703,10.183829454860097,17.07726712371728,7.581540310187374,2.1442575766576404,2.719505943185286,0.14279076111069358,1.8330665458101658,3.43,0
2022-08-06,Leeds,Wolves,R Jones,2,1,H,1,1,D,12,15,4,6,6,4,2,0,0,0,13,9,2,0.7911064505844472,2.1817979942305845,0.9019379926027559,1.384863335837486,4.563593298971102,4.2209480756916005,3.6881226720480482,5.1357217028665145,12.349924915226666,15.184314477889803,9.77518373368245,17.401628218195487,4.3299676562965,2.9091483152347557,0.650355247171024,0.9571494720829212,3.98,0
2022-08-06,Tottenham,Southampton,A Marriner,4,1,H,2,1,H,18,10,8,2,10,2,3,0,0,0,11,6,3,2.2791239128357295,0.7167384866783236,0.9342719856496567,2.588603469691425,5.158968149932108,3.177574348327014,6.180460248770294,4.73357509554362,14.999457328407667,9.184936100241426,13.418041028120266,12.798167673908566,4.440833986352424,2.399743218920539,2.1383684555658187,0.8385453573064636,3.02,0
2022-08-07,Man United,Brighton,P Tierney,1,2,A,0,2,A,17,15,5,4,6,2,4,1,0,0,7,12,5,1.8380059285534083,0.9301807120958189,1.2919701809363644,1.1175668325143981,4.3493983739807565,6.073477914200539,3.503801701687859,6.9473371668097625,12.865978169371193,13.220964499820777,11.930464068079079,14.07056348857192,1.9695312405143937,4.219069660949072,2.0869191345862075,1.3683632500096812,3.83,0
2022-08-07,West Ham,Man City,M Oliver,0,2,A,0,1,A,6,14,1,2,1,4,0,1,0,0,8,4,1,1.557809618797918,1.357432001106893,2.5722728020200276,0.6912412624314416,5.1768594306074345,5.92838428942606,6.768438866991224,3.5230301009166003,11.237066239026626,15.572497845669714,19.90962256010449,6.5012120579658585,3.2431353619094136,2.8961277297345283,1.537887000634262,2.8343621030056902,3.43,0
2022-08-07,Leicester,Brentford,J Gillett,2,2,D,1,0,H,14,8,5,3,5,6,0,0,0,0,6,5,0,2.101879360836535,0.9679985676406417,1.7208021064537478,1.9406471091693096,5.210356749392345,4.23569995722139,4.3655579102361814,6.297379300570011,12.886867783119257,11.522999951691913,13.079031666029785,14.535948764525205,2.190915783921201,2.8576200412618835,2.502947496595671,1.944563789328464,3.81,0
2022-08-13,Aston Villa,Everton,M Oliver,2,1,H,1,0,H,12,15,4,4,5,8,4,1,0,0,9,7,5,1.2409613159708395,1.4131389171401123,0.8234585860345044,2.372049249003458,5.580974305927449,5.091860892281463,4.2028506792054605,6.989254098073974,14.28484931010624,12.325353548949854,10.606804096291235,15.985853291548528,3.2504170370632526,3.196008238521389,1.099676491294501,0.8397346132861307,3.43,0
2022-08-13,Arsenal,Leicester,D England,4,2,H,2,0,H,19,6,7,2,6,2,1,1,0,0,15,9,2,2.2991250014667495,1.040661330557342,1.6573373121304285,1.5976930511893626,7.112392516191761,3.668840811700378,3.8337076474527456,5.8701877374634615,19.19833656454792,7.844247203931687,9.192391036690555,15.015184621138312,3.685692248324289,3.6225846440002285,2.885851585783577,1.887025829799311,4.1,0
2022-08-13,Brighton,Newcastle,G Scott,0,0,D,0,0,D,13,4,7,1,7,3,2,3,0,0,8,6,5,1.5814305113156941,1.1487739680188178,1.197406557378262,1.9618551409116542,6.519520418901399,4.779139698320855,3.5740728975466824,5.897920417831344,15.708133452080641,12.016156115584755,10.453863291375265,13.10106260201724,2.9815592439572995,3.6416257643893637,2.2235680667511635,1.3402276643040718,2.89,0
2022-08-13,Southampton,Leeds,T Harrington,2,2,D,0,0,D,14,13,4,5,2,5,1,3,0,0,10,12,4,1.1146012081896257,1.763835488254696,1.3884351639938743,1.6806768311768512,5.622479312091228,6.138761284513545,3.9689305438136664,4.781509804469549,10.064842895991411,16.42303948948201,10.711312561475205,15.489930780904825,2.9127934580887938,3.998778604516605,0.9791223612349385,1.4614291964083281,3.69,0
2022-08-13,Wolves,Fulham,J Brooks,0,0,D,0,0,D,7,9,1,3,5,3,3,3,0,0,7,14,6,1.2153025590958726,1.9559450984760391,0.8549051321077361,1.468358808259818,5.143868969313775,4.647483568608551,3.747023019409645,5.507287855555691,11.729876070012406,13.355142341463615,9.860339698935258,11.91047299062661,3.8884329084840408,2.83963780825061,1.1314023729999563,0.8371916200850106,4.49,0
2022-08-13,Brentford,Man United,S Attwell,4,0,H,4,0,H,13,15,7,4,8,2,0,4,0,0,6,15,4,1.2717052881347914,0.8750285474407494,0.806496680471235,2.2956011435327395,4.948272708905539,5.847038148597597,5.518185556534891,5.177492990641852,13.502769392038934,12.299222580174304,11.478898491864458,13.20308521824277,2.72173521094654,4.236553530667704,1.3948087607859885,0.4062329855571938,3.99,0
2022-08-14,Chelsea,Tottenham,A Taylor,2,2,D,1,0,H,16,10,3,5,8,5,3,0,0,0,9,9,3,1.6112621075257505,1.4001852879711623,2.270893875753274,0.6986131482697229,6.495050241211094,2.6937416815999375,4.4553149595410835,6.777270661369182,18.16065651414145,8.869990593114073,12.73353208061371,14.037639976157402,3.1818242685440055,3.88815940170942,1.596666253766065,2.687323831330404,3.72,0
2022-08-15,Liverpool,Crystal Palace,P Tierney,1,1,D,0,1,A,24,7,4,3,4,2,2,4,1,0,7,8,7,2.507855200762842,0.4632996790394835,1.3684840990164437,1.45661408687132,8.370413343345232,3.0338655007115753,5.156676939880156,4.265459745856172,21.97179688702907,6.7530185024144345,10.451490987254761,11.89036232173429,3.125423047330175,3.4690018053104574,2.4204162118217876,1.487545686991742,3.83,0
2022-08-20,Fulham,Brentford,P Bankes,3,2,H,2,1,H,18,13,9,5,6,3,3,2,0,0,13,7,5,0.574095918762688,1.6568323912695881,1.772499616287116,1.951637151459332,5.415441760785982,4.178568151742122,4.668198395572215,6.057150843625312,12.69870835440961,10.334955182375968,12.138575826039482,14.436710134275177,2.117546209343686,2.32849054710009,0.7620467354263715,1.963048084976434,4.09,0
2022-08-20,Leicester,Southampton,M Salisbury,1,2,A,0,0,D,6,9,1,3,2,5,2,3,0,0,11,15,5,2.0833484439495145,1.1557101179812614,0.9462273057564385,2.845323492108351,5.17209479517899,4.556609876443937,5.42007305372544,5.691489253964791,13.08933627551958,10.88219872598999,12.796330863387777,13.744333037565314,1.792408392777992,2.50892439585098,2.3352983083210637,0.8923635788384389,3.97,0
2022-08-20,Crystal Palace,Aston Villa,A Madley,3,1,H,1,1,D,17,13,9,5,4,2,2,1,0,0,16,14,3,0.9269541179683515,0.8094922194696318,1.2404442992196512,1.4465807391078565,4.225613525262486,4.583950258427226,4.9304643000483255,6.387947393148111,10.835199658394513,10.090287815518844,11.536106184665993,12.049175202748845,3.8346000979406805,4.637323236177952,0.6674223435118094,1.153425697644823,3.43,0
2022-08-20,Tottenham,Wolves,S Hooper,1,0,H,0,0,D,11,20,4,3,8,6,2,2,0,0,10,8,4,2.592135414696922,0.7682611456109586,0.9197745680772367,1.496751026378108,6.03950723188576,2.9633844260703577,3.7448502839585376,5.292925960529002,15.54522838946144,9.333188712546985,10.72552966426236,16.419121822944632,4.1787595619561895,2.743782614770444,2.75891238789142,0.9714329833262666,3.87,0
2022-08-21,Leeds,Chelsea,S Attwell,3,0,H,2,0,H,12,14,6,3,4,6,0,1,0,1,16,15,2,1.0109930469031914,1.9668398297062444,1.9725645998109345,0.46261567695979494,4.824862440965762,4.180759656826689,7.645698168425811,3.276095020481988,12.286276797810938,15.150789372875346,15.775714220608961,7.339431027131528,3.9061680109733135,3.4474923797277066,1.1002368924767592,1.8091889097149771,3.99,0
2022-08-21,West Ham,Brighton,A Taylor,0,2,A,0,1,A,13,11,3,2,5,4,2,0,0,0,10,7,2,1.2744584048257048,1.4743091986469579,1.4207542803149629,1.0961825090939739,4.417127191203775,5.577628957824337,3.2302740301386628,6.775025266165783,10.28449215129814,15.286474978585977,12.488784367392848,14.603400994356603,2.835129710749365,4.361113693113003,1.0252579308813299,1.5789088619016873,3.72,0
2022-08-21,Newcastle,Man City,J Gillett,3,3,D,2,1,H,12,21,6,10,5,5,4,2,0,0,14,7,6,1.4371213951108273,0.586575845061327,2.468181652999661,0.5655108467926087,5.534993231938751,4.641629248616771,6.264885349087584,3.064114176045878,14.195406499111868,11.651025400716462,18.834716675381998,6.410046203442681,3.397087018024936,2.551239569086734,1.5272588032688683,2.5562413642748827,3.81,0
2022-08-22,Man United,Liverpool,M Oliver,2,1,H,1,0,H,12,17,4,5,6,8,3,1,0,0,11,7,4,1.6855803726278082,1.124770981857057,1.9234218266951435,1.036991967049265,4.649627598960097,5.33254981993933,5.637482341397956,2.8124316342889544,13.617918644100188,13.544554662952795,15.971868237769016,7.839545056228935,2.5207455811779966,2.5886344425849166,1.7246127072415502,1.8887110380886525,3.43,0
2022-08-27,Arsenal,Fulham,J Gillett,2,1,H,0,0,D,22,11,8,3,9,2,2,3,0,0,6,12,5,2.6084984896220447,1.2151561939327666,0.696607138120847,1.1964710337327886,6.910058568530196,3.365294046925255,3.608700951856922,5.413356205256209,19.162260971188125,7.5087956328326815,9.701035416654294,11.001228216266039,3.379080362518365,3.4248243704046093,3.257234440902916,0.5580437989732053,3.81,0
2022-08-27,Man City,Crystal Palace,D England,4,2,H,0,2,A,18,2,5,2,6,1,1,2,0,0,14,8,3,3.5372929520188316,0.8431513469881655,1.3014602370978514,1.3735601923064373,9.6289706549707,1.9982001486038636,4.582506494249365,4.217175064376837,19.661311479059805,4.868490564608019,9.823696583207205,14.092993821434481,2.514229088011899,4.11125783770742,3.7854916085163954,1.32503043594823,4.1,0
2022-08-27,Brentford,Everton,J Brooks,1,1,D,0,1,A,19,14,5,7,8,5,2,2,0,0,8,8,4,1.7768883355549276,0.7130044133714779,0.8555698423522659,2.304376919156164,5.513343955096651,5.134703646390759,4.8935171487777405,6.627427109212905,13.40967440031564,12.799310404784082,11.405885946545949,15.260863308660301,2.958424340876499,3.5241377156042653,2.263467070973458,0.8931564161044402,4.49,0
2022-08-27,Brighton,Leeds,M Salisbury,1,0,H,0,0,D,13,10,4,2,5,3,2,3,0,0,10,14,5,1.2937828746681712,0.9398225695360012,1.499673171908327,1.7387587729261342,6.606915226938471,4.455530582507091,4.1564725762768555,4.275578803491246,15.215548933416583,10.558091189464685,11.12760371559542,15.218926102021328,3.348695016938993,3.9990007650995056,1.482378610620208,1.640952821959115,3.97,0
2022-08-27,Southampton,Man United,A Madley,0,1,A,0,0,D,17,11,5,6,5,3,0,3,0,0,4,14,3,1.275647089202089,1.8067916366137131,0.6598023664045244,2.605615588972814,4.963583707465084,5.931631100890429,4.878260024945922,5.69088100538774,10.780611709546834,15.800420150690154,12.119354408178209,13.16614588853616,3.1105463091251013,4.193526623351629,1.3194149536528916,0.27082197200206615,3.43,0
2022-08-27,Chelsea,Leicester,P Tierney,2,1,H,0,0,D,7,17,3,5,3,11,1,2,1,0,10,7,4,1.681969947829481,1.509286056615095,1.7196644973135238,2.0346505471923955,6.768786733767277,3.113228816848486,3.5001731245520578,5.893799391759569,17.76765300532285,9.075528890847927,8.611724525966164,15.739985817273482,3.148752109661517,3.3274514498651775,1.7311108540823392,1.9246838916414382,3.83,0
2022-08-28,Aston Villa,West Ham,D Coote,0,1,A,0,0,D,9,7,3,2,3,2,2,0,0,0,10,10,2,1.3790234578245377,1.337992755312489,1.0956228800661942,1.4798890342190347,5.475300433533315,5.620824596593402,4.8103586287913105,5.432213283386087,13.869256276175847,12.811847090719315,10.734774050865205,16.012877264049393,3.5686500550849103,2.5735305576476124,1.3997843682412787,0.9540146639061281,4.23,0
2022-08-28,Wolves,Newcastle,P Bankes,1,1,D,1,0,H,10,21,4,6,4,13,2,1,0,0,10,11,3,0.9942502229772422,1.6001767096893218,0.9796093390549927,1.605011769868728,5.117700529591696,4.347821489538371,3.4696543277384424,6.098378537830914,10.869555200116691,12.562982083506201,9.279965032977678,13.082680246032771,4.272507503700952,3.888701520017228,0.7542681975059012,0.893485048932468,4.09,0
2022-08-30,Leeds,Everton,D England,1,1,D,0,1,A,14,7,5,2,10,2,3,3,0,0,10,9,6,1.3727488178599072,1.6091157615042928,0.8818384498842341,2.067140001872991,4.674838456484355,4.511638687629247,4.912883992054785,6.877067344772609,12.234209466654617,14.941486586806576,11.877697132472582,15.940928440852073,3.5594787863282966,3.6106863962374716,1.7334913189212635,0.9287709472905241,4.1,0
2022-08-30,Southampton,Chelsea,M Oliver,2,1,H,2,1,H,9,10,7,4,5,3,2,1,0,0,15,10,3,1.0436354838607922,1.6600543262940046,1.6137993242770794,0.9241089968125674,4.970207014618858,5.398433131214109,7.34638256837021,3.40775710620633,11.911779000032695,14.927331351364803,15.452751615639157,8.18708403269391,3.0904404139588193,3.1842259688350336,0.8796099293269611,1.2061258852703358,3.43,0
2022-08-30,Crystal Palace,Brentford,S Hooper,1,1,D,0,0,D,13,9,4,3,4,6,1,2,0,0,11,8,3,1.303994685933879,0.8441413135372591,1.8144840986957718,2.1451092276558836,4.184579483303749,4.113987638942281,4.360337612878148,6.046603834650351,11.956438624854364,10.61949922572546,12.29754895605266,15.094304105075993,3.682805051975154,2.821509239197713,1.4449482993255527,1.975367859923896,3.87,0
2022-08-30,Fulham,Brighton,T Bramall,2,1,H,0,0,D,10,7,3,4,3,3,2,1,0,0,9,11,3,1.0217889096999409,1.7201628973409342,1.526106089956344,0.8968114872535806,5.523320150749883,3.9610670951431723,3.3702699266935006,6.452187966562739,13.677045103583357,10.82678084630551,12.218007869715972,14.311778301955686,2.649494017485862,3.9316800488320323,1.508180746204987,1.7192725872953014,4.06,0
2022-08-31,Arsenal,Aston Villa,R Jones,2,1,H,1,0,H,22,4,9,3,10,3,2,3,0,0,10,14,5,2.4978262569802787,1.176024106088088,1.1967128719861142,1.7291128747889817,7.290172058137963,3.1169776698713325,4.397478545285347,5.953633300446029,19.678382078026626,8.143767433934574,11.802355648972991,12.949619235190621,3.6738893033333198,4.339530848531094,2.838156256034799,1.1022837938047245,3.98,0
2022-08-31,West Ham,Tottenham,P Bankes,1,1,D,0,1,A,14,13,4,4,3,4,2,5,0,0,10,9,7,1.0426629945220038,1.5699205693524414,2.1813129257145896,0.7652090631944619,4.523138687034641,5.290693621056007,3.907924634541666,6.817855597893112,10.778382146914632,14.506861283344376,13.28461053896756,14.868443541388281,2.6832383400879314,4.321967389311243,0.683505256346885,2.3054772238357293,4.09,0
2022-08-31,Liverpool,Newcastle,A Marriner,2,1,H,0,1,A,23,5,6,2,13,0,0,2,0,0,9,10,2,3.4642484674791088,0.458901654609239,0.9833179431194446,1.4949736933773505,7.65268693209707,2.510102547810915,5.203010533851804,5.716730527737155,21.733108394366653,6.470936791876032,11.411576628670511,12.52200982339783,3.315427893867844,3.72706663833736,4.2979629306107405,0.9289900358326357,3.02,0
2022-09-01,Leicester,Man United,C Pawson,0,1,A,0,1,A,10,9,2,2,1,3,1,3,0,0,7,15,4,1.886311650817379,1.3092675184242843,0.7216766886774398,2.1317125316013397,4.595161870740938,4.637252599050755,4.5366466372583725,5.565225240155617,11.79994495090455,10.539868976888748,11.915768937411583,13.863437995870827,2.3757973914832227,3.976450889596303,1.8901988319602576,0.5138813366497805,3.87,0
2022-09-03,Aston Villa,Man City,S Hooper,1,1,D,0,0,D,3,13,1,4,1,4,2,0,0,0,7,6,2,1.1282100087433313,1.2765194509655722,2.564907486877965,1.0082898421767628,5.025098781252438,4.962277781862417,6.03483106299341,3.4162084045946175,12.98364772894012,11.754802407334852,19.228533166177733,7.4267334714974895,3.283347779416638,3.1784917697829482,0.9331895366297434,2.704160922894097,3.87,0
2022-09-03,Everton,Liverpool,A Taylor,0,0,D,0,0,D,14,23,3,8,7,9,2,2,0,0,7,11,4,1.1971864591613084,1.2003003053081447,1.755472099664651,1.2121415374694182,4.77403100856033,5.989344292275823,6.067171335524282,3.3921788542871916,11.94243691605548,13.291848695047086,16.158862354462208,8.596238532524351,4.948833616154512,2.8453301944672873,1.163257418193452,1.5924739986014307,3.72,0
2022-09-03,Brentford,Leeds,R Jones,5,2,H,2,1,H,14,17,8,6,2,6,2,2,0,0,8,9,4,1.6335160294283584,0.7659685489105803,1.2269162448185928,1.6043951152049623,5.972248530419833,5.109844510858873,3.9461361429275597,4.407334777512548,14.441351459352235,13.020893904406742,10.922517880760218,14.815353192694431,3.150643862549675,4.181060083386306,1.842226927993198,1.0939684985047247,3.98,0
2022-09-03,Chelsea,West Ham,A Madley,2,1,H,0,0,D,8,6,3,3,10,3,4,2,0,0,6,11,6,1.739812484041445,1.416658341180793,1.0782312220603791,1.2107303982118736,6.083328923615988,4.547655672560599,4.299217402844184,4.989848217697111,15.809258335927554,10.516812517861975,10.055502385164738,14.737392119399157,3.3035750158183905,2.469218207846114,1.8207405774941345,0.969343110657022,3.43,0
2022-09-03,Newcastle,Crystal Palace,M Salisbury,0,0,D,0,0,D,23,19,6,9,13,5,2,1,0,0,19,12,3,1.7213739733852085,1.0255235895405823,1.4285089586114403,1.8512507081813454,5.43768995767151,4.7068088535714585,3.9309288832375944,4.541430948984509,13.796111278241446,13.351394275019718,8.400741583083688,14.803590649695458,3.8704985317763434,3.9091449515831984,2.018172579909705,1.5500203109797264,3.97,0
2022-09-03,Tottenham,Fulham,S Attwell,2,1,H,1,0,H,23,9,10,3,10,3,3,4,0,0,9,6,7,2.302561678660242,0.6285316677457019,0.7525973393881673,1.344759784716466,6.396076911886126,3.5156767176260737,3.3118202358258504,6.075260070423213,14.718553250068931,11.27324253434705,9.94075525716134,13.031017058529182,4.146247205450516,3.7155180933424723,2.1726082055702625,0.7053920738816305,3.99,0
2022-09-03,Wolves,Southampton,J Brooks,1,0,H,1,0,H,7,12,2,1,5,6,4,2,0,0,10,14,6,0.995295978506884,1.4910180222418585,1.1378849331094694,2.5097005213023236,4.914415862259769,5.92145877754982,5.343671183348874,5.020090122369363,10.711402604763585,14.097486483405241,12.105863393601723,12.335812487052364,4.04106691857237,2.9619951979853427,0.8361788057450766,1.2615757526163356,4.49,0
2022-09-04,Man United,Arsenal,P Tierney,3,1,H,1,0,H,10,16,6,3,2,5,3,3,0,0,13,9,6,1.742766253515181,1.1020779376399668,1.673594516069361,1.1555469332500727,4.895230063172844,5.817699203089582,4.717802776151206,4.5163827218847725,13.323655516698633,14.173022698198249,12.538868589845032,10.63484059747542,2.789788794872603,3.4719153150059694,1.8164084797961677,1.8317394821617832,3.83,0
2022-09-04,Brighton,Leicester,T Harrington,5,2,H,2,2,D,23,6,11,4,10,1,1,1,0,0,6,8,2,1.2403503564188036,0.7688899150896845,1.5887736602299796,2.02834838952817,6.314653374420494,4.190802202746468,4.864223486037907,5.3674821617819894,14.8125902553423,10.456586914582886,10.137363768394055,14.150378348804947,3.649030370871175,3.4497729525029825,1.321585725871729,1.6164558998855199,3.69,0
2022-09-16,Aston Villa,Southampton,T Harrington,1,0,H,1,0,H,11,7,3,1,6,3,3,1,0,0,13,13,4,1.1048928676316423,1.2262297495492123,0.9309414673517042,2.2351361527586096,4.293067037468376,4.787271422778176,5.463035590102479,5.016436396557868,11.167953890472935,11.981262480652793,12.086610359370088,11.365405465591305,3.0499494545796386,3.5145073408429046,0.9554596924292038,0.8410504763899905,3.69,0
2022-09-16,Nott'm Forest,Fulham,J Gillett,2,3,A,1,0,H,11,15,3,7,2,10,2,4,0,0,11,10,6,1.0730897009966778,1.8637873754152825,0.7981304791139155,1.465353250456291,5.196013289036546,4.6245847176079735,3.254431385067084,6.797587514916736,13.511627906976745,14.249169435215949,9.767614271263588,14.86575518169665,4.853820598006645,4.320009464666782,1.157894736842105,0.8036078431640513,3.81,0
2022-09-17,Wolves,Man City,A Taylor,0,3,A,0,2,A,6,16,1,7,5,7,2,1,1,0,7,9,4,0.9961514837363313,1.2198513795947552,2.280302805418803,1.006782195295495,4.929980773581211,5.9357428165644475,5.6647628951544196,2.9767803686916707,10.036421773658509,13.716023376173652,18.09576991174768,6.62165772093435,4.397331765098087,2.964163269501784,0.8907858737890771,2.1361072476804095,3.72,0
2022-09-17,Newcastle,Bournemouth,C Pawson,1,1,D,0,0,D,20,10,7,3,8,1,2,2,0,0,10,11,4,1.4083132362647186,0.839014919234237,1.2059800664451827,4.840531561461795,6.813022914245295,4.760130582514307,3.009966777408638,7.199335548172757,15.469992858977943,14.378687994633557,5.667774086378738,15.784053156146179,3.7121837691310837,2.3421926910299002,1.3454483460467033,1.4210526315789471,3.87,0
2022-09-17,Tottenham,Leicester,S Hooper,6,2,H,2,2,D,16,19,11,7,6,1,1,2,0,0,9,9,3,2.2475357612185403,0.6960894162131964,1.6635620693974476,2.5687930912742316,7.0515107896690585,3.4218922548469526,4.161449613746634,6.2099832519456255,16.224673282114598,10.859815240534305,9.384914753191476,15.759830519103676,4.665250029493677,3.1861074177700677,2.1150721335778875,1.7443039409652041,3.87,0
2022-09-18,Brentford,Arsenal,D Coote,0,3,A,0,2,A,5,13,2,7,3,3,0,2,0,0,10,10,2,2.253099443112953,0.9930854535932743,1.5510900522042017,1.4909916684375868,5.241177381412334,5.273672879415902,4.769125075824253,4.058736305724963,14.360123077987417,13.753227151697452,13.168333405327937,10.519384183893877,3.3069633281035467,3.931689929484902,2.8949586571519372,1.5544929713921594,4.23,0
2022-09-18,Everton,West Ham,M Oliver,1,0,H,0,0,D,7,14,2,4,5,14,3,1,0,0,8,11,4,0.9794580159697035,0.9820055569527112,1.0640035618176165,1.3542723171341557,5.178860815471506,6.536882543491862,4.062932920736966,5.9010283762821425,12.316639283287062,15.05743888671759,9.317941235917907,13.512084327030857,4.776272304161467,3.1113501138430135,0.7755049220839987,0.979562074387468,3.43,0
2022-10-01,Southampton,Everton,A Marriner,1,2,A,0,0,D,22,12,6,5,7,6,2,2,0,0,11,10,4,1.2175664163644528,1.5400123731077355,0.903328110208187,1.8730626887716852,4.9756253688571865,4.962237826997047,4.38312716768163,7.445025042599584,11.382223136997576,14.03121347765162,10.990606074194654,15.587938040284829,3.0739923073316753,4.045223161386136,1.25307330873476,0.9525139662918591,3.02,0
2022-10-01,Arsenal,Tottenham,A Taylor,3,1,H,1,1,D,22,7,9,3,5,2,2,1,0,1,10,10,4,2.407288199952676,1.1440111691813322,1.9664713508957903,0.8079097342177384,7.782999733045063,3.09570331803218,3.9246700845291183,6.1235145039903625,20.10060724768909,7.390153804717037,13.232849337451178,14.710502513222343,3.9150647821198428,4.809012549803697,2.558770820511877,1.8703181229872865,3.72,0
2022-10-01,Bournemouth,Brentford,T Bramall,0,0,D,0,0,D,7,13,1,4,7,8,1,2,0,0,11,10,3,0.5382059800664452,0.9867109634551495,1.6645826458229525,1.934357983772109,3.1362126245847177,4.67109634551495,4.662108727187266,5.669937318065889,5.867109634551495,15.475083056478406,11.690652664003405,14.70885860821349,3.807308970099667,2.854359511427069,0.4210526315789474,1.6502017791671817,4.06,0
2022-10-01,Crystal Palace,Chelsea,C Kavanagh,1,2,A,1,1,D,7,13,3,3,5,2,1,3,0,0,11,13,4,1.2487081520774295,0.872486830563232,1.5021696192430527,1.1197778263213471,4.151010607513933,4.456990629053691,6.55591997761444,3.697333190028275,12.146227769098882,10.324966120653226,14.46107725171816,8.334926439908529,3.5586254976273195,3.1507213855823824,1.2966321906081206,1.1374172527043223,3.7,0
2022-10-01,Fulham,Newcastle,D England,1,4,A,0,3,A,3,19,1,10,1,8,2,0,1,0,9,10,3,1.2018234418499112,1.5876207583484478,0.9863518550435585,1.586821200230032,5.058916539597305,3.7841878238339937,4.256755775642552,7.041315275088583,13.000304570295285,10.12248224844996,10.245523849605446,14.427608129719077,2.7140027735237253,3.4129705945875988,1.6721424121242374,0.9526600253155306,4.1,0
2022-10-01,Liverpool,Brighton,A Madley,3,3,D,1,2,A,15,6,7,6,9,2,1,1,0,0,9,13,2,3.197950317487284,0.5573094669044244,1.4304248708419345,1.097444826855007,8.625185527134851,2.053598286670994,3.3029301283832835,5.824349666344192,21.96351388791049,6.203422257880396,11.269025594364559,13.527609077614619,3.0761952619992043,3.762238400847652,3.531975240891037,1.4795150437414497,3.43,0
2022-10-01,West Ham,Wolves,P Tierney,2,0,H,1,0,H,18,15,5,4,1,6,2,2,0,0,8,6,4,1.0349040131970102,1.4662709520698418,0.6156355925009951,1.1506251430417866,4.246130362595955,5.055959331673274,4.308686799818172,5.096864990279706,11.364287403646278,14.23281327785815,13.24668938937879,13.535997119139873,3.4683138716808117,2.9773053055824525,0.7890035105919382,0.4317479600508608,3.83,0
2022-10-02,Leeds,Aston Villa,S Attwell,0,0,D,0,0,D,9,19,1,7,2,9,3,2,1,0,23,12,6,1.3049581916019022,1.498337840938179,1.1609373358985353,1.778378243271484,5.6433084251688586,4.054855053691037,4.143323625865523,6.689532971992122,12.555348100395179,13.497194014049176,10.383366371506382,14.595582818502153,4.00332851446595,4.459648244635078,1.4889941978729997,1.068189193814191,3.99,0
2022-10-02,Man City,Man United,M Oliver,6,3,H,4,0,H,22,12,10,8,5,1,0,3,0,0,3,9,3,4.054028396979356,0.8619493130224434,0.7722944523636799,1.744024843283561,9.15645740420771,1.668128431953684,4.257181665444153,4.734962437939797,18.930104038385323,5.011176438067155,11.385487437323611,13.160806978144866,2.3111238793219138,3.980733690414428,4.571329651164668,0.6759209008695136,3.43,0
2022-10-03,Leicester,Nott'm Forest,R Jones,4,0,H,3,0,H,17,10,7,3,6,6,2,4,0,0,13,12,6,1.5432542298418916,1.2530220315154006,0.3289036544850499,3.279069767441861,3.9413213673271152,4.339490745185101,1.3289036544850499,8.953488372093023,11.472594763310894,10.259817968550488,9.16611295681063,19.27242524916943,2.6711858856262665,2.853820598006644,1.2601325166523285,0.31578947368421056,3.98,0
2022-10-08,Newcastle,Brentford,J Brooks,5,1,H,2,0,H,16,6,6,3,9,5,0,1,0,0,14,9,1,1.334058232303764,0.8682913343690292,1.3589056754075233,1.5791406026092594,7.028884121710869,4.076320981207898,5.275065070574508,5.914184446375481,16.29381062515407,13.58238881667964,11.931095713132443,13.293236169380114,3.764525435932555,2.8811043194595873,1.230298892736089,1.100085501450434,4.49,0
2022-10-08,Man City,Southampton,A Madley,4,0,H,2,0,H,21,5,8,0,9,1,0,1,0,0,4,8,1,4.407918783713039,1.2507708062529788,0.7616423699773515,2.010516836582565,8.400572623600485,1.546623971762776,5.015113011907002,5.195305247192179,19.48838899352116,6.282149493021677,11.161569878590807,11.298953580408611,2.436401471440909,3.6027980356499487,5.047553119918032,0.5607003063247795,3.43,0
2022-10-08,Brighton,Tottenham,T Harrington,0,1,A,0,1,A,14,8,4,3,6,2,1,2,0,0,9,14,3,1.924105720989387,0.9927879387716337,1.7907108620969676,1.2065587539201077,6.984895488561166,3.6105012890333064,3.5746535480639987,5.919194470902072,16.301608080289068,9.64608181453358,12.099356197541272,16.036155508716025,3.349126531600404,4.661887194182874,2.547723891173918,1.5802120703308435,3.69,0
2022-10-08,Bournemouth,Leicester,M Salisbury,2,1,H,0,1,A,10,9,4,5,7,2,1,2,0,0,8,16,3,0.3608910891089108,0.6616336633663367,1.7247459783445274,3.192785310897268,4.409158415841584,5.767821782178218,3.5865149000482544,6.171796130343602,6.240346534653465,14.659653465346535,11.133494347666836,15.803507246114542,3.5413366336633665,3.1522623061834327,0.24615384615384622,1.829535964069332,3.97,0
2022-10-08,Chelsea,Wolves,S Hooper,3,0,H,1,0,H,20,8,7,2,4,2,2,0,0,0,8,8,2,1.7871319490705044,1.3408820314222918,0.5036773719498772,1.3050907046893585,6.795641270142267,4.266188522974444,4.616265534045869,4.35181756330017,14.389013689029595,9.695354381431507,13.565542844945083,14.34781148654157,3.793965138005452,3.1632904558056714,1.8804937219320486,0.2878319675826027,3.87,0
2022-10-09,Crystal Palace,Leeds,P Tierney,2,1,H,1,1,D,13,10,5,4,5,3,3,3,0,0,13,23,6,1.2034785999165043,1.077534052711759,1.3675144959801422,2.221942832690979,4.305406069386715,4.010167375021025,4.319665743689302,3.9695205595702516,11.210345389007077,10.811442270982585,12.02780996807124,14.667067535152809,3.63889295533153,4.148131269517614,1.197754789764415,1.3959790172119133,3.83,0
2022-10-09,West Ham,Fulham,C Kavanagh,3,1,H,1,1,D,17,8,8,2,4,2,1,3,0,0,9,7,4,1.2104143811153714,1.1996179374632057,1.2024725561405427,1.5635335354983593,3.6557957823668064,5.227640622750638,4.49315929269986,5.916578680334295,12.57104442586182,14.372332274627832,10.728467624876641,14.155864125656851,3.5650052156242396,4.628515875241168,1.1926690232864439,1.5358038042753266,3.7,0
2022-10-09,Arsenal,Liverpool,M Oliver,3,2,H,2,1,H,11,8,7,3,4,3,1,2,0,0,11,11,3,2.5150775468345996,1.117821594638496,1.436210046204704,0.9916932623811893,7.276889134987888,2.8964409699270544,6.600555433195548,4.048321659243491,20.44602690059208,7.319201237566207,17.40303801133182,9.579003216077899,3.9305109258643154,3.055326270880575,2.705847219586254,1.061649300396568,3.43,0
2022-10-09,Everton,Man United,D Coote,1,2,A,1,2,A,11,12,2,4,5,4,2,1,0,0,7,13,3,0.9831937388659033,0.8034200494431576,1.1774203938512373,2.518007717340615,5.1463335560498065,7.894109708997704,3.664837318046363,4.78316162295917,11.349766216298121,14.8651352292609,11.497241425984436,14.768284411043874,4.635101022163353,3.802379481933292,0.8503366177304919,1.4506139650514442,4.23,0
2022-10-10,Nott'm Forest,Aston Villa,A Taylor,1,1,D,1,1,D,6,12,3,2,1,4,3,3,0,0,13,19,6,1.3784653465346537,2.238118811881188,0.9498116636960378,1.4549660396744732,4.143069306930694,6.395544554455446,5.0265487857881475,5.836704166842776,12.684158415841583,14.496534653465348,11.950369611634198,13.577981654864272,5.231435643564357,4.739773441511457,1.5076923076923074,0.7121261148976673,3.72,0
2022-10-14,Brentford,Brighton,M Salisbury,2,0,H,1,0,H,7,21,3,7,2,11,3,1,0,0,12,15,4,1.8393497181931902,1.3616268173805743,1.7158645702718274,1.4434395910958238,4.829616973863443,4.856145135005247,3.065981939465833,6.401866893709654,12.64126936268859,13.614907679039673,10.310811454751766,13.795375057414786,3.06695806817772,3.441761355743357,1.9298864455463798,1.9863433828660344,3.97,0
2022-10-15,Leicester,Crystal Palace,A Madley,0,0,D,0,0,D,14,8,5,1,9,2,2,2,0,0,18,13,4,1.9900329543402528,1.025150026276223,1.1687106379207601,1.5145697078532496,4.3157084222800695,4.6414675373690875,4.1253574019804935,6.079763643121796,12.477797292376241,10.212568008053651,10.328394553463431,16.294245203918468,3.276557162612865,3.7438016891122974,2.173421714477463,1.0333468428353019,3.43,0
2022-10-15,Fulham,Bournemouth,G Scott,2,2,D,1,2,A,19,10,4,6,5,6,2,0,0,0,9,11,2,1.1647614320913058,2.03061995693528,1.138118811881188,3.5752475247524758,4.3135541425384405,4.55836187706269,2.3477722772277225,7.463118811881188,11.163890612748496,11.752712347215292,7.095049504950496,17.173019801980196,2.7665221037930023,2.888366336633663,1.4480749759347378,1.2461538461538462,2.89,0
2022-10-15,Wolves,Nott'm Forest,T Bramall,1,0,H,0,0,D,9,10,2,2,4,5,2,2,0,0,17,13,4,0.8149934271246269,1.5435855403300711,0.22054455445544557,3.5165841584158417,4.942714325847685,6.129286435415556,2.8678217821782184,7.980445544554456,9.302366425531664,14.13138265965032,9.440841584158417,18.52376237623762,4.325073828860028,3.890346534653465,0.5938572372578067,0.18461538461538465,4.06,0
2022-10-15,Tottenham,Everton,P Tierney,2,0,H,0,0,D,21,4,7,0,7,1,1,4,0,0,12,13,5,2.9299511770475046,0.9332159087304462,1.1027666007781172,1.7142893068309808,6.860285203728853,2.9814519188396402,4.677168329967936,7.364093705170365,16.183814661889695,12.340172470896414,11.174172374039625,16.75402241847494,4.36241108979331,4.036998970422909,3.410048141102897,1.3016759915623148,3.83,0
2022-10-16,Liverpool,Man City,A Taylor,1,0,H,0,0,D,13,16,2,6,5,6,3,1,0,0,10,7,4,3.1619514805562154,1.0015321349464774,2.4111854545418105,0.8236908593804919,8.693348514996408,2.0438510126774694,5.907586364254114,3.3447189227072966,20.697143598131973,6.16642830514245,17.71463751319575,6.508604328512825,2.880480608774732,3.152538403332079,3.3546501534665234,2.424071510028199,3.72,0
2022-10-16,Man United,Newcastle,C Pawson,0,0,D,0,0,D,15,9,2,2,4,4,3,1,0,0,13,11,4,1.9714153033397626,1.083513352084823,1.5344076981208172,1.480103105695367,4.368683901952673,5.668986884197808,4.93749445864297,5.942654125171213,12.719192998919288,14.50528917233325,11.837594846790019,12.349406857824995,3.3736195612999884,3.337868613036898,2.2109390103177415,1.9684400577058367,3.87,0
2022-10-16,Southampton,West Ham,P Bankes,1,1,D,1,0,H,10,25,8,4,4,14,1,1,0,0,7,3,2,1.1780002361036708,1.623664775291266,0.8705060660714473,1.2898450833939343,5.34377396876324,5.1509631178345545,5.870067467931921,5.7371692120242725,13.313150163099726,13.661821179208518,10.169410797014718,12.327810087181705,3.24239415860642,3.2729581513882584,1.1687155357657844,0.6530413698006275,4.09,0
2022-10-16,Aston Villa,Chelsea,R Jones,0,2,A,0,1,A,18,8,7,4,7,1,0,3,0,0,12,11,3,1.0858172668190988,1.00323013351231,1.5927040266826993,1.0979952775867283,4.603486349497967,4.462241923877353,5.727389756359929,3.934233492401874,11.137410141961583,11.075380348064703,14.195368752757684,8.092159467694271,3.222723689524008,3.305169444759795,0.9703064622162284,1.4249448466932557,3.98,0
2022-10-16,Leeds,Arsenal,C Kavanagh,0,1,A,0,1,A,16,9,4,4,6,3,0,2,0,0,10,11,2,1.067641183285627,1.2258532079845192,1.8145858303398177,1.2198429952806742,4.980743860726231,4.9541689258908645,4.44739563419629,3.866196702320471,11.908779819404508,14.497922974053383,13.137720639026913,9.515640346965307,4.366439077384205,3.5803967784780517,0.9926627786321842,2.0363286669619396,3.7,0
2022-10-18,Brighton,Nott'm Forest,D England,0,0,D,0,0,D,19,3,7,0,9,1,3,1,0,0,10,14,4,1.5741918185149306,0.994099509368703,0.15723221113311506,2.7941412913472283,6.805784424042988,3.317618842482494,3.479912158585126,6.837767886904179,15.883042376463518,9.346728766916476,9.601360757632204,15.789749220603515,3.285635099816265,3.921825062253681,1.6984825599810767,0.11374407582938392,4.1,0
2022-10-18,Crystal Palace,Wolves,D Coote,2,1,H,0,1,A,14,10,4,4,4,3,3,1,0,0,14,18,4,1.3483265819120347,1.063434430190561,0.4120832843382899,1.6133111631296186,4.43171846870848,3.8264677208319733,4.140495789590444,4.2878392896853335,11.5357953503567,10.663880918022857,12.553444928033558,15.375665979775459,4.068261947375947,2.9517452606854286,1.4651698670086948,0.19188797581745173,4.23,0
2022-10-19,Man United,Tottenham,S Hooper,2,0,H,0,0,D,28,9,10,2,8,3,1,0,0,0,7,7,1,1.6128977776838602,0.8864678460737365,1.6469195305587492,0.9871451880748596,4.3016358070873695,5.365468367799425,3.2883016826210074,5.93388901372627,13.13397586133333,13.50410862516927,11.353885363195227,15.665879184143098,3.487531817444874,4.359671828272592,1.473959310589264,1.3868080417047044,3.87,0
2022-10-19,Bournemouth,Southampton,J Brooks,0,1,A,0,1,A,15,9,3,3,7,3,1,3,0,0,8,13,4,0.8314346777514167,0.758769435893414,0.6231371643646111,2.372305762033773,5.152918570224113,4.6861826238701205,4.284961860666419,5.887191688655555,7.319640791357032,13.034920883904238,10.041084022536259,13.063095757851023,3.3859336091449186,3.1294773653373804,0.9194312796208529,0.37380019920827645,4.49,0
2022-10-19,Brentford,Chelsea,J Gillett,0,0,D,0,0,D,8,14,5,5,6,2,0,0,0,0,7,7,0,1.8687973370468507,1.112037043318651,1.6667710885390814,0.8983240569737128,4.31094074615298,5.982329878173896,4.867710573549149,4.491745307964549,11.607209862917179,14.968614509932491,13.068736547444622,9.893907301321299,3.2379871063703,3.2496741646135,1.9532590187697094,1.6166299029319662,3.81,0
2022-10-19,Liverpool,West Ham,S Attwell,1,0,H,1,0,H,22,8,7,3,8,3,0,0,0,0,9,8,0,2.768799069211096,0.8194028052944864,0.8940546298743122,1.2371365492396271,8.021710465915318,2.7632795141932607,7.348501469713206,5.421263757732517,19.297412571191128,7.954670297961692,12.86636397069208,11.90449617049125,3.084066004731258,3.0414698079815126,2.5697667479456614,0.7686942496328284,3.99,0
2022-10-19,Newcastle,Everton,T Harrington,1,0,H,1,0,H,16,1,4,0,8,2,2,4,0,0,9,12,6,2.0007123449343402,0.8922426487040495,0.9022277116559457,1.7662459991881962,7.387332943323947,4.244292666425172,4.008472659019363,7.297883006442528,16.240380954415844,12.203526028201649,9.869544035417722,17.526156455573876,3.2617945230805354,4.212121391213157,2.486865962162154,0.8677839827481486,3.69,0
2022-10-20,Fulham,Aston Villa,M Oliver,3,0,H,1,0,H,18,12,8,6,9,7,0,2,0,1,11,11,3,1.3178628566454822,2.02500723835798,0.9589384482778204,1.3722301424136618,4.439381472231585,4.822617933707621,4.839870160423169,4.957146080891652,12.600270057192098,11.431435567738689,11.95939493298738,12.199920311890716,2.626016587702177,4.9689465357121945,1.6320609133084667,0.8080840791697693,3.43,0
2022-10-20,Leicester,Leeds,P Bankes,2,0,H,2,0,H,5,14,1,2,2,9,2,1,0,0,15,11,3,1.6281440490194756,0.8387257663213615,1.3006790668758526,2.1815807663731253,5.167550170713025,4.161114790720337,4.079674050250162,4.156921427665512,12.75461093525429,9.810210945254276,11.659036624868689,14.363898067617606,3.4081157561091135,4.4849083017174385,1.4489477902383754,1.2639860061692099,4.09,0
2022-10-22,Nott'm Forest,Liverpool,P Tierney,1,0,H,0,0,D,10,15,7,7,2,11,2,1,0,0,14,8,3,1.2698182388580617,1.8826885747338287,1.5387397257105497,1.356919788273224,3.240779592557009,5.707848865708516,5.945765839795649,4.0395339818432925,10.765318327091624,13.779847453971492,15.693020890251331,9.837422763736724,5.452069567263386,3.0452647492386005,1.3127962085308056,1.374432879503239,3.83,0
2022-10-22,Everton,Crystal Palace,S Hooper,3,0,H,1,0,H,9,9,6,2,3,4,3,4,0,0,16,14,7,0.9862499693826335,1.0210189628135975,0.956171329026662,1.2391331810224813,5.119722695011017,7.185963094282278,3.738844283409464,6.610831810861358,11.286160981591705,14.344108354076832,9.90495751681052,15.877018497621052,4.337756740648301,3.790393386123615,0.9002244131571394,0.6888978813785652,3.87,0
2022-10-22,Man City,Brighton,C Pawson,3,1,H,2,0,H,10,8,4,2,7,3,1,3,0,0,11,12,4,4.333738463344106,1.0233172473082033,1.4038333802053098,1.5446504965152217,8.50957891748693,1.4472200144906675,4.508788755533797,5.601384274535906,19.763276528027752,6.048989697614655,12.254647979152294,12.559631279700698,2.175190844266528,3.543277449452854,4.69836873725515,1.3242289041684294,3.87,0
2022-10-22,Chelsea,Man United,S Attwell,1,1,D,0,0,D,6,13,2,6,6,4,1,4,0,0,8,10,5,2.0077016341235163,1.0970319876047467,1.3270070791164876,2.241956936423265,6.287231708192047,3.8540641468725627,3.7257868896662902,4.822593835741222,15.409416100074262,9.387040726307179,11.588668429539483,14.083019216075222,3.467718333843449,3.6564662035951665,2.2536624962873817,1.6337426482748123,3.99,0
2022-10-23,Wolves,Leicester,M Oliver,0,4,A,0,2,A,21,5,5,4,9,2,2,1,0,0,10,13,3,0.8486370037241983,1.2628834141463254,1.592950407740176,2.9758764554424504,4.771281056530627,5.92392489554014,3.298006039327449,6.322405591919955,9.247380876421657,13.380087790436582,10.745516886137219,14.748135333937407,4.2659589223364875,3.124573297724471,0.7292381617995877,1.5530239686367053,3.43,0
2022-10-23,Southampton,Arsenal,R Jones,1,1,D,0,1,A,10,12,3,3,9,4,2,1,0,0,11,8,3,1.1456307668193026,1.5102508932120573,1.6664528188796015,0.9980136807145281,5.099407718700057,6.760166756118878,4.184185710720918,4.254230346629197,12.710651454185124,15.723677045885736,12.385273203764685,10.694825752626542,3.0164638989821206,3.29300050250758,1.1124770223368685,1.690885768718013,3.98,0
2022-10-23,Tottenham,Newcastle,J Gillett,1,2,A,0,2,A,17,13,5,5,6,7,4,2,0,0,12,6,6,2.7608388953993543,0.7635099333083667,1.2553745690574811,1.2109453053113253,6.885692438603736,2.6211234809156783,4.767010425882279,5.589381093565477,17.059641384271053,10.823506187005753,11.321576209707116,12.831419102185277,4.47835708569058,3.45827767575317,2.9400320814738765,1.3122933542215456,3.81,0
2022-10-23,Aston Villa,Brentford,D England,4,0,H,3,0,H,19,12,11,3,7,6,1,0,0,0,14,11,1,0.8883606261084263,1.184493441264696,1.2931173218799146,2.2061931203724447,5.039294057945691,3.8326307724363655,5.224644920250874,6.479822547061217,12.385376978879785,10.516120248789044,10.84391028164383,13.789393093068684,3.182221228489351,2.536292954048884,0.6468709661439239,1.0667216857164687,4.1,0
2022-10-23,Leeds,Fulham,A Taylor,2,3,A,1,1,D,14,11,5,5,3,6,1,1,0,0,12,8,2,0.8734898762673443,1.1847816417964103,1.1653588044900904,1.8268416135606071,5.166096313146071,4.598801919600772,4.036156642177431,5.565264771346532,12.652771113293822,13.49812177866175,10.228332338661948,14.677201705981776,3.9361004514056246,4.51330726353245,0.6617751768882051,1.357191926067845,3.72,0
2022-10-24,West Ham,Bournemouth,D Coote,2,0,H,1,0,H,20,5,4,3,5,0,0,2,0,0,9,11,2,1.535851796201128,1.1633172738418336,1.3855414599713731,3.1230368031999376,3.718389563667964,4.640691884445278,3.3962275249504907,6.756024391678594,13.3764531407997,13.213519127249652,7.928981784670889,17.69749612752691,3.644109325932895,2.633340522734848,1.7951126983342625,1.535545023696682,4.23,0
2022-10-29,Leicester,Man City,R Jones,0,1,A,0,0,D,10,15,5,5,3,10,0,0,0,0,5,10,0,1.6957641181116914,0.686207851471472,1.9727096681150478,0.8557528017506842,4.591547659977643,5.041040878545486,5.92439184951196,3.6457329615719174,11.344475301166744,10.572102276068435,17.402829464329514,7.689069239123984,3.3339020301946785,3.3066498962350828,1.6326318634402939,1.6160476517000315,3.98,0
2022-10-29,Bournemouth,Tottenham,A Taylor,2,3,A,1,0,H,6,23,4,7,2,19,1,2,0,0,10,5,3,0.6154823726736123,0.8214253459342645,1.3474357865120248,1.1713275634870755,5.632669419088476,4.248222752636842,3.2358755223112707,6.309600542009257,9.314495371415669,11.986912556849337,10.925843562399214,17.90877485264261,3.5454278618198236,3.748732994146302,0.5834586466165413,0.9245386862117113,3.72,0
2022-10-29,Brentford,Wolves,R Madley,1,1,D,0,0,D,12,14,3,4,3,6,3,3,0,1,10,17,7,1.5267496252958845,0.9084998707697377,0.5189928788430601,1.6836285153124086,4.620090829651672,5.253440343036071,3.9331025667896977,4.2354972131240896,10.946978892465296,14.791328096834993,12.089114259123969,15.12550828200313,2.645335319867178,3.1423649286288535,1.3021468937540617,0.46125865535707095,5.0,0
2022-10-29,Brighton,Chelsea,A Madley,4,1,H,3,0,H,19,15,9,7,8,7,1,2,0,0,16,6,3,1.2879239189181846,0.8133218079538894,1.3636774420054434,0.7349685031911576,7.204804084038586,2.896158210874585,4.346232332825692,4.766013572907384,16.449863332796287,8.192571635589603,13.238081958856764,9.549510116788126,3.415542863988333,2.6587378330611156,1.1323216914829988,1.0777532589946879,3.43,0
2022-10-29,Crystal Palace,Southampton,M Salisbury,1,0,H,1,0,H,12,14,3,4,8,4,3,3,0,0,13,12,6,1.4668300008850894,1.0518992092508381,0.6916677093693572,1.9409143075912767,4.353212712365261,3.6761788677484537,4.051298234818795,6.089550087656799,11.983898139156675,10.543157628729416,9.85176831211378,13.415311712264995,4.055848867564371,3.2877773751852994,1.6434465811905752,0.5825334698677127,3.97,0
2022-10-29,Newcastle,Aston Villa,P Tierney,4,0,H,1,0,H,20,3,7,0,3,0,1,1,0,0,11,11,2,1.8187380139401383,0.729992967360239,0.7845604829481092,1.6682316181086942,7.498743258511102,3.8361797270822375,5.2326785277901156,5.692318022120477,16.19666892909208,10.166223136837907,11.966778753065148,13.254634612458277,3.7597229360849465,4.610903857001074,1.991243965920858,0.5387227146345763,3.83,0
2022-10-29,Fulham,Everton,J Brooks,0,0,D,0,0,D,24,9,6,4,13,4,2,1,0,0,10,8,3,1.6257459798336524,1.654368283331405,0.7381622985888242,1.6269081527180353,5.274115715837338,5.221146194968851,3.643242360527167,7.425559327044594,13.588587642195334,11.535500443679323,8.256663620542202,17.248632848114273,2.6944671188932334,4.537237809912056,2.088058667353754,0.578522649997998,4.49,0
2022-10-29,Liverpool,Leeds,M Oliver,1,2,A,1,1,D,22,14,10,6,14,5,0,1,0,0,9,3,1,2.4471521654707655,0.6703986703269899,1.064149655310705,2.148560175117709,8.017762530696459,2.8063259023540166,4.9744388167797196,3.764683735009022,19.788864027546552,7.962913268326097,12.084742476309305,12.661066557297762,2.523244655025859,4.2148766730259375,2.0465111559495432,0.8426573261560636,3.43,0
2022-10-30,Arsenal,Nott'm Forest,S Hooper,5,0,H,1,0,H,24,5,10,2,9,4,0,1,0,0,9,8,1,2.6032610391525304,1.2782463638452668,0.11639357481534046,2.06840628326291,6.680984519774388,2.915273253054549,2.8357933103248074,7.399374254104442,18.728260203698778,7.443004975762384,7.886759345869755,16.623562235912647,3.7612968534965043,3.942129793890914,2.803898149018244,0.07218045112781958,3.87,0
2022-10-30,Man United,West Ham,C Kavanagh,1,0,H,1,0,H,16,13,3,5,5,10,1,3,0,0,12,10,4,1.6832925915866637,0.7252630390286964,0.7314754491864577,1.194014502109304,4.974185960757776,4.93530626604787,6.557749112370912,5.890193520488585,15.837372903216933,12.685033274555913,11.981441013137195,13.740310992526643,3.035172390731676,2.488394354932301,1.6493062117581685,0.5124628285111721,3.7,0
2022-11-05,Wolves,Brighton,G Scott,2,3,A,2,2,D,8,19,5,8,4,9,2,0,1,0,15,11,3,0.6943167819428155,1.7606138179783446,1.3303983820582548,1.809298228303484,5.540251584970384,5.210379578194964,4.2344233739237085,5.855715264103141,11.384533489026985,11.856212445981395,11.480962390540043,12.09417565494179,4.035750881909607,3.626330067926583,0.48615877019062936,1.216152600848252,2.89,0
2022-11-05,Nott'm Forest,Brentford,A Marriner,2,2,D,1,1,D,15,6,7,2,3,3,2,2,0,0,10,11,4,1.1997371222139794,1.3936893203883494,1.0564368578155152,2.534515259074403,2.918506273586427,7.082403315808148,5.366558880403327,6.575031109249839,10.566538722059153,14.096763216462925,11.05551045620713,14.743095313217426,4.81518240170306,2.2551038282435427,1.1984962406015038,0.7111337084370394,3.02,0
2022-11-05,Everton,Leicester,D Coote,0,2,A,0,1,A,12,22,2,8,8,3,0,0,0,0,9,5,0,1.3524399304300239,0.8353519790585514,2.030659846859854,2.4347288121243618,4.7342621565551175,6.606612289239222,3.061970397488191,6.809312197550119,10.870434507069703,13.372310067170053,9.700724547096662,15.88500438110368,4.821871819788386,3.1019202919652193,1.6001496212750599,2.368682660328928,4.23,0
2022-11-05,Leeds,Bournemouth,T Harrington,4,3,H,1,2,A,18,9,4,6,13,3,2,2,0,0,16,10,4,1.0783398785303782,1.5148696516172195,1.0256684836951262,2.831345353675451,4.772202973617391,4.853602496971225,2.514109924845982,6.299924200883784,12.897757673712945,13.043851336496031,7.168224042834565,18.29553591587911,3.5840306621544213,2.4688401122472015,1.107850125894261,0.9744360902255639,3.69,0
2022-11-05,Man City,Fulham,D England,2,1,H,1,1,D,16,4,5,2,9,0,2,4,1,0,6,11,7,4.091205066192696,1.0190771272567063,1.5011548859420674,1.858534953805665,8.235069849038634,1.7295849722875927,4.395600715359832,5.095741978435763,17.98787551144909,6.403770765657403,10.369571387198908,14.553252848963949,2.507022890695895,4.053294301518686,4.13224581472341,1.9048163044693158,4.1,0
2022-11-06,Chelsea,Arsenal,M Oliver,0,1,A,0,0,D,5,14,1,2,4,6,5,2,0,0,20,13,7,1.8244503766669196,1.0793866517831485,1.5452618428026823,0.998374882537354,6.23499841817324,3.8806026853526205,4.150692497954236,5.117223855299664,13.698307103242362,10.044059934794966,12.315213277093477,10.568475306235223,3.7463648424849736,3.239719886259881,1.8357749863270556,1.4605905083646251,3.43,0
2022-11-06,Aston Villa,Man United,A Taylor,3,1,H,2,1,H,6,8,4,3,3,5,3,3,0,0,6,12,6,1.4541960494700603,0.9690994745246279,1.2675425439243138,2.0161135321989865,5.395838227594262,4.2267555848260745,3.7756511164397595,5.03669901804863,13.588211744674721,10.785956057619975,11.845311729330492,12.613164245559119,2.7853956570392953,3.9007808310767644,1.764580664062986,1.4224950950760975,3.72,0
2022-11-06,Southampton,Newcastle,S Attwell,1,4,A,0,1,A,16,7,5,4,8,2,1,0,0,0,7,10,1,1.1191485699140031,1.4174644242517385,1.3907808277320703,1.1725859995580674,5.808710121597143,6.2582447988054355,5.173067956724233,5.664050004337129,12.217733596790085,15.04654575766526,11.626788839399758,13.589453840054745,3.0134700246505073,3.920476650182922,1.07498468088814,1.541528906909483,3.99,0
2022-11-06,West Ham,Crystal Palace,P Tierney,1,2,A,1,1,D,5,15,2,6,2,5,1,1,0,0,10,7,2,1.6202547310664934,0.9517740829209139,0.7822908941293976,1.5593480619598243,3.9514437504452955,3.796806221100573,3.7863356358461604,5.954199482999598,14.580910660098922,11.719933427167774,9.740390350017575,14.626427802352948,3.345136602969637,4.3740626271142125,1.863408466776227,0.45926524809905733,3.83,0
2022-11-06,Tottenham,Liverpool,A Madley,1,2,A,0,2,A,14,13,5,6,5,3,0,0,0,0,10,8,0,2.4406395078322,0.9883592157282308,1.2589188143550416,1.2920136714253538,6.724633878871355,3.4173993828771674,6.8648819094476785,3.6686432795340496,17.04879590898814,11.219290257760505,15.566994549435972,9.866987549552494,4.755059929165237,3.037033322459536,2.2933547094301834,0.9162885740588913,3.43,0
2022-11-12,Wolves,Arsenal,S Attwell,0,2,A,0,0,D,11,14,2,4,6,4,3,2,0,0,5,6,5,0.9317421601811094,1.9859837461356955,1.446111453584257,0.8168304383476287,5.260172305336333,5.899483986969878,4.4869704917891085,4.9140679191943795,10.769090070072656,13.155238456739694,12.621574819774667,9.555904004475876,3.847409987658131,3.923489054722596,0.9907725194701144,1.3070603370812832,3.99,0
2022-11-12,Newcastle,Chelsea,R Jones,1,0,H,0,0,D,10,5,3,2,5,3,3,2,0,0,14,11,5,2.2153785963684505,0.5972510786770925,1.2975463521432653,1.3286816852011536,6.6806919846819905,3.1386089763086873,4.82879332727038,5.354081520822407,16.88826648168942,8.863117440698648,13.558469057011981,11.26798677638511,3.4397349957357957,2.720792930303191,2.6608293185883287,1.0518355056877913,3.98,0
2022-11-12,West Ham,Leicester,J Gillett,0,2,A,0,1,A,18,9,6,6,7,2,3,1,0,0,9,8,4,1.5074676383851018,1.142383437012179,2.0250846616719334,1.9919978333296406,3.5965933057488875,4.015594924285581,3.05070170316806,7.025826814534348,12.838718292239554,12.316380586732452,11.937224247849228,15.178555357416704,3.1005370229754545,2.5378672441817516,1.5756056410898984,2.2457884387556772,3.81,0
2022-11-12,Tottenham,Leeds,M Salisbury,4,3,H,1,2,A,14,12,8,5,9,2,1,1,0,1,8,7,3,2.1786736838699063,1.1723159308987015,1.2343291691815983,1.939700485785764,6.411026531123646,3.341499497678749,4.979086984896639,5.625922720681787,16.494402996639955,11.5430944380064,12.43302208764766,14.359302992610871,3.890400043356422,3.6302680841900066,1.8622364678190553,1.2284382243290592,3.97,0
2022-11-12,Liverpool,Southampton,S Hooper,3,1,H,3,1,H,15,9,7,5,6,0,0,2,0,0,8,8,2,2.1840020801334394,0.9121733169165941,0.5658948838929087,1.7698184917914161,9.105572325766124,3.205223502600522,4.041970166083308,6.4369462146579,20.190936894330587,9.060696850823124,10.606082577546367,13.157951493520965,2.246257914775718,3.780967816524713,1.697674099811889,0.3883556442659153,3.87,0
2022-11-12,Bournemouth,Everton,C Pawson,3,0,H,2,0,H,16,15,9,3,3,5,2,0,0,0,12,8,2,0.9490955034486062,1.3463743221155424,0.6039348990787967,1.3310712466629817,4.757342016928223,7.802808476107716,3.7081151538049073,8.439215370822742,8.515835133385682,14.640624224286364,8.391831874687076,18.476301150420554,3.414001657485391,4.2577065550004285,1.0849927149101506,0.3856817643686945,3.87,0
2022-11-12,Man City,Brentford,P Bankes,1,2,A,1,1,D,29,10,6,8,10,2,2,2,0,0,9,7,4,3.710940430063405,1.015608143285722,1.2289289066568871,2.4368009376340116,8.374164713632293,1.4150773179335134,4.933930080342907,5.921482434935918,17.62640031695381,5.966669196653882,10.13131649658376,14.790059860473356,3.324025648209934,2.574086948954388,3.4214972013509497,1.140767148557031,4.09,0
2022-11-12,Nott'm Forest,Crystal Palace,J Brooks,1,0,H,0,0,D,9,8,2,0,1,5,1,4,0,0,11,13,5,1.3925683284274797,1.5397858380890035,1.0037249565830688,1.4576335284244946,2.9381429879703775,6.098708110783572,4.007034183072426,5.235148889510933,11.634824793620218,12.14576853609601,10.696822987419484,12.875912014209954,4.618756189557243,3.9423516959017153,1.4822729480330261,0.9728435079073914,4.49,0
2022-11-13,Brighton,Aston Villa,C Kavanagh,1,2,A,1,1,D,7,8,2,2,11,4,2,7,0,0,14,11,9,1.7811008372988824,0.847268265475633,0.641896039659986,2.0922402768539667,7.34940632218315,3.642420478810477,4.281168497272472,5.202747032848764,16.913592411694207,9.43046704946682,10.336260103837668,14.48121155420346,3.3399785571658236,4.136137215889852,2.088214478064966,0.3591484742844124,3.7,0
2022-11-13,Fulham,Man United,P Tierney,1,2,A,0,1,A,14,14,7,9,10,3,1,1,0,0,9,10,2,1.32854461362948,1.3519344959439965,1.2188926196489727,2.1950234036981264,6.686478651296314,4.99790940276291,3.9982866629143956,4.66634575928707,15.491889889432727,11.071987566993702,11.146080415674705,11.410626753586032,2.750321348773918,4.282502751289763,1.3920207351802947,1.281663395040164,3.83,0
2022-12-26,Aston Villa,Liverpool,P Tierney,1,3,A,0,2,A,12,16,6,9,0,6,0,0,0,0,7,12,0,1.7352849710102511,0.9747184247012787,1.3936805704708608,1.2389125052732803,4.9601791109589595,4.367362314853968,6.162073251791436,3.9107435691405716,12.208371658874709,10.279357932142101,15.100199952403171,10.618554350409976,3.369939167638725,2.484764621209594,2.176387114279731,1.2775257224924887,3.83,0
2022-12-26,Arsenal,West Ham,M Oliver,3,1,H,0,1,A,16,8,5,4,7,5,0,2,0,0,13,17,2,3.0390955436190197,1.0458039161389026,0.5984639860740364,1.158734913683899,7.102685413857934,3.1125251657406734,7.183687860517283,5.728320770357225,19.686898645068627,6.998757237308597,12.166655733958798,14.151212741036964,3.2591693938573503,2.7632646581298568,3.5359321124227288,0.3416418836397236,3.43,0
2022-12-26,Southampton,Brighton,R Jones,1,3,A,0,2,A,14,7,4,4,4,2,1,2,0,0,9,10,3,1.0974825992657191,1.887072578362996,1.6339986659287373,1.843975429978121,6.207174175522631,5.483925754181436,5.100995615430593,5.51827208310105,12.905500751151088,13.583362235349558,12.848223854672456,11.349690936133069,2.6473407250142333,3.5124382362610462,1.0499897869610835,1.8107684076470754,3.98,0
2022-12-26,Leicester,Newcastle,J Gillett,0,3,A,0,3,A,8,12,2,5,5,5,0,0,0,0,9,6,0,1.3874064463751448,0.7432678017888619,1.8652411258464248,1.1412029690825132,4.3021407043481386,5.942777784401934,4.596077420748709,6.088819047544444,11.099995972262956,11.377271001043875,10.785453762842856,14.027787446453907,2.7276654334601402,3.3894173061426915,1.0884212358122556,2.361019281032705,3.81,0
2022-12-26,Everton,Wolves,C Pawson,1,2,A,1,1,D,12,7,6,4,2,2,1,6,0,0,9,22,7,1.1065123136956123,1.0471315233326612,0.606459192338251,1.5593175365253449,5.328103780605963,5.950786071141964,4.308947104019724,4.010834454897923,11.075834646012252,14.941168820423291,12.436589637166074,14.557165995161382,3.945062862763338,3.8438371182526376,1.0667664078310486,0.6408391057100931,3.87,0
2022-12-26,Crystal Palace,Fulham,A Madley,0,3,A,0,1,A,4,23,0,11,1,8,0,0,2,0,12,15,2,1.3819416543089207,0.8606219038746085,1.4095391485332511,1.8843960695768966,5.01634435038204,3.7350624880195147,3.592044345485463,5.809476370164794,11.986826100815518,11.171749691611497,9.205154964281338,14.817731577605125,4.409373222926592,4.5919792930570775,1.428964384906009,1.6032029066246103,3.43,0
2022-12-26,Brentford,Tottenham,D Coote,2,2,D,1,0,H,9,16,5,8,6,5,3,1,0,0,11,10,4,1.430454933365297,0.9252269386834316,1.6479379895151938,1.3220133224474184,4.323923277081993,5.3899183369876855,6.102423215464567,5.525942971327598,11.139480867363716,14.6466660189874,13.121407631432186,15.74328376365511,3.441408204776882,3.6125834198267444,1.201428603396954,1.6163591323803728,4.23,0
2022-12-27,Chelsea,Bournemouth,S Hooper,2,0,H,2,0,H,15,9,5,4,6,8,0,0,0,0,8,10,0,1.4926835723432794,1.0649506023817035,1.5014030683201989,3.112944177453493,5.828575589496274,4.26600405508307,2.6311899142843655,7.914373319953031,12.11656523315631,10.763427044097568,7.609608464301566,18.224323632115507,4.338021459978645,2.8377881370236886,1.2238499799531273,1.691597863040311,3.87,0
2022-12-27,Man United,Nott'm Forest,A Taylor,3,0,H,2,0,H,17,8,8,3,9,9,3,1,0,0,13,4,4,1.5590393904977575,0.5933777305380449,0.08834739892719103,2.7748026040447487,4.978880109426113,5.856294458700711,3.11632035522907,7.785060760182702,15.866945794256436,12.742308334105502,7.191166307426952,18.400987418426375,3.210621269333107,3.2331947017594023,1.4328708039723246,0.04662457503642548,3.72,0
2022-12-28,Leeds,Man City,S Attwell,1,3,A,0,1,A,9,26,1,9,3,5,3,3,0,0,11,14,6,1.6096144249366904,1.7849256880443551,1.7958274781402235,0.7001386091375091,6.2683452185667665,4.516543501450333,6.665519977224066,3.5283097836948976,13.825549191156712,12.308517589512885,16.965887433507252,8.109299969076583,3.659670508027966,2.70535282445877,2.0719000954108555,1.4106984307982795,3.99,0
2022-12-30,West Ham,Brentford,D England,0,2,A,0,2,A,20,9,5,6,8,1,1,0,0,0,9,5,1,1.2333557585569606,1.298328999136602,1.3697482589812295,2.1744005193024214,4.215455152614305,3.6490872132080456,4.398111610106275,6.666334896549609,13.777225093455142,11.713343218826742,10.107334396673554,17.385196138167263,3.264091769485395,2.834498931782694,1.050403756556673,1.4271831402303654,4.1,0
2022-12-30,Liverpool,Leicester,C Pawson,2,1,H,2,1,H,21,7,5,2,4,5,0,1,0,0,8,15,1,2.332379874823673,0.9281433693316847,2.020523367226427,1.6297809227944893,8.540867488009244,2.6223984938272844,2.859646312219461,7.02113056998374,19.24703771272128,9.049659978484957,11.403131150555772,15.691595554842136,2.2014793615100285,2.803735610473841,2.1317827366546025,2.1638589585199592,3.87,0
2022-12-31,Brighton,Arsenal,A Taylor,2,4,A,0,2,A,9,14,5,7,7,4,3,3,0,0,7,11,6,1.63906549582158,1.0568809527582124,1.5468283292287275,0.6683012618300003,8.013230114021171,3.707442723022987,4.398421727274241,5.111529460958682,15.110905208936813,9.170350984880777,12.872222135665828,9.818492638490907,4.369196604328396,4.119237494922395,1.7254763143899492,1.538040226554758,3.72,0
2022-12-31,Newcastle,Leeds,S Hooper,0,0,D,0,0,D,16,8,5,1,9,3,3,5,0,0,13,19,8,1.9943790184867416,0.48864933377930897,1.555398674444261,2.314345257719307,6.375081683271607,3.1134048750135306,4.437369940201586,6.239464782928216,15.63573168361191,8.160663632269847,12.354281370509348,14.293967352431837,3.7234473371875105,3.515660163822462,2.1072195413300774,1.8189588232521747,3.87,0
2022-12-31,Man City,Everton,A Madley,1,1,D,1,0,H,16,2,3,1,7,1,3,4,0,0,13,14,7,3.217993876210449,1.1946060172437516,0.49411779503956754,1.6345425691827287,8.669800092654159,1.5214373165515427,3.943026321842573,7.4501702250950705,19.694530146176785,6.700073921453364,9.593434709087154,18.02602046373893,3.4469421179016364,3.8471742343501143,2.614331461158676,0.2571211752250686,3.43,0
2022-12-31,Bournemouth,Crystal Palace,A Marriner,0,2,A,0,2,A,6,15,2,6,2,7,4,1,0,0,17,11,5,1.415686160281909,1.0400676752893667,0.8212076551670733,1.3744174679911039,4.357538238966808,7.165156040295098,4.1875950430124975,4.465029604004742,10.21851870877117,14.72238394519105,10.206432815458376,12.17111634611411,3.0923094659480097,4.1346744164290365,1.7492466296590006,0.6485623347429027,3.02,0
2022-12-31,Wolves,Man United,R Jones,0,1,A,0,0,D,10,16,3,6,7,5,1,3,0,0,11,11,4,0.7623178962440208,1.9885324056206903,1.3609260583269829,1.9777251325543213,5.394699611242831,5.554089423853722,3.8167622130283796,5.636196091756807,10.811077807223135,13.308846513545255,11.665025726484693,11.881468017489771,4.0569923408107496,3.867461589584168,0.6605150103579429,1.521108931927893,3.98,0
2022-12-31,Fulham,Southampton,G Scott,2,1,H,1,0,H,8,9,2,3,4,4,0,1,0,0,8,13,1,1.268543090941912,1.470289554683445,0.6448308201539364,1.9935097718948562,7.291621204642821,4.633034736174166,3.306994494153613,6.357493664411465,15.219428673102747,11.60672530774583,10.314038952011504,13.492902218822438,2.6132914856631593,3.4571237593322257,1.2613448567678103,0.592237097796027,2.89,0
2023-01-01,Tottenham,Aston Villa,J Brooks,0,2,A,0,0,D,6,13,2,4,5,3,4,3,0,0,15,10,7,2.509856369044966,1.5046546844191397,0.8888482262884481,1.8936316779767244,6.881795101080561,3.0975666000603588,4.230041943459102,6.256896301596874,16.040830742717212,11.62617631605996,9.9114439203762,13.120857998148649,3.728493264418898,5.0205625508223,2.574824317537078,0.9060989871988778,4.49,0
2023-01-01,Nott'm Forest,Chelsea,P Bankes,1,1,D,0,1,A,12,7,5,2,1,2,2,2,0,0,16,14,4,1.3032571418164365,1.1894771392760444,1.061605718531284,1.2689155235261436,2.4972061177677056,5.848746720606408,4.496252870685677,5.289696754732827,11.035389455132664,11.202586214545425,12.002231309724948,11.0374211376796,4.705490993750822,3.1352348184630348,1.3149881046788268,0.7012236676747876,4.09,0
2023-01-02,Brentford,Liverpool,S Attwell,3,1,H,2,0,H,10,16,7,6,4,9,1,3,0,0,5,8,4,1.5344699432592477,1.1215108451829616,1.685773624017922,1.1954686659515417,4.630022209599223,5.318708239568617,6.132601858901705,3.1996141326469565,10.748751254162645,14.89382301440587,15.263819552996182,10.869756365825014,3.543422838052739,2.0329351331185697,1.4676237542177237,1.8516838218329255,3.99,0
2023-01-03,Man United,Bournemouth,M Salisbury,3,0,H,1,0,H,18,7,6,4,6,5,0,3,0,0,13,7,3,1.8210636035734353,0.48547795043609554,1.159826634606674,2.859744013501435,5.710080371294853,6.427945734362673,3.852620082544053,7.478844163776815,16.07298032058162,11.879967197774606,7.925929239348801,17.490774466914672,3.35416186257189,2.192177659776165,1.9552472088694552,1.1048374306106268,3.97,0
2023-01-03,Leicester,Fulham,D Bond,0,1,A,0,1,A,15,11,6,2,6,3,2,6,0,0,12,11,8,1.135126013006121,1.1536229493017005,1.7000022056162483,1.5402521426014435,4.429036644609648,5.7713468467405,4.397061503698328,4.931130192603624,10.536305116300722,11.490505548957767,11.724483156085512,12.842108360072473,2.23167767195239,4.118610691332067,0.7256141543276045,2.068810132877292,4.22,0
2023-01-03,Arsenal,Newcastle,A Madley,0,0,D,0,0,D,17,8,4,1,5,5,4,4,0,0,10,16,8,3.0319864117079964,1.0374749340675427,2.0715811362224485,0.9336911902852089,7.084013102773893,3.4557435055659274,4.669525085351455,5.890832551307071,19.016473159601958,7.180823176697848,11.006301987858144,12.931718710993694,3.030202087340609,2.7730992336007834,3.3572880728209253,2.5740128557129007,3.43,0
2023-01-03,Everton,Brighton,A Marriner,1,4,A,0,1,A,10,19,4,8,5,2,3,1,0,0,8,10,4,1.0871445410227436,1.2203973120749445,1.8823868793773153,1.6905103168643845,4.722934714063127,5.232390949957343,4.537122988357085,5.242195566304144,11.24388117384684,13.497178476636707,11.784806243812591,11.831612525110184,4.500560400569068,3.4192585190580895,1.0445109383773314,2.2071789415787495,3.02,0
2023-01-04,Southampton,Nott'm Forest,T Bramall,0,1,A,0,1,A,8,11,0,1,6,2,2,2,0,0,14,17,4,1.0797567537119896,2.089442844821262,0.06824793990105549,2.82603609691221,5.805830460437135,4.8504226438371285,4.4548858294706,8.061465292364536,13.104520112451514,12.386270004663636,7.375179870477378,18.082256028994085,2.7114668756152076,3.4076466025529073,1.0333265245084218,0.030452022204599548,4.06,0
2023-01-04,Leeds,West Ham,D Coote,2,2,D,1,1,D,14,15,6,2,8,1,3,1,0,0,11,18,4,1.4987645786549098,2.0058699360667207,0.6714776871932553,1.4935431849995688,5.67404240968631,4.6044532955037205,6.786614802918836,5.95955782997942,12.948090646568557,14.798121933651915,11.40900773757748,14.487388814109792,4.085226652734942,2.6244756686226003,1.714600060770395,0.5610945908355296,4.23,0
2023-01-04,Aston Villa,Wolves,J Gillett,1,1,D,0,1,A,13,10,4,3,7,8,1,3,0,0,6,12,4,1.6015836957849243,1.3429875176160353,0.859855073403132,1.4576134750557073,4.0582400007796,4.664234614834525,3.8890974070905058,3.645192368514072,12.170482190694653,11.319576581694221,11.448021944333728,14.092181168875367,2.7571629218166227,4.417741140156796,1.7842580730731152,1.0938927407371553,3.81,0
2023-01-04,Crystal Palace,Tottenham,M Oliver,0,4,A,0,0,D,19,14,4,6,10,4,1,2,0,0,11,8,3,1.1306549168495135,1.2496378513216144,1.711955535930616,1.4452957053989108,4.286028374179896,4.510581649419829,5.901962991800397,5.612143603411707,10.534533619963119,13.322551370235585,13.644839342544975,14.517112042549224,3.9712624426172383,3.683029699643168,0.9526429194888407,1.7442394226022417,3.43,0
2023-01-05,Chelsea,Man City,P Tierney,0,1,A,0,0,D,8,12,2,3,3,2,2,0,0,0,9,9,2,1.5849339689610151,0.8713000322596473,2.0147941559015643,0.7546653911011489,5.8597473966699045,4.944993711457233,6.362661898719959,3.4322419561498716,12.64088888277936,10.442765548912321,18.608650060370486,8.271264823042861,3.549195830838823,3.3044513201708776,1.4825666563832698,1.940465626841446,3.83,0
2023-01-12,Fulham,Chelsea,D Coote,2,1,H,1,0,H,8,20,3,10,5,7,4,3,0,1,12,16,8,1.4020196517115968,1.3844709212852226,1.0504037808840148,1.2200178724843351,6.690964799171095,4.517518294418111,4.04235232904947,4.509689367142532,13.902024328329134,11.131048990193158,11.092661799545446,11.212449506041487,2.31889738485054,3.292477455576134,1.5075661269966942,0.8008157789770104,4.23,0
2023-01-13,Aston Villa,Leeds,M Oliver,2,1,H,1,0,H,11,16,5,4,0,11,2,2,0,0,12,8,4,1.4921960738164481,1.2806211516726629,1.2725712069233972,1.8935139821342581,4.593148331858692,5.270786031511323,4.176004345156906,6.741429454285244,12.321315700938012,11.079634333777271,11.562516279585346,14.604185498523558,2.983151414239684,4.331074565420931,1.522838713998356,1.2126392106874764,3.43,0
2023-01-14,Brentford,Bournemouth,J Gillett,2,0,H,1,0,H,12,7,4,2,5,3,1,1,0,0,5,9,2,1.801900477110179,1.0993374956521946,0.9074889461992823,2.8902588080080713,4.515055494944616,5.990471890013729,4.1022498008631905,7.157099424806621,10.612118814110485,15.09567865048129,7.724479439081603,17.601564122939727,3.6267392283253805,2.3679315318581424,1.9784218298313103,0.7267226540086592,3.81,0
2023-01-14,Man United,Man City,S Attwell,2,1,H,0,0,D,8,5,4,1,1,2,3,0,0,0,15,5,3,2.0354366777234656,0.39720058366508454,1.8302680495827708,0.6174400578810073,5.762798195810528,6.168293799175501,5.569372926099746,3.353644809435823,16.42338186376636,10.99261350073959,17.406959592829093,8.221939113699486,3.2897624874602522,3.067255114818577,2.3034981420112985,1.626977082071971,3.99,0
2023-01-14,Brighton,Liverpool,D England,3,0,H,0,0,D,16,6,9,2,7,1,1,3,0,0,8,15,4,1.7046963809669304,1.5920459367718602,1.5610752938982224,1.5235974188279227,7.8289884068158635,3.7606401669399125,6.653998056510414,3.345153094215014,13.999722672330126,10.048555025043571,15.39768365799091,10.71160335055751,4.665735364454974,2.3906183328603454,1.8169842103198415,1.5677892123012565,4.1,0
2023-01-14,Everton,Southampton,J Brooks,1,2,A,1,0,H,12,13,4,5,6,4,0,3,0,0,7,19,3,1.0712988088714184,1.7258201321741287,0.70941221132539,1.994689907964748,4.773314258872942,4.644636391837355,3.4330055958951387,5.928824091810689,11.017702830630723,14.497771685487336,10.075103626566985,12.494112664463955,4.409542122890522,3.0103381718922244,1.0296739588396873,0.7281580659167959,4.49,0
2023-01-14,Nott'm Forest,Leicester,P Tierney,2,0,H,0,0,D,15,6,5,1,3,5,1,2,0,0,11,12,3,1.2372790000185954,1.148253544383195,1.8349587897847017,1.6970988782953196,2.1714664601722156,5.0113941182731265,3.248832724215367,6.471790069198397,11.245254953856758,10.28825052068477,10.602497674034804,16.656837370355547,4.552000841650903,2.475757391529338,1.2071879401178867,1.7759059702931623,3.83,0
2023-01-14,Wolves,West Ham,S Hooper,1,0,H,0,0,D,17,16,4,4,4,3,0,2,0,0,10,7,2,0.6237035314625032,1.808784832926693,0.9130465620617415,1.585633623970561,5.686595806737459,5.453337816292019,5.734418679629657,6.330577055245367,10.663597293397402,13.79818637148699,12.061967761005432,14.398765562311148,4.04662926635347,2.8745910501121705,0.4403433390732361,1.0407297297624474,3.87,0
2023-01-15,Tottenham,Arsenal,C Pawson,0,2,A,0,2,A,17,14,7,5,4,3,4,2,0,0,16,15,6,2.0534822657972973,1.594724688816311,1.9928952975097982,0.9104477148796796,6.539623109749327,3.0798257961806477,4.325975606156817,5.454915265578477,14.215078806237738,11.875982464137316,13.077289094016884,9.669663865453092,4.323360353680922,4.461221726475548,1.7165495404817772,2.3586934887136457,3.87,0
2023-01-15,Chelsea,Crystal Palace,P Bankes,1,0,H,0,0,D,15,10,5,5,11,7,2,5,0,0,10,17,7,1.2967359217374002,0.8947023191100114,1.0355545355520643,1.1244988984467064,5.339742379796324,4.409487846008351,4.698991500201908,4.016798490194826,11.797008229331334,10.725926826708019,11.07807588001186,11.048985257393932,3.2674962635644866,4.292021755991245,0.9883777669984867,1.0990415600719217,4.09,0
2023-01-15,Newcastle,Fulham,R Jones,1,0,H,0,0,D,20,5,5,0,10,5,1,3,0,0,6,14,4,1.6317355830601203,0.39979687821390947,1.5722655122036897,1.2591862914670027,6.8523778176918935,3.0927841539330223,4.142125139863165,5.126177999296081,15.701967595867085,8.131449721065213,11.592279168656662,13.235881323379472,4.50106469830572,4.8268882255430094,1.404813023835471,1.7125359080759817,3.98,0
2023-01-18,Crystal Palace,Man United,R Jones,1,1,D,0,1,A,10,15,5,4,3,3,1,2,0,0,9,10,3,0.9250648161075697,1.7497437835535243,1.2952978780696522,1.6181099191214907,5.325015588300256,4.417741180434206,4.031913602015394,5.8841803163947235,12.073832711103021,13.44573372230888,12.45326605014515,11.53935550066962,3.7946551149093795,3.8915614141579598,0.635095277978413,1.3474059536991667,3.98,0
2023-01-19,Man City,Tottenham,S Hooper,4,2,H,0,2,A,16,9,6,3,8,3,1,2,0,0,10,14,3,2.8146899346986354,1.1592202686002895,2.1279969689620173,1.182493602611603,8.36617573817451,1.4266229316823273,5.556123817296779,6.4099996293063315,19.022743543892254,5.845446522230025,13.709419184066569,15.332247919157115,4.093004428370307,3.5588325262468326,2.076220971257507,2.4961596190481563,3.87,0
2023-01-21,Crystal Palace,Newcastle,C Pawson,0,0,D,0,0,D,6,16,1,7,3,15,4,2,0,0,13,7,6,0.9386902885970544,1.6134177913248913,1.6948998268820061,0.7639155469726787,4.902257755591338,4.159953150195355,4.729616250200051,5.728850012481036,11.69674748777868,13.728346125561465,10.45965780904304,13.671465514009363,3.6501628905042325,3.7235210105001837,0.7567301857481598,1.7160085659337572,3.87,0
2023-01-21,Liverpool,Chelsea,M Oliver,0,0,D,0,0,D,15,11,3,2,5,5,3,1,0,0,16,9,4,2.2719423258144658,0.9412092585945551,1.0412388560232575,1.3618421060247554,7.715189033510566,3.0547243307327503,4.580141720905431,4.59884260187525,19.56578367832736,8.676964653692469,12.712284055748237,10.628329469300663,1.9830110567327455,4.14844678254479,2.0878551575372217,0.8672105195522968,3.43,0
2023-01-21,Bournemouth,Nott'm Forest,A Madley,1,1,D,1,0,H,16,20,4,5,4,6,1,2,0,0,10,7,3,1.1076823927041635,1.2489153570182487,0.2709645821981402,2.211189537286073,3.844620418490422,7.129223865441468,3.9207885799081703,7.612962584213035,9.30071666171295,14.78278348374711,8.163813882737763,15.888709938245244,3.5073561679256633,3.536521972864398,1.150592040060508,0.36226592248708983,3.43,0
2023-01-21,Leicester,Brighton,T Bramall,2,2,D,1,1,D,9,13,2,4,5,6,0,1,0,0,9,9,1,0.9287229205232266,1.1256892648923003,2.267438311351254,1.5649529222146823,4.714689242660121,5.267425209005225,4.0757909205459315,5.19815647875083,11.34795106339315,11.40131557266889,13.096764816761198,11.49856536992081,3.2805476241034515,3.5248563436397555,0.48374276827148477,2.8047859642156987,4.06,0
2023-01-21,Southampton,Aston Villa,M Salisbury,0,1,A,0,0,D,8,16,5,5,2,2,1,2,0,0,19,9,3,0.8834216062993792,1.891346448757737,1.0908920167435268,1.5493074092350645,5.841136843140514,4.33212243590411,4.006380025659092,6.028351381819312,12.176351147262409,12.13420070777465,10.473044587471264,11.826052756167547,2.945764406102894,5.38048911950761,0.6888843478491113,1.270732660062631,3.97,0
2023-01-21,West Ham,Everton,S Attwell,2,0,H,2,0,H,11,5,4,2,4,9,1,1,0,0,9,6,2,1.0090912806215315,1.4259157717278068,0.5861037510827893,1.5191619443968445,4.9036093761898325,3.1673963817073103,3.407887731829845,7.368314531948478,14.908729410878346,11.219968540670802,8.212699540863955,17.657623577086763,2.852405720947686,4.420461235646575,0.7002691691844817,0.5047474514607586,3.99,0
2023-01-22,Leeds,Brentford,P Bankes,0,0,D,0,0,D,9,6,5,0,2,3,2,2,0,0,10,18,4,1.5899055972221896,2.004802589408318,1.484756858624672,1.7776150088257472,6.096977690989053,3.9490456153185987,3.7780227911865234,6.909702658919008,13.139362224412983,14.83482997903303,9.905267555743322,17.862346633627286,4.069729655498598,2.499738804264958,1.809733374350481,1.618124333983978,4.09,0
2023-01-22,Man City,Wolves,D Coote,3,0,H,1,0,H,13,10,7,1,5,7,1,2,0,0,10,10,3,3.030214990451577,1.3120993369475185,0.8853380117852567,1.3744043552477618,8.299593964598353,1.7127102520353776,4.636594159301657,4.255206289338716,18.473117762507716,6.419039317967525,11.184724122004672,13.893586855799533,3.894263316437853,4.341782116931391,2.7174806497678428,1.0625951603257755,4.23,0
2023-01-22,Arsenal,Man United,A Taylor,3,2,H,1,1,D,25,6,5,4,12,4,1,2,0,0,8,9,3,2.4806621419432453,0.8488246458553975,1.2416038333654038,1.505718926519707,6.705064504049882,3.736544923684332,3.84428064156294,5.359749501463219,18.649805753730735,7.329779010461249,12.916338956212831,11.259454325595177,3.9338902419098196,3.729448707011825,2.2381920396620383,1.2316039687241427,3.72,0
2023-01-23,Fulham,Tottenham,P Tierney,0,1,A,0,1,A,10,10,5,3,3,8,1,3,0,0,10,10,4,1.5110671392653525,1.314358938301777,2.1047232664268645,1.6948010917300829,6.382601048724707,4.970222791592165,5.0913435506293885,6.69910956650561,12.825733232262833,12.74838780011394,12.853104990909138,15.453665351325983,3.35490127442708,3.4572199483216774,1.6717120353859012,2.3307730787818315,3.83,0
2023-02-03,Chelsea,Fulham,S Attwell,0,0,D,0,0,D,12,10,3,4,6,2,1,4,0,0,16,12,5,1.2427796109881097,0.7320161297354332,1.2855477222897294,1.2119211698392587,6.368962628186146,4.880527813000559,4.2985668998661755,6.014966477850986,12.37941705362784,10.59392955043027,10.390113440882173,14.46938364383559,3.9461877084588024,4.6760971774068265,0.9922518446861638,1.1416861398302862,3.99,0
2023-02-04,Wolves,Liverpool,P Tierney,3,0,H,2,0,H,12,22,6,4,2,7,1,1,0,0,9,7,2,0.6921255585213547,1.479893293595603,1.2772206693302106,1.7920557705986004,5.379921911086916,5.007247139163836,5.625916001844532,4.009723983492565,11.815746074203037,14.198542378691062,13.688876929081225,11.673207093414579,3.6744904482929956,2.6832566384553296,0.6268955600404515,1.0451928054346782,3.83,0
2023-02-04,Brentford,Southampton,D Bond,3,0,H,2,0,H,14,14,4,6,4,4,1,2,0,0,10,9,3,1.838025836946108,0.8988626937332994,0.9440799267618908,1.8138253357766392,4.6034898055881905,5.445130480150457,3.5361022489428255,5.941766014797623,10.865212342647958,13.61935351805104,10.606937846497829,12.404268105918211,3.3300876305567146,3.0084583809930483,1.985614609487418,1.1521053787738633,4.22,0
2023-02-04,Newcastle,West Ham,P Bankes,1,1,D,1,1,D,8,10,2,1,4,2,2,1,0,0,11,13,3,1.5168670345292918,0.3271017691539884,0.7470272081778646,1.4791477995842126,7.42471029523537,3.4395734148948525,5.237219039104182,5.906807980407912,16.48347928689721,7.562057883876587,12.778020583564052,14.871748297901789,4.40995605070412,2.715564066072746,1.2698753487474874,0.693819818617477,4.09,0
2023-02-04,Man United,Crystal Palace,A Marriner,2,1,H,1,0,H,14,10,5,3,5,5,1,2,1,0,9,9,4,2.0289931289142253,0.5068092634529024,0.8472567993328162,1.1018609204991643,4.896765468850247,5.41036144570167,5.117390219591656,5.286573273382032,14.89173511624677,9.902960066288058,10.882046370498307,11.767409160974234,3.2370741754913066,4.784420905984815,2.202332094138716,0.7326943714421656,3.02,0
2023-02-04,Aston Villa,Leicester,D England,2,4,A,2,3,A,19,9,4,5,11,3,0,2,0,0,10,10,2,1.5845301159427558,1.2295957776965059,1.5013080370830048,1.7521754216016752,3.757975680174777,6.312529619224053,3.5672476569783407,5.840514110163788,12.081060725933225,11.974304948312119,9.76562503046459,16.35557445437023,3.1680451011776847,2.5710804810113967,1.6818924765601633,1.183937311439872,4.1,0
2023-02-04,Everton,Arsenal,D Coote,1,0,H,0,0,D,12,15,4,3,7,5,4,1,0,0,13,8,5,1.0583345388403327,1.7756742868205593,1.9941871463223022,0.7449009096564477,4.996362658179775,4.527422087868885,4.084873320088463,5.190367867468024,11.196314029836596,14.225431699968222,13.245065716588039,11.002539667603935,4.153244928160415,4.741017944276543,1.0197826391915543,2.239128992053852,4.23,0
2023-02-04,Brighton,Bournemouth,C Pawson,1,0,H,0,0,D,20,12,6,2,7,3,3,1,0,0,14,7,4,1.94022500916274,1.3025598348241934,0.7168652983891302,2.703254456948626,7.67825115928673,3.258665354311053,3.870715434832009,6.7039873921279085,14.363438613577129,9.312395102989482,7.572298066493444,16.424921045325025,4.544682867706323,2.290645245296835,2.2113228089671715,0.4802068074105991,3.87,0
2023-02-05,Nott'm Forest,Leeds,R Jones,1,0,H,1,0,H,6,10,2,4,0,2,4,2,0,0,15,14,6,1.3974932482326274,0.9070558084129823,1.2230088328907613,1.9128766283443221,2.3455050381146814,5.009000713485222,5.416830288806437,5.515616750517841,12.033962298767763,9.38747706178998,12.369396178593654,13.948826512601654,4.22599349679124,4.270874364419157,1.4761223610512713,1.1417594734164769,3.98,0
2023-02-05,Tottenham,Man City,A Madley,1,0,H,1,0,H,12,15,3,5,4,6,2,3,1,0,19,14,6,1.6800973661161205,1.6684159419281688,1.6792981210813605,0.8688347438688729,6.077843168497399,3.0653110631365283,4.920344006199791,2.925675084746546,14.721461324301107,12.262192799506938,15.150967924125762,8.181583312770238,4.628223919619373,3.055025931869026,1.1443663583020998,1.4179847202750948,3.43,0
2023-02-08,Man United,Leeds,S Hooper,2,2,D,0,1,A,24,8,7,2,6,5,1,3,0,0,7,11,4,2.023721305187577,0.5964861877470718,1.0006290062011907,1.7468881735264308,4.915536614673616,5.3357453802072605,4.795547672509651,4.5127115677587835,14.729590824831279,9.920604847797788,11.938568618412287,12.503490538960564,3.3757970596345275,4.58528146339005,2.134888062521152,0.7611729809346609,3.87,0
2023-02-11,Southampton,Wolves,J Gillett,1,2,A,1,0,H,17,11,2,2,5,2,2,2,0,1,12,14,5,0.72278896128542,1.729272828793281,0.7243569065571476,1.6699865849303277,5.1427025207574895,3.9080723643364434,5.066332495703811,4.3906322092847345,11.416964772163384,12.837119405908473,10.96930560838394,13.731105862383416,2.955626069933021,4.09780573132092,0.45925623108910985,0.7083967723006434,3.81,0
2023-02-11,West Ham,Chelsea,C Pawson,1,1,D,1,1,D,10,12,2,4,5,6,1,1,0,0,9,11,2,1.1892683188852042,1.1666413546810757,0.8519125413496665,1.1142211633279824,4.739305986820841,4.227939320484878,4.656483686254057,4.671784224589058,14.198004724685346,10.088990996690544,12.400942975770405,11.42322130968542,2.69741269767941,4.121455010098171,1.1335127809851246,0.5781403456881624,3.87,0
2023-02-11,Arsenal,Brentford,P Bankes,1,1,D,0,0,D,23,9,7,2,7,4,0,2,0,0,9,9,2,2.5750947764861545,1.058146034285473,1.2139971162273526,1.4534497563970759,7.667857223395007,3.784449686555428,3.636142826600242,6.014370996058249,19.80447908099065,7.087981626793534,9.193104327640688,16.24621219544096,3.7640784044916016,2.773325912165026,2.49212802778547,1.0787453366202093,4.09,0
2023-02-11,Crystal Palace,Brighton,M Oliver,1,1,D,0,0,D,6,17,1,7,1,6,4,1,0,0,10,11,5,0.7680101685343814,1.3200533603940467,2.2188099746385332,1.6440575788270395,4.556374149402404,6.13097652210527,4.4256700629492425,5.162125665058448,10.660919635938425,14.141396266529144,13.079170059795999,11.044250961886455,4.0774289279273885,3.065761445046474,0.5044867899053724,2.5365239751971727,3.43,0
2023-02-11,Fulham,Nott'm Forest,A Madley,2,0,H,1,0,H,16,10,3,1,5,4,0,1,0,0,9,11,1,1.2356585884882747,1.257063575725363,0.42410296620405513,1.9567717080067941,5.766084926787719,5.522432900899883,4.357539757017708,6.854037519518041,12.310712374381897,12.247463995119555,10.650077746647066,15.912087101819035,3.4724775888749972,3.4238222248112113,1.1144717841963914,0.5785954330030159,3.43,0
2023-02-11,Leicester,Tottenham,M Salisbury,4,1,H,3,1,H,15,11,7,4,1,5,5,2,0,0,14,9,7,1.1235133462861067,1.284665279224527,1.9038537122828938,1.3866389030584876,4.766567328135551,5.400629361483425,5.620218556614192,6.026508099753694,10.921022870798813,11.692004532813923,12.334330792096884,14.462036623242346,2.86587540607317,3.555912526175594,0.9891618472978152,1.8871820514776765,3.97,0
2023-02-11,Bournemouth,Newcastle,S Attwell,1,1,D,1,1,D,11,15,5,7,4,6,2,3,0,0,8,10,5,1.0850630422556948,1.1966291517156826,1.3867160103617948,0.6250127014881388,3.877258857500197,6.8920234308507595,6.597081224199872,5.232662923297872,10.707942427940207,15.878691977077784,11.467058821277572,12.276562120361675,3.4007828770067765,4.137453428265997,1.0995088323998277,1.144005708604056,3.99,0
2023-02-12,Man City,Aston Villa,R Jones,3,1,H,3,0,H,17,6,9,2,8,4,1,2,0,0,13,14,3,3.0247210610260633,1.0735230194071872,1.074365111632698,1.2675966775634027,7.699635596138584,2.6740872471436377,3.6415597313322903,5.2958758198756914,17.477952042600112,7.070158016619983,11.478011480354619,11.130361174929646,3.7316612611365474,4.9476445286952435,2.811653766733437,1.1804884397233055,3.98,0
2023-02-12,Leeds,Man United,P Tierney,0,2,A,0,0,D,16,11,6,5,7,3,2,1,0,0,10,13,3,1.3008128926933507,1.6402691204834492,1.3795014449085323,1.7774209736455802,5.3520237999205,3.7764805497366907,3.8725947714916122,6.567132560715248,12.386701549105712,13.228391900474463,11.658755301858776,13.757869419394856,4.057050704792863,3.5968145523766277,1.2064889141049617,1.4877359797519771,3.83,0
2023-02-13,Liverpool,Everton,S Hooper,2,0,H,1,0,H,15,6,6,1,3,3,1,3,0,0,8,16,4,1.8588348100910297,0.770069078592624,0.47953244343341955,1.606592779395835,7.221485921592457,3.408434013411492,4.424702102732575,6.755853540902169,18.735586744517317,9.099362418788381,7.628534040264661,16.447067171097835,2.349760371681165,3.9803485106880405,1.391903435902316,0.33649830038013173,3.87,0
2023-02-15,Arsenal,Man City,A Taylor,1,3,A,1,1,D,10,9,1,6,1,3,2,3,0,0,11,15,5,2.288695125073396,1.0475733346619336,1.3739511643929858,0.892684536398326,7.546420673144659,3.82364322306766,5.116657970848885,3.1210196988141776,20.385520990943615,7.435644131777999,15.123517410360117,8.875886426777726,3.443315839817061,3.590510881170894,1.9947520167685366,0.9453231451821639,3.72,0
2023-02-18,Aston Villa,Arsenal,S Hooper,2,4,A,2,1,H,7,20,5,5,2,9,2,1,0,0,13,4,3,1.6600741484684352,1.7333326662410884,1.6315882085294802,0.7912850513660531,5.074778032793092,5.710219187350585,4.2512689177603,5.519409547564082,13.339117190722101,11.433493211099364,13.56416179953839,11.183905823575955,2.9556618683591305,4.7881081175764315,1.7879283179562244,1.4927526596133898,3.87,0
2023-02-18,Brentford,Crystal Palace,P Tierney,1,1,D,0,0,D,12,10,5,4,2,6,2,2,0,0,10,8,4,2.049808365975669,0.735035114272453,0.875030111821568,1.2651696452370225,4.493497172933503,5.181739608309038,5.096045143427211,5.234465624479833,11.436561757423092,13.688730512115596,10.721663784756919,12.173361391652538,3.2699255413954997,4.641789568881332,2.3237448363728848,0.8217962479425277,3.83,0
2023-02-18,Brighton,Fulham,D England,0,1,A,0,0,D,21,5,7,2,10,2,0,5,0,0,12,14,5,1.7692637953401038,1.0657152409578197,1.0512425574492583,0.991035251293135,7.5549246785632205,3.2116322053138155,3.87962788497629,6.0122386731968644,15.388335172398468,9.801082588422078,10.319010989773181,14.019311404827056,4.445643123704629,4.735132017517479,1.8075485378866336,0.7611221085425949,4.1,0
2023-02-18,Chelsea,Southampton,D Coote,0,1,A,0,1,A,17,8,5,5,8,2,3,6,0,0,16,24,9,1.0168048616057779,0.5989135586936786,0.7724198199024613,2.0295050296696386,6.301874114101561,4.356761133151267,3.6204518206909047,5.588698703283609,12.310427610248766,10.485935276849832,11.223891343061018,12.694416746612875,4.137802509966293,3.0069204110140606,0.6615012286236432,0.7680702516124692,4.23,0
2023-02-18,Everton,Leeds,A Madley,1,0,H,0,0,D,15,8,6,0,6,4,2,3,0,0,8,6,5,1.0477276898998271,1.452807091806004,1.1823425737972375,1.7929109751433079,5.360679905538378,4.61334995541086,4.832722817738116,4.783142157343507,11.3424465929903,14.366269857188058,11.222426805897754,14.593877154171599,4.307208657284811,4.478860941461382,1.0131884261121902,1.174115321594551,3.43,0
2023-02-18,Nott'm Forest,Man City,G Scott,1,1,D,0,1,A,4,26,1,6,0,10,1,0,0,0,8,6,1,1.3162903470561391,0.7217556467130954,1.669612272066712,0.9121974859138587,1.8663476821952247,4.394299486071852,4.731790415506377,2.7353590594674566,10.801299237374721,9.51260784034019,14.010090863284393,9.080281680433128,4.5884008468708135,3.8467953819814182,1.3155586268339627,1.6302154317326467,2.89,0
2023-02-18,Wolves,Bournemouth,M Salisbury,0,1,A,0,0,D,15,5,4,1,12,2,3,3,0,0,12,10,6,1.111761610525127,1.2108073468257106,0.5704186801364376,2.355300865382037,4.765357677713442,5.369585283783497,3.6928391571294816,6.764459067183794,11.849248585690663,15.617065335244682,8.476822216637151,17.15526498033626,3.3700213020471117,2.6398450514291096,1.4179303752212047,0.3182656668513243,3.97,0
2023-02-18,Newcastle,Liverpool,A Taylor,0,2,A,0,2,A,14,13,4,7,6,7,1,1,1,0,3,8,3,1.422886167163819,0.4494534672869373,1.044983498631576,2.0116963988269525,6.802002282303575,3.177818748549563,5.875765841967492,3.6442956569558023,14.940945736879446,8.005343873026105,15.200089324610747,11.732627882517203,4.153586648633343,2.5590200109200594,1.179916898953365,0.6967952023937145,3.72,0
2023-02-19,Man United,Leicester,S Attwell,3,0,H,1,0,H,26,19,8,3,6,6,0,2,0,0,9,9,2,2.019408109166864,0.8516842108809625,1.955640045639002,1.7972368538007084,5.1127223564028945,5.274697489864312,3.464106184892766,6.778652793216607,16.415210214175058,9.571385227655542,9.62641300951358,16.836404899840662,3.4892945934848916,2.4672420944332702,2.089925374908327,2.122624876501504,3.99,0
2023-02-19,Tottenham,West Ham,M Oliver,2,0,H,0,0,D,16,6,6,1,4,7,2,1,0,0,16,10,3,1.5564366640580474,1.3650513106519877,0.7930247294106917,1.392025342950484,5.700033228649627,3.598919502656105,4.648602174760917,5.560097016220882,14.226623622004364,12.76000263877459,12.272898827752615,13.62227247102465,4.8776511363943555,2.767282465573182,1.0962442387548597,0.7958798793184136,3.43,0
2023-02-24,Fulham,Wolves,M Oliver,1,1,D,0,1,A,10,8,5,2,4,3,2,0,0,0,12,17,2,1.3749065333521753,1.0280513609654436,0.9563044604956841,1.5481643053718608,5.626519347794142,5.245075623836735,4.508787579263899,4.501432298456908,12.982827887347609,11.838020338446494,10.974886706334907,14.325482144590877,3.0220408890081676,4.261849855318566,1.4096488823820101,1.1389311825465913,3.43,0
2023-02-25,Crystal Palace,Liverpool,D England,0,0,D,0,0,D,6,12,0,4,5,3,2,5,0,0,11,14,7,0.8101919897875426,1.2618592854454815,1.218632180305929,1.6459137897465879,3.909732278369848,6.107161563454274,6.080183021310354,4.072628521359749,9.813442495598157,14.661165219147039,14.800051618207712,12.144899480444478,4.245176487420191,2.6392024932528555,0.6696578601959574,1.1311968026177364,4.1,0
2023-02-25,West Ham,Nott'm Forest,J Gillett,4,0,H,0,0,D,18,8,5,3,12,3,0,0,0,0,8,5,0,1.1548540506395315,1.136341300691083,0.33746403231914834,1.9656027076234173,4.786707441815694,4.5501494607325474,4.284498854600208,6.475280833349586,13.434690179795515,10.43646582421134,10.517274990241194,15.930046607835475,2.5706035845787936,2.9286656467665604,1.0890085205520539,0.38347449157333846,3.81,0
2023-02-25,Bournemouth,Man City,P Tierney,1,4,A,0,3,A,13,20,2,5,4,6,2,2,0,0,10,9,4,1.0676857261760562,1.1564602742663708,1.5478592409497975,0.9281622802816182,3.902333338410292,6.709794195952926,5.689688757918139,2.237999213215872,10.767606138625267,15.699186191516711,16.1901700540464,8.156553548014971,3.7274829419149667,3.3291734966236493,1.0659512618575777,1.4201436208256362,3.83,0
2023-02-25,Leeds,Southampton,P Bankes,1,0,H,0,0,D,14,8,4,2,9,2,2,4,0,0,15,13,6,1.0642887660447151,1.7056782447196246,0.8137998511606818,1.6604879143371356,5.651671915072928,3.6352946920951204,3.325811281414193,6.027136369465027,13.043700157605901,12.823207995047976,10.637703545460212,13.477284435414552,3.864849354253669,4.096619086087405,0.8043259417905558,0.8453801678628935,4.09,0
2023-02-25,Everton,Aston Villa,A Taylor,0,2,A,0,0,D,15,9,5,5,5,1,2,1,0,0,12,12,3,1.0390495471059729,1.1886487505772947,1.0608434566884317,1.582596002327249,5.476925026187689,4.501826885536095,3.706734186458419,5.787561144987344,12.007485500358266,13.208715427027215,10.481955945819326,12.197625502213622,4.433176249913889,4.5935083391177995,1.008792284067899,1.1203256263406711,3.72,0
2023-02-25,Leicester,Arsenal,C Pawson,0,1,A,0,0,D,1,10,0,2,0,8,0,1,0,0,14,9,1,1.646538984644782,1.2329051783414835,2.0622274404757066,1.0110610544227092,4.081700155650845,5.32778375058356,5.114712476578746,4.879488808305224,11.662694873377513,11.56617877518185,14.734365574725713,10.423162275140315,3.617574758476265,4.4629832768865345,1.9927745672262016,2.3285017743863223,3.87,0
2023-02-26,Tottenham,Chelsea,S Attwell,2,0,H,0,0,D,8,10,3,2,4,4,2,3,0,0,10,10,5,1.637088084135191,1.1168492665212346,0.8788387159632682,1.0934527672979042,5.390922707200067,4.217324924567168,4.90077010449535,4.7314624401530185,14.549069846990205,11.530857287108836,12.328041052311901,11.164442437742762,4.536245032037064,3.7357189825005728,1.3974961596423683,0.718760230679313,3.99,0
2023-03-01,Arsenal,Everton,M Oliver,4,0,H,2,0,H,15,8,5,5,5,1,0,2,0,0,5,12,2,2.054374347130281,1.4025790502867528,0.39234004780153425,1.67812520330809,6.356098497613204,3.673881873760316,4.1656514564204965,6.072934434263603,18.497143118943942,7.720087734372351,7.332421052951291,16.183949930510558,3.7263645115539203,3.983921700478028,1.6631680103989754,0.22433219998955126,3.43,0
2023-03-01,Liverpool,Wolves,P Tierney,2,0,H,0,0,D,15,4,6,1,5,2,2,3,0,0,13,14,5,1.8845025855597026,0.6300490055319113,0.9642494528485264,1.4484936922226554,6.453901839075567,3.334169298740861,4.234450520715143,4.410258786883381,18.056352707685345,8.53581173952529,10.433974466767108,13.538996316724267,2.6498200413242876,3.8505863715021387,1.5946022910783917,1.0926207882917642,3.83,0
2023-03-04,Southampton,Leicester,R Jones,1,0,H,1,0,H,11,11,5,0,3,4,4,2,0,0,12,11,6,0.7731936729834796,1.7784985922288992,1.600053517041977,2.015930663448944,5.116755215589842,3.5611314998262205,3.9251980308157757,6.637073342366387,12.432116558196547,12.503079771559465,11.330776379389354,18.502586249726896,3.3273503671539273,2.382285256520063,0.6395041544834386,1.415083249891345,3.98,0
2023-03-04,Wolves,Tottenham,T Robinson,1,0,H,0,0,D,8,21,5,6,4,8,1,1,0,0,11,18,2,0.9096142610700819,1.1724770555087263,1.7395094585297999,1.8618163277099176,6.080804942540965,4.756906515753518,5.507446595327299,5.1125574112606955,12.422137630576398,13.686605067330758,12.091714542025763,14.559852440667521,3.848220241353256,4.18213774166588,0.9452869160728762,1.59145470052132,4.27,0
2023-03-04,Chelsea,Leeds,M Oliver,1,0,H,0,0,D,13,11,3,2,5,7,2,0,0,0,10,7,2,0.8319213297663623,0.6718422794754694,0.9673617585053016,1.6487390137609337,6.610640843242715,3.928236114780727,4.681312021715948,5.004398751588029,13.163122890309268,10.033922790223478,10.636505299472079,14.667720913535238,5.021885856143977,4.573617657634842,0.4410008185637033,0.7827435471159012,3.43,0
2023-03-04,Aston Villa,Crystal Palace,C Pawson,1,0,H,1,0,H,8,3,1,0,2,4,2,3,0,1,14,17,6,1.721881562259147,2.1454720936847758,0.8977531289632417,1.2169543952916175,4.515702936470837,6.308387414486103,5.260409391492112,4.646349407841541,12.186499825760098,12.991108283495116,10.590445146486688,12.141839447193401,2.963723700775486,4.525094294622818,1.8586188787483489,0.8811974987680928,3.87,0
2023-03-04,Arsenal,Bournemouth,C Kavanagh,3,2,H,0,1,A,31,4,9,4,17,1,0,2,0,0,6,8,2,2.4081399971004966,1.1475534811967025,0.6562482416241109,1.8847160631576683,6.1095243091385765,3.1877001883887277,3.3546129917744967,7.810510563457188,17.861270998997693,7.770983108021616,7.782159501043873,16.72464698183774,3.412466273928102,3.311197860387546,2.4421120081542904,0.547275502754364,3.7,0
2023-03-04,Man City,Newcastle,S Hooper,2,0,H,1,0,H,11,5,3,2,8,4,2,4,0,0,8,13,6,3.0202261253178815,1.0601546107875781,1.3164002354139595,0.6931958689390764,7.754249703638258,2.9151728774272336,6.488515176088399,5.008530365093044,17.391047855889976,6.875575289073188,12.109446232635516,12.044447461653066,3.5986261003273627,4.294288493261969,2.874435844587421,1.0960038056231134,3.87,0
2023-03-04,Brighton,West Ham,S Attwell,4,0,H,1,0,H,20,3,9,2,7,3,0,3,0,0,6,8,3,1.4475622067761917,1.0537663741666314,0.6488320845261861,1.5025710429412842,7.999507683729742,2.991323619205138,5.0761478224847325,5.276430559548741,16.40869261953688,8.928111638815878,11.132321693747329,14.054605547790658,4.546440691713004,2.809596602264657,1.2050323571736743,0.5305865857962088,3.99,0
2023-03-05,Nott'm Forest,Everton,J Brooks,2,2,D,1,2,A,10,10,4,3,3,3,3,5,0,0,11,17,8,1.2530961145898984,0.777348359256139,0.32100236173888597,2.1003027919874153,1.493454831087946,5.514308189184197,3.5900531940271363,5.87784688134568,9.44241209750625,12.806758618563856,7.453804372379046,15.968676855712491,3.8714449251684053,3.623192827056548,1.2095554143871663,0.14955479987575865,4.49,0
2023-03-05,Liverpool,Man United,A Madley,7,0,H,1,0,H,18,8,8,4,4,3,2,3,0,0,13,14,5,1.905503037434443,0.5154896114232187,1.4923243172446072,1.4542393353458478,6.189544444149761,3.0915824123872544,3.7139342110482243,6.645839186927566,17.50062781755668,7.711082488135662,11.538976351992616,14.165547423123867,3.0771442490420404,3.4882980514136657,1.7297348609308603,1.6584906534357842,3.43,0
2023-03-06,Brentford,Fulham,A Taylor,3,2,H,1,1,D,14,9,6,5,2,3,0,3,0,0,12,17,3,1.8585539667486042,0.7833064956773754,1.0419071731472787,0.8104881555165098,4.039231119013683,5.330810528961031,3.537196719858379,6.738730213497974,11.539209103432238,13.016716494252872,9.349991991352661,15.291055321842064,3.4029307226236556,4.783385745060505,1.8824950234754463,0.8407483492006723,3.72,0
2023-03-11,Crystal Palace,Man City,R Jones,0,1,A,0,0,D,4,14,0,4,2,6,2,2,0,0,11,17,4,0.6628790637430216,1.0324220829816952,1.9937190307799146,0.9412241530543373,4.107969893984078,5.5422028038329305,5.746111010460498,2.558374500636307,9.120064408169277,14.177299616842998,16.88289129067284,9.037211809236451,4.7460714820507794,3.451146333094791,0.44643857323058417,2.2800957481162154,3.98,0
2023-03-11,Tottenham,Nott'm Forest,C Pawson,3,1,H,2,0,H,15,9,7,5,2,10,3,1,0,0,13,13,4,1.7030744390934611,0.9137784691352174,0.27003933628950305,2.372071563280013,5.138018585112734,4.1778098825228875,4.027858334344881,7.579109611488153,13.358287101430033,11.252509600186238,10.014328054315513,16.343619507154816,4.620567146004419,2.3435236105955686,1.5983307733048953,0.25465681859124484,3.87,0
2023-03-11,Leicester,Chelsea,A Marriner,1,3,A,1,2,A,17,12,7,6,2,5,1,2,1,0,10,11,4,1.3471551164042432,1.1905569230767175,0.7190441186312108,1.258285457734561,3.339540271801883,5.813662581869241,4.736987838737038,4.598464491877989,9.72393796155802,11.28140649560456,11.90474565604692,10.589068599591652,3.1416311799095653,3.96559651570011,1.328516377109026,0.47917348686904154,3.02,0
2023-03-11,Everton,Brentford,S Hooper,1,0,H,1,0,H,13,12,6,4,5,8,2,1,0,0,11,12,3,0.8501246613766611,1.3361724586723096,1.1749937959120802,1.370803567479055,5.3902082701629945,3.8651082169832627,3.70245978513366,6.194012686705711,12.551598590501852,12.44346695227165,9.157908947076619,17.47716405930971,4.1725893895479995,2.632378787306446,0.6725281890270176,1.0524967541912873,3.87,0
2023-03-11,Bournemouth,Liverpool,J Brooks,1,0,H,1,0,H,5,15,2,6,3,8,2,1,0,0,7,9,3,1.0541622419647065,1.7245943072127081,0.9970529650521222,1.3466435982964386,3.921846958646088,6.567978614669074,5.5201251566569605,4.241248920366678,11.213634346393757,16.558480919088876,14.290928972130155,11.027595976815846,3.7819313513587898,3.4321095779674713,1.043796755444728,0.7541312011537948,4.49,0
2023-03-11,Leeds,Brighton,P Tierney,2,2,D,1,1,D,12,14,4,2,4,7,1,1,0,0,12,9,2,1.0525993862958172,1.3955413116496436,1.997196269530536,1.5269499169956071,6.260485568167309,3.3379553304411487,4.711927229917153,4.405334935615786,13.2175804900388,11.94622258483148,13.79208648502026,10.12706520822558,4.253075606751254,3.417460054054918,0.8695506279626642,2.0243493155932284,3.83,0
2023-03-12,Fulham,Arsenal,D Coote,0,3,A,0,3,A,12,15,2,7,4,8,0,1,0,0,10,9,1,1.306630673682634,1.0229428055938115,1.86908824093574,0.82722516834375,5.330306833846119,4.83621513567716,5.639329052541677,3.9922771559888015,12.439612125184214,11.139061758841104,13.873540912709263,8.70979849860226,2.8359125767311846,3.833327336329564,1.2730989384231461,1.8856678491278756,4.23,0
2023-03-12,Man United,Southampton,A Taylor,0,0,D,0,0,D,10,17,4,4,7,8,2,0,0,0,12,9,2,2.1977053715947332,0.6968257374704822,0.665830926757328,1.540394888851212,5.274052647164737,5.406576463368144,3.084746025635527,6.567676445972432,18.157975778254148,11.285754088046263,10.158103855241544,13.572327042943032,3.218501869774546,4.4427007745515015,2.393283583747983,0.5635867782806326,3.72,0
2023-03-12,West Ham,Aston Villa,C Kavanagh,1,1,D,1,1,D,17,12,6,4,13,2,1,0,0,0,8,6,1,1.6721760259902696,0.9297247204491182,1.2316066888026647,1.294838641306756,6.098272760924005,4.268291729920777,3.214579091074721,5.644361922702834,14.264782954054487,9.993452588514627,10.212497580266461,12.70717050857551,2.1032005944028738,4.303766829753195,2.0593390152231663,1.4135504180203204,3.7,0
2023-03-12,Newcastle,Wolves,A Madley,2,1,H,1,0,H,19,7,8,4,10,3,1,2,0,0,11,10,3,1.1641682329004168,0.7313833961739465,0.7889250727923947,1.548771168370001,6.656177283410163,3.8727913054383762,3.8281721960003208,4.5174883137218735,14.769857182561257,8.913503039477511,9.26411890568739,13.804642892175611,3.9438344129199585,4.0595781746596495,0.7866112653520776,0.7284138584803788,3.43,0
2023-03-15,Brighton,Crystal Palace,P Bankes,1,0,H,1,0,H,11,11,5,3,1,4,1,2,0,0,13,20,3,1.9116621807853371,0.8621640760966143,0.7345181208762351,1.1775064097292203,7.8177710352314325,2.992901212246613,5.031233986165757,4.16517384514657,17.06168626598601,7.850225836935917,9.210303618824616,11.388744666628867,4.265257312146989,4.793270741997444,2.1366882395769253,0.5874649987180595,4.09,0
2023-03-15,Southampton,Brentford,M Salisbury,0,2,A,0,1,A,7,11,1,5,3,3,1,2,0,0,14,10,3,0.8144329975041094,1.4551210146753923,0.9609330779601511,1.3032504636670563,4.7318737336015255,3.6409292759227854,4.485386935065957,5.9764871015926975,12.171720297335035,12.22978054179318,9.675681937359757,16.661512984164695,3.8133079988863665,2.6993521287805224,0.759669436510751,0.7016632830409256,3.97,0
2023-03-17,Nott'm Forest,Newcastle,P Tierney,1,2,A,1,1,D,5,15,3,4,3,7,5,1,0,0,17,9,6,1.3996903807654406,1.0173172810468687,1.0770442296914404,0.9308070518131575,1.7891433230224987,5.020826804052245,6.036038006376344,5.552457814958903,9.551849457508133,12.255878206696229,10.816762892596817,11.854539585702492,4.681753337512437,4.604431474237179,1.4743977641191053,0.7306692031757777,3.83,0
2023-03-18,Aston Villa,Bournemouth,R Jones,3,0,H,1,0,H,20,10,9,3,9,6,1,4,0,0,8,13,5,1.5906256543577724,1.755372245930852,0.9199853928012651,2.1036120061195955,4.058285971971479,5.888665535278846,2.8924748634301025,9.61412477245039,11.425290696329775,11.174477886969875,7.039837888524809,19.52645982680009,3.5157937675700044,3.05385003838644,1.5724125855329891,1.0340179972524337,3.98,0
2023-03-18,Brentford,Leicester,D Bond,1,1,D,1,0,H,11,14,2,1,8,4,1,2,1,0,10,11,4,2.0664276692679966,1.0048838424875461,1.3091242454688397,1.831209362106208,3.6678578690715407,4.90633648427389,3.938798877396979,5.975763525611696,11.987354438291792,12.2852147803675,11.270633059128885,17.13843065786714,3.329551255937869,3.04007520158751,2.2549975457107685,0.9433888327677156,4.22,0
2023-03-18,Southampton,Tottenham,S Hooper,3,3,D,0,1,A,19,17,7,3,10,3,1,1,0,0,13,8,2,0.6663489514485541,1.5541934798195938,1.4232236504149327,1.7051168212371572,4.416976288980538,3.524392494253862,5.960654402850619,4.910266979225804,11.231373738386646,12.006176047688424,13.7114609890354,13.36710915310622,3.6654285053816444,3.7853711729896333,0.5064462907424093,1.060969799792897,3.87,0
2023-03-18,Wolves,Leeds,M Salisbury,2,4,A,0,1,A,23,11,8,4,5,4,3,5,1,0,15,9,9,0.9260486221132639,0.9592917513534142,0.7914714843662566,1.5307822287507282,5.702463180986407,5.3465810578648885,5.102906797979842,5.003598949842834,11.618083724905691,15.016361002258225,10.702597619084479,14.364488037013043,3.5121681263479525,4.10567036557947,0.9635246107343192,0.5218290311378011,3.97,0
2023-03-18,Chelsea,Everton,D England,2,2,D,0,0,D,20,12,7,3,8,2,2,2,0,0,8,12,4,0.8624824297054131,0.5496837746646647,0.6262856254983125,2.0820652656179237,6.317784196365183,4.486763160210466,3.482766941349118,5.35458319799292,13.133462880825858,10.20958090386621,7.916765661696369,14.883423899237584,4.472427941432693,4.4190045352765015,0.6273338793347003,0.7663698672287516,4.1,0
2023-03-19,Arsenal,Crystal Palace,S Attwell,4,1,H,2,0,H,15,8,5,4,5,4,0,1,0,0,8,10,1,2.515754772283238,1.3025493248538456,0.6009645743305876,1.1452313577187379,8.08968192641917,2.7899222294333397,4.84373016256159,3.5896670190541524,20.250216629219494,7.085325186554386,9.535714649747511,11.318061279176076,3.155644999002743,4.467209803943802,2.628074672297294,0.39164333227396453,3.99,0
2023-04-01,Nott'm Forest,Wolves,C Kavanagh,1,1,D,1,0,H,17,8,7,1,4,3,3,5,0,0,14,13,8,1.3223609421603901,1.2074402027894495,0.8273034602028364,1.6308151853461355,2.0234118257633664,5.4037440807995685,3.677591007598938,5.514337917139265,8.671187875186053,12.786792654358647,8.852448824094463,14.749281037773855,4.936798940956589,3.866921935395664,1.3157216329930133,0.8189425723833542,3.7,0
2023-04-01,Chelsea,Aston Villa,A Madley,0,2,A,0,1,A,27,5,8,2,13,2,3,3,0,0,14,16,6,1.069311235493893,0.8133871061429465,1.1894948690746636,1.2412296899602007,6.623652602120175,4.034608162224881,2.9937385963845293,6.981798705279872,14.381969022048153,10.53512334222902,10.53750969477979,13.487712998952126,4.38652886655306,3.7030603740063306,1.0848892533681982,1.2757002785360843,3.43,0
2023-04-01,Crystal Palace,Leicester,T Robinson,2,1,H,0,0,D,31,3,9,2,10,1,3,4,0,0,12,16,7,0.5423520553903027,1.0265269855497718,1.2529181853388511,1.6800759454559107,3.7246913762030527,5.625441104005993,3.9499266812734786,6.34381733783929,8.189116246667059,14.145062375438048,11.766896178712846,16.022319554590304,4.610418134906119,3.214612112653834,0.2976257153833284,0.9622592218582969,4.27,0
2023-04-01,Arsenal,Leeds,D England,4,1,H,1,0,H,13,7,6,5,4,3,0,2,0,0,11,13,2,2.785625472299572,1.247538739969986,1.3748574507597322,1.616097058148522,7.527905065870844,3.009942835812104,4.902372395668533,5.002944576094297,19.295603732033715,7.251634585825019,10.756672368475899,15.934627266657541,2.7636980255484382,4.995574634689784,3.085383115183623,1.6812193549000027,4.1,0
2023-04-01,Bournemouth,Fulham,P Bankes,2,1,H,0,1,A,12,10,7,2,4,3,1,4,0,0,15,13,5,1.0435318593005718,1.3861094742176951,1.2163896256446907,1.209229682110089,3.7409167465148725,6.849040379416764,3.439365488345711,5.875739440369253,9.994088987096825,16.252599036365805,9.286253427307392,15.055935620962112,3.6284622706762684,4.458605609121846,1.0291224369235583,1.22716646178142,4.09,0
2023-04-01,Man City,Liverpool,S Hooper,4,1,H,1,1,D,17,4,8,1,7,1,1,1,0,0,9,12,2,2.834723802853483,0.8673923029108215,0.8157640958031065,1.2836152255115623,7.798933180751935,3.112421257679128,5.971027688404848,4.015559191618844,16.22899741351446,6.534549350366212,14.4198556082924,9.931630068054181,4.035255220519582,3.35354137795485,2.5829572294201912,0.502754133839702,3.87,0
2023-04-01,Brighton,Brentford,M Oliver,3,3,D,2,2,D,33,7,15,5,14,0,2,1,0,0,16,10,3,1.7458994663812677,0.7054013403732351,1.1501620751774735,1.0659098524592734,6.5781317732277484,3.176016660325464,4.214876658739922,5.434426087506177,15.959521900178778,8.42293262025289,9.9168592606627,14.90201282607429,4.035202264453323,2.7541044204564984,1.7577921593217944,1.1344431917998883,3.43,0
2023-04-02,West Ham,Southampton,P Tierney,1,0,H,1,0,H,12,9,2,3,5,3,0,2,0,0,10,11,2,1.549957812957121,0.9425025029867509,0.5447672002645423,1.2603148594915428,7.353177335599042,3.85586023705346,3.978454832003298,6.646283038724255,14.76211300851571,10.358292495794483,11.402121533415526,12.922793945740924,1.902611462908055,3.9985603079705623,1.7062260097795796,0.3757245187228086,3.83,0
2023-04-02,Newcastle,Man United,S Attwell,2,0,H,0,0,D,22,6,6,1,7,4,0,0,0,0,8,12,0,1.3161431040969223,0.7802245330804402,1.2209828765098703,2.462595676744685,7.26416688928637,3.7140962767895984,3.584123328000146,6.16476023603376,15.539001686429438,8.565580898437293,10.89550299236201,14.862745662551909,3.77222199164039,3.763162824406366,1.1910741773242721,1.1056604350458432,3.99,0
2023-04-03,Everton,Tottenham,D Coote,1,1,D,0,0,D,15,8,6,2,3,3,0,3,1,1,10,14,5,0.8773755238313012,1.0932248715548158,1.709918685228226,1.9405570459159793,5.31925922680104,4.616928818549959,5.422337781524612,5.835700180938412,12.633128515617884,12.362834227564989,14.309394745767275,14.39130122566912,3.959385052771495,3.4607486919829835,0.7816854594274314,1.7073132003124551,4.23,0
2023-04-04,Bournemouth,Brighton,D Bond,0,2,A,0,1,A,14,16,3,6,5,5,1,1,0,0,11,5,2,1.2285829586596746,1.3114075791554078,1.9977060610880273,1.6129627991940303,3.7910424525816704,6.104353626789756,5.127958725746588,4.331634438944057,10.382179318974291,15.042887728381146,13.829890601992048,10.467613757730275,3.8938182755696946,3.1597287291261282,1.353860678032596,2.016232877049423,4.22,0
2023-04-04,Leeds,Nott'm Forest,R Jones,2,1,H,2,1,H,21,13,6,1,11,4,1,4,0,0,11,13,5,1.2248602310095944,1.505446839199076,0.41330816903214873,2.4953146072510317,5.849473428420703,4.003805551596655,5.200006106065726,6.484101946666654,12.996194266843267,12.319650073977558,9.815246646803482,16.07990831282577,3.8434107811127056,2.668638990881111,1.246367085702424,0.5043877208124676,3.98,0
2023-04-04,Leicester,Aston Villa,G Scott,1,2,A,1,1,D,9,15,4,5,4,8,2,0,1,0,10,14,3,1.2840337369862043,1.5195583912873187,1.3368637694187995,1.015544931771078,3.095978746285746,5.665718616415411,2.8130535413602398,8.076049281880184,11.046905853705935,11.412064553328431,9.530660159560913,15.944564659108027,3.297703844298735,4.120698034674934,1.2190109179581903,1.5171335191923436,2.89,0
2023-04-04,Chelsea,Liverpool,A Taylor,0,0,D,0,0,D,12,7,3,4,3,5,1,4,0,0,6,17,5,0.874885296795078,1.0291412459128475,0.8492625174286507,1.7775178818351427,7.783022565842595,3.664668533149411,5.067177908719789,4.558200741057488,16.676223899381316,9.52870770204402,12.525280726347347,11.216826008648871,4.679895876335736,3.1074357126992056,0.723259501993397,0.6685027560086673,3.72,0
2023-04-05,Man United,Brentford,J Brooks,1,0,H,1,0,H,18,6,3,1,12,3,3,2,0,0,8,13,5,1.7981082230740735,0.5701255977211046,1.4869443624149608,1.4180311355574926,5.587872529303576,5.87812495368851,3.4475144036436998,6.99387815357201,16.67465417344528,12.324745211185594,9.385814610656363,18.196940145403726,2.996948116972968,2.7988722752988044,1.595522388331221,1.7562964220958375,4.49,0
2023-04-05,West Ham,Newcastle,C Pawson,1,5,A,1,2,A,7,15,2,8,7,6,2,1,0,0,11,12,3,1.4499625445266453,0.7711333750971111,1.244860397769679,0.9433880397611173,6.925314336303705,3.7002447114134887,6.211310119241405,5.0883579052259,14.259895883466207,10.11132296554315,11.577378779198188,10.60821489256078,1.9203189900658149,4.8581803209514876,1.4708173396889652,1.1537794692262358,3.87,0
2023-04-08,Wolves,Chelsea,P Bankes,1,0,H,1,0,H,9,13,4,1,8,8,2,5,0,0,14,10,7,1.1213182478607873,1.5121640451522187,1.1337755585013594,1.2113230852227819,5.574738848882522,5.101740942546639,4.784809637148364,4.126002517067099,13.687583869037647,14.286092085129814,11.922065136684063,11.754726748579856,4.509985064990014,3.9718518785051464,1.3090164073970327,1.319448991831729,4.09,0
2023-04-08,Southampton,Man City,R Jones,1,4,A,0,1,A,4,13,1,8,0,10,0,2,0,0,6,10,2,1.0906616123928898,1.8170751185158402,1.813037533242835,0.770087459256237,5.43210134309197,3.429045602200653,5.792274001625285,2.4568488803789332,12.643892753598161,12.914170724445327,16.35871383255718,8.12132819936939,3.3626144230578645,3.5509408417974364,1.337630861074304,1.8533971651133865,3.98,0
2023-04-08,Tottenham,Brighton,S Attwell,2,1,H,1,1,D,9,17,3,4,3,7,3,1,0,0,15,15,4,1.9388860168940771,0.9294555718514266,1.998123155872411,1.3196863010981377,4.567452982869649,5.236421015838634,5.104692667157683,4.4531598152840015,13.65678912851384,10.842950363448187,14.224470120534434,11.109888872551664,4.5077334397057784,2.948861385756979,2.065553849195601,2.0108219180272915,3.99,0
2023-04-08,Leicester,Bournemouth,D Coote,0,1,A,0,1,A,14,19,4,7,6,6,0,3,0,0,10,13,3,1.232389721565223,1.6069139783823965,0.7419927330481686,2.2770391979532616,3.2603510777668525,6.090145887097721,3.4936981748388787,9.495307992831886,10.674730215009815,12.064435625523956,7.612550381184602,19.618077232453835,3.243574281772168,3.430378199220852,1.1460072785879074,0.6881606013529603,4.23,0
2023-04-08,Fulham,West Ham,J Gillett,0,1,A,0,1,A,16,9,3,5,11,4,1,1,0,0,10,12,2,1.0687449319359807,1.38288668770193,0.5308583769507967,1.9566653463780674,5.088110600209412,5.412215167158953,4.698652840447958,5.589818078450741,12.359576152826758,11.841985833589396,9.653664635492031,15.135625187929891,2.5016655443491898,2.8442166454183386,0.8487319698779264,0.35372439034588715,3.81,0
2023-04-08,Brentford,Newcastle,C Kavanagh,1,2,A,1,0,H,12,10,6,4,6,5,0,0,0,0,10,15,0,1.8722733896903,1.0039946880262864,1.9276331190078586,0.953681425957458,4.4565695264087335,4.741328474607406,6.172888968386208,5.435939410400074,11.807596265113514,12.597409314082812,12.199691836030066,9.952156540018406,3.4516134422899025,4.520319423973452,1.8366643840598602,2.435852980377807,3.7,0
2023-04-08,Aston Villa,Nott'm Forest,A Taylor,2,0,H,0,0,D,8,6,3,2,1,8,3,4,0,0,7,17,7,1.846883066637701,1.4362042756033746,0.5268174054466667,2.3994844288057786,4.956805838581479,5.908908760164575,4.96783689967406,7.357807890235119,12.984374572097268,10.96093017693422,10.431411560321294,17.031814954476566,3.78565737732582,3.1196952251482726,2.048275057353685,0.6701596635746556,3.72,0
2023-04-08,Man United,Everton,M Oliver,2,0,H,1,0,H,29,15,11,1,10,4,0,0,0,0,10,9,0,1.6529933722208054,0.4664633515632302,0.876059216106088,2.0671438697018294,6.753748152008311,5.3548141277670815,3.213165028571854,5.83558220736205,16.915633224141818,11.174757738971648,8.659193724546787,15.813737804389044,3.3611500721128884,4.342819653470254,1.3970149254157807,1.1775799117724621,3.43,0
2023-04-09,Leeds,Crystal Palace,S Hooper,1,5,A,1,1,D,11,16,7,8,2,4,3,1,0,0,11,8,4,1.3657988765659872,1.4135447129409155,0.6735186022268931,1.6642954567573252,6.785960327868617,4.003113612788863,4.69032016983036,3.8460987337846584,14.451474442697029,12.44335369610352,9.256485597961879,11.987524358086926,4.0537059104510105,3.836789493727807,1.4975780573100521,0.5944288883239915,3.87,0
2023-04-09,Liverpool,Arsenal,P Tierney,2,2,D,1,2,A,21,9,6,5,5,4,4,4,0,0,11,11,8,2.831808485698943,0.42176086075484825,2.0747146040030273,0.6768161718496349,5.791431153919865,3.0749304665360984,6.068554566764029,3.993681350713837,17.591426021325955,7.76361483182052,14.078357675296774,9.308034535205804,3.4267669441632695,3.31816177113053,3.4864899091240193,2.257111899677493,3.83,0
2023-04-15,Man City,Leicester,D England,3,1,H,3,0,H,12,10,4,4,6,2,1,1,0,0,8,8,2,3.0465984292048587,0.8915035019045768,1.2069319549523807,1.7382453541076748,7.653668333185286,2.7283333772577674,3.4135634782618354,7.008593807004136,16.369183821962164,6.073708651918096,10.172876725709015,18.74559966469689,3.6651979410237634,3.9028810058393324,3.0553048199427035,0.9748394812447105,4.1,0
2023-04-15,Wolves,Brentford,P Tierney,2,0,H,1,0,H,11,10,9,3,5,2,1,1,0,0,12,8,2,1.0992598541998704,1.2372185165444534,1.2162961969504265,1.3419426397095775,6.015706025257058,5.628709806241281,3.366059471349924,7.9050741122608486,12.835275398341233,14.052251537658865,8.769541039069,18.161093821622472,4.962725939726679,3.199513479974392,1.206010938216823,1.1708636783182316,3.83,0
2023-04-15,Tottenham,Bournemouth,A Madley,2,3,A,1,1,D,24,6,8,6,8,1,1,2,0,0,8,9,3,1.9499979173814959,0.9422821399409288,0.7913351697857726,1.8415682753647546,4.282454678403594,5.55707945074606,3.9730142837004245,8.82685002437107,12.810079836186203,11.962440852865015,9.790335987990597,18.543651602104905,4.415416048997225,3.3480707924598496,2.043702566120247,0.7923449891063505,3.43,0
2023-04-15,Southampton,Crystal Palace,M Oliver,0,2,A,0,0,D,11,9,4,2,6,2,3,1,0,0,6,13,4,1.0741772864867767,2.2139800954426585,1.4601704993778046,1.5435115602644722,4.444422803838624,4.623793312379543,4.564804393542011,3.510436347253404,11.072238097487327,12.929776422526201,10.482608608812736,11.807970157259515,3.114860388674315,3.866464844801792,1.2250872406639048,2.0629525928984025,3.43,0
2023-04-15,Everton,Fulham,A Taylor,1,3,A,1,1,D,15,21,7,7,4,8,3,2,0,0,10,6,5,0.8996714192591411,1.0762744873215697,1.1769936374442247,1.3531976658803588,4.897565591024203,4.322934691284093,3.3593744187970205,5.534241512084683,13.063479133665131,11.569572566059767,9.416198434939558,14.499570669055922,4.14859232010477,4.5571721044946685,0.8544569729854372,1.1514441908472162,3.72,0
2023-04-15,Chelsea,Brighton,R Jones,1,2,A,1,1,D,8,26,2,10,2,8,2,2,0,0,11,11,4,0.7158114177608292,0.8420201562554892,1.816640884784252,1.4433833362813175,6.913361187552065,3.9074619107573674,5.449304128329148,4.188941174547947,15.825980927380064,9.068931609587706,14.729126748361274,10.726261439322114,4.738098025614809,3.139983114392307,0.4821730012169009,1.6738812784500017,3.98,0
2023-04-15,Aston Villa,Newcastle,J Brooks,3,0,H,1,0,H,16,8,6,2,7,2,1,1,0,0,13,15,2,1.874723178507217,1.175069946288758,1.9407910501277434,0.9621031873829538,4.237369295717794,6.289116309832735,5.959631300711204,5.53849834735638,12.078102857796301,10.058921182436476,11.799738248606559,10.324500667902967,4.370097362095238,3.698423401855546,2.0321833715616457,2.290568653517693,4.49,0
2023-04-16,West Ham,Arsenal,D Coote,2,2,D,1,2,A,16,11,3,5,7,2,1,2,0,0,11,8,3,1.368149205520744,1.5400367049462342,2.0611298038894494,0.9174008347652428,6.938893874416801,4.118392091333021,5.692444692550156,4.176652777565866,12.939883072874599,11.000194709148241,13.154997713148472,11.433897556144105,2.1166293486911174,4.1694255548577654,1.3138782263863822,2.171407933078503,4.23,0
2023-04-16,Nott'm Forest,Man United,S Hooper,0,2,A,0,1,A,6,22,0,8,4,9,2,2,0,0,9,9,4,1.260711227471567,1.1677684322850743,0.9989794653225138,2.3784848999159376,2.401423182171306,4.944041562953876,3.659739490678138,6.316626474559447,10.264026287155067,11.871345517872316,10.005385379174097,16.160466408607288,5.522618891906378,3.078931292626234,1.2102402051279333,0.7371069564403343,3.87,0
2023-04-17,Leeds,Liverpool,C Pawson,1,6,A,0,2,A,13,13,3,7,4,2,0,1,0,0,6,12,1,1.29928839061442,2.065643172687928,0.6948474375768632,1.4543250409540978,5.915764798183759,4.002547487759731,5.054963449790588,4.274884702827035,13.82391854479972,13.090032210402697,11.520660073659531,11.35922470390565,4.0439409646531965,3.4515465848392157,1.3317187047962948,0.4456685039022294,3.87,0
2023-04-21,Arsenal,Southampton,S Hooper,3,3,D,1,2,A,25,8,6,6,7,2,1,5,0,0,10,14,6,3.0064261503191245,1.2025306140790568,0.4457162366306136,1.2129837469202518,6.886452356871781,3.0081350040117227,3.800549675571088,6.346951652178508,18.15092098312284,7.20588174278034,10.965361661427865,12.755009193801367,2.6248405001336046,3.6351769686489677,3.390255410264086,0.25048301242367393,3.87,0
2023-04-22,Liverpool,Nott'm Forest,M Oliver,3,2,H,0,0,D,18,11,6,5,9,3,0,1,0,0,9,12,1,2.6805661342848017,0.7087218651412096,0.426066543629376,2.323085281646536,5.647530351320251,3.2431298704470852,5.547721015821307,6.141912937662587,18.21118495907055,7.988418741980089,9.583929056604598,15.304531210564788,4.258288301328121,3.8617816599132637,2.9909932724039683,0.446261802850615,3.43,0
2023-04-22,Leicester,Wolves,A Madley,2,1,H,1,1,D,15,16,8,3,1,7,1,3,0,0,17,16,4,1.0083134749881408,1.4965633288343227,0.8587035861187275,1.5161187573065837,3.758481041601075,6.0737553316818875,3.554389680096534,5.23899712957496,11.279339259728587,13.32547765284021,8.697454401827184,15.158512507600593,3.199286983795602,4.618408744576746,0.7640048522144256,0.8792950482836147,3.43,0
2023-04-22,Fulham,Leeds,P Bankes,2,1,H,0,0,D,12,10,5,2,8,6,1,4,0,0,10,15,5,0.8742158947444265,1.313195055501908,1.306699911713551,2.049544379289518,6.164171050705291,5.155168936046442,4.556478188216157,4.820586631847064,13.022192764890567,11.324697983701094,10.073624604268003,15.401045842284567,2.410354219805505,4.450911604207606,0.5658210218134354,1.454146236494483,4.09,0
2023-04-22,Brentford,Aston Villa,M Salisbury,1,1,D,0,0,D,6,14,5,2,8,4,3,2,0,0,12,8,5,1.713505382849888,1.1852839260720263,1.45743689244776,1.0127185125762344,4.737499086894171,4.788410918022919,3.75615739342103,7.334931591619907,11.842616888071444,12.124638386275342,10.525109497505369,14.681886177054144,2.823363408420922,3.916929855857823,1.557775968745172,1.6780890128696901,3.97,0
2023-04-22,Crystal Palace,Everton,J Brooks,0,0,D,0,0,D,12,10,2,5,8,1,1,1,0,1,12,14,3,0.8073853273686699,1.0217037812898013,0.716771892064637,2.0549355998338057,4.865684016702608,4.784431589554143,3.3562293725760193,6.592767285932785,12.336649387450787,12.118638670943163,9.812095315345044,18.211297673211273,5.0448980123744604,3.55319709294219,0.8650838105192442,0.7850532743325715,4.49,0
2023-04-23,Bournemouth,West Ham,A Taylor,0,4,A,0,3,A,17,18,5,10,8,5,1,2,0,0,7,8,3,0.9936233870524109,1.4430970015694715,0.6161593608143932,1.6008975548675943,4.0222487748170614,5.893152215257459,4.571621317894145,6.5735164290462365,11.074067149074958,15.225930059983206,9.534813026969413,15.292788863617561,3.53163619613136,2.690718198658997,0.9015408414237946,0.5691495937140836,3.72,0
2023-04-23,Newcastle,Tottenham,D Coote,6,1,H,5,0,H,25,11,8,3,9,3,0,3,0,0,7,13,3,1.440484375850419,0.6383613577908398,1.5808394568175572,1.7695425617373826,7.21613513415483,3.7660802996985074,4.981902139675448,5.320105931940934,16.713763178079912,8.099097934517038,13.162204479518472,14.50197639137474,3.0863432901356354,3.74061929590303,1.4607161184041313,1.4715421334320764,4.23,0
2023-04-25,Wolves,Crystal Palace,R Jones,2,0,H,1,0,H,9,14,3,4,6,11,5,4,0,0,13,14,9,1.2630340118766774,1.0122652696463428,1.5583232487203538,1.2628675733994519,5.831028569156813,4.968931406508884,4.09846714731548,3.963093189642931,12.501582397235675,13.315464035326436,10.21303810370663,11.66106360207802,4.424037898044088,3.890744441603155,1.470673958893206,2.041968395259101,3.98,0
2023-04-25,Aston Villa,Fulham,T Bramall,1,0,H,1,0,H,14,1,3,0,8,2,3,2,0,0,6,18,5,2.0793229895098775,0.9614166617514934,1.5088105770199391,1.2889099206673353,4.739675669732014,5.509261637987587,4.204044086275722,5.254984492709151,12.791189094658682,9.684564511482352,11.524639558854247,14.590656982564445,3.9391620908085714,4.637774015746,2.3547889144743714,1.767630095323934,4.06,0
2023-04-25,Leeds,Leicester,P Tierney,1,1,D,1,0,H,13,15,3,3,3,6,4,2,0,0,14,15,6,1.2448712489960867,2.780994851412823,1.1693072229175534,1.9676598032019272,5.567437072821062,3.6384407811309023,3.156546880240235,6.825209506936756,13.674112225743063,13.07366239554407,10.141443975357062,17.51910286841018,3.4904862642843466,3.556895834262796,1.2211458031632751,0.9832263208324054,3.83,0
2023-04-26,Nott'm Forest,Brighton,J Gillett,3,1,H,1,1,D,12,17,5,7,2,7,2,0,0,0,7,8,2,1.0218587731290871,1.3254417742831988,1.8499797073939186,1.3627662457212322,2.7042871434601623,5.712477352442713,5.913078165942635,3.79094229985125,9.456170275504842,13.790305172967257,16.778425707675563,10.23056562182109,5.234145805100091,3.2963535809320064,0.8062116947217722,1.7825875190171825,3.81,0
2023-04-26,Chelsea,Brentford,A Madley,0,2,A,0,1,A,15,7,4,1,5,2,1,2,0,0,5,13,3,0.7674830856603898,1.0525660882873227,0.9949542789942352,1.461696099941606,6.020005214017149,4.65157438476126,3.117463591342304,7.376407922705293,14.403047309563023,12.147368245433485,8.993460300727229,16.85791598951522,4.603895744311359,2.981225685490185,0.6547820008647404,0.7805755175106096,3.43,0
2023-04-26,West Ham,Liverpool,C Kavanagh,1,2,A,1,1,D,7,20,2,4,3,6,0,0,0,0,6,8,0,1.4830334283743165,1.623668040310734,1.659439608036863,1.3717188628674726,6.950004297653674,3.7332223151162753,4.4995046217859285,4.224904682647357,13.496278915193042,11.000159306788422,11.789636261169042,11.657553354302443,2.27724535432725,3.005802072607176,1.5425854843284401,2.297112336508384,3.7,0
2023-04-26,Man City,Arsenal,M Oliver,4,1,H,2,0,H,14,8,9,2,1,3,3,1,0,0,13,13,4,3.0381257837990283,0.9112306122776678,2.0500150754212854,1.1142409192387057,7.352994133539319,2.595905942512976,5.021077903681855,4.6899987357085,15.574767660987407,6.787596972188141,12.763172238385355,12.264114334085349,3.3624273986351207,3.9567985434987523,3.0368698799532363,2.1142719553679687,3.43,0
2023-04-27,Everton,Newcastle,A Marriner,1,4,A,0,1,A,13,15,5,8,3,14,2,1,0,0,8,6,3,0.917913338283576,1.42604964379628,1.5879130076163719,1.3326371704354483,4.734368636480675,4.991505173531904,5.239684172776047,5.804231148565489,13.415580763848192,13.284229469859548,11.108863156650827,11.356429939450862,4.303396762056829,3.389613071468439,0.9029713153386543,1.527045768775261,3.02,0
2023-04-27,Southampton,Bournemouth,D England,0,1,A,0,0,D,11,16,2,2,6,4,0,3,0,0,9,11,3,0.8788684828210338,2.1750738581064795,1.2097854889556974,1.871584511795626,4.727260585845411,4.1467305971707225,3.4097514658692005,8.670196261486561,11.059103639538135,12.215257561056228,9.072224628476588,19.577403168828614,3.2757980297322358,3.282125823261229,0.816724826982762,1.5293520408988257,4.1,0
2023-04-27,Tottenham,Man United,A Taylor,2,2,D,0,2,A,18,17,7,8,6,8,1,2,0,0,8,7,3,1.959089383994941,1.3164200207037957,1.180987575445529,1.9460227009968076,4.95838530779613,4.728503249283147,4.630719294982949,5.895411532518967,14.84465080301194,10.878339369291938,12.186276842598248,14.313064457362797,4.1580626133059155,3.246402357319787,2.0291350440756517,1.1580713044891742,3.72,0
2023-04-29,Brighton,Wolves,D Coote,6,0,H,4,0,H,22,10,8,2,2,5,1,1,0,0,14,11,2,1.9739244467405985,1.1226133582839217,0.8843943486256024,1.6040988959816789,7.927602020047525,2.598542114084824,4.180876609158004,4.468255215241999,19.057881704566398,8.164209994683496,10.02521608738506,15.129691484651222,3.846978139120427,4.505968578880498,2.1718614398364835,0.9195300322015411,4.23,0
2023-04-29,Brentford,Nott'm Forest,P Bankes,2,1,H,0,1,A,14,5,8,3,6,0,1,2,0,0,6,13,3,1.5836614761534524,1.1515659060156773,0.7242616106946803,2.451332526801589,5.331209904416444,4.644935681340988,5.065033621318382,6.683401816866826,10.779375852597191,12.465917210860987,9.852215729224628,15.815210676195766,3.2194683367119845,3.3195928078051824,1.3718505181436753,0.9649642279523004,4.09,0
2023-04-29,Crystal Palace,West Ham,C Pawson,4,3,H,3,2,H,16,8,6,4,8,5,1,2,0,0,9,17,3,0.6605851069866219,0.835935802637859,1.231417907827175,1.3098182729067263,5.435570861927542,4.096339581271147,4.649510223911637,6.832883315015738,12.275439203671104,11.733424061187977,11.07397494166047,15.603198352483886,4.6730910588672305,2.7469526056541085,0.5767225402568305,1.7127663963408162,3.87,0
2023-04-30,Bournemouth,Leeds,C Kavanagh,4,1,H,2,1,H,12,15,7,6,2,6,1,0,0,0,12,14,1,0.8053729935300699,1.9275240006972725,1.2509351942923919,2.040536133100432,4.775867543489587,5.723936938937983,4.81894186313429,5.398673162911007,12.19678548049721,15.751501181468003,10.060238049217135,14.782661704930977,3.4309132014468857,4.550747822156043,0.6005690164196266,1.3027641576160915,3.7,0
2023-04-30,Fulham,Man City,S Hooper,1,2,A,1,2,A,4,12,1,9,2,5,1,3,0,0,9,10,4,1.079086397247543,1.2561997327729548,2.2106766342355866,0.8118907445882758,6.498255710095994,5.308911526472442,6.557333488767976,2.0101383423981254,12.836173843127023,11.083629078643053,15.748023905696968,7.371977780693326,2.881618674345906,3.2689448169915143,1.0438810095221456,2.5689314437414255,3.87,0
2023-04-30,Man United,Aston Villa,J Gillett,1,0,H,1,0,H,14,7,6,1,1,4,2,0,0,0,16,7,2,1.7160870035044036,0.38164979368049934,1.3742649120489296,1.0104060102482468,7.34398995361798,5.108478362994489,3.8004932850590265,7.455855499461441,19.112843653612114,11.870273056164189,11.156920200868285,13.1033303612368,2.750017181954744,4.113855574544667,1.5980099503705876,1.4520593418431045,3.81,0
2023-04-30,Newcastle,Southampton,A Taylor,3,1,H,0,1,A,22,4,5,3,11,2,1,4,0,0,7,10,5,2.2695071511875873,0.7041154193068198,0.9101406033737728,1.5379021853483765,7.540481999878151,3.626789623113614,3.473170566460816,6.46569005146645,18.220387919274977,8.626547356681604,10.42619438818943,14.981414960654377,3.0706441326109064,4.065153251842377,2.9738107463058743,1.166988675233043,3.72,0
2023-04-30,Liverpool,Tottenham,P Tierney,4,3,H,3,1,H,12,10,4,7,5,2,3,2,0,0,12,6,5,2.738646415551803,0.9435053534185418,1.4752302051046244,2.538731774374943,6.257084944720834,3.198923376472629,4.62154920654968,5.989190744188197,18.172786770466736,8.53599213759549,12.769068657817535,16.41074550951655,3.6658580010329054,3.6059585928009574,2.993995514937374,1.3143614222393574,3.83,0
2023-05-01,Leicester,Everton,M Oliver,2,2,D,2,1,H,15,23,6,8,2,9,4,1,0,0,10,12,5,1.1886236633044234,1.406277310949784,0.5864471658751315,1.6813035945189858,3.2569291665546363,6.2421667665043925,2.927815603537,6.848632813272949,11.955836340024515,13.811764010383206,9.846260475626153,17.081948604833222,3.344874032825422,3.452613824450937,1.1760032349372513,0.5233688494739797,3.43,0
2023-05-02,Arsenal,Chelsea,R Jones,3,1,H,3,0,H,16,7,10,4,7,2,0,2,0,0,10,10,2,3.005257736364749,1.5293496595070282,0.9276295909034185,1.1728997821692082,6.90709778907131,2.8248341243114403,5.369403760201891,4.830382633222366,19.39623257723919,7.350269721131627,12.118058006471749,11.25385529585199,3.2385179371756387,4.522437503547702,3.260170273469091,0.8796326610167745,3.98,0
2023-05-03,Liverpool,Fulham,S Attwell,1,0,H,1,0,H,15,9,3,3,7,5,0,0,0,0,10,8,0,2.9679879429488323,1.3174208273553236,1.234236811363585,1.2363340134850114,6.028519548907408,2.9809330193020624,3.8029515345276934,5.754523173111691,17.050439822164897,8.802180622271653,9.609362744213882,14.483169061692191,3.908434045989795,4.703692000435397,3.3293303433954673,1.178419658902253,3.99,0
2023-05-03,Man City,West Ham,J Brooks,3,0,H,0,0,D,16,6,7,2,6,3,0,1,0,0,8,8,1,3.2130154456886055,0.9273708184952963,1.55298461469422,1.7989518464534773,6.1978815655057735,2.6693790348312407,4.713236891498119,7.045090523593136,15.288440634910657,7.008038223275396,10.515059410763543,15.675345525994171,3.4783519704810764,2.792962127994756,3.3579132534016147,2.1418442643601363,4.49,0
2023-05-04,Brighton,Man United,A Marriner,1,0,H,0,0,D,22,16,6,5,8,6,4,4,0,0,10,14,8,2.7059557860350587,0.9184969304366764,1.329901855089518,1.9558369484455704,6.849830282250144,3.0351813199890816,5.243327839204901,5.914427991643478,19.592825166922786,8.497998021877192,13.061516454231754,14.983429562903543,3.5111558568651087,3.2016010472995915,3.447907627150621,1.4387142030797238,3.02,0
2023-05-06,Liverpool,Brentford,A Taylor,1,0,H,1,0,H,15,5,5,1,7,3,4,2,0,0,19,10,6,2.610166193526193,1.0778859120835589,1.177823134945971,1.195739349956197,6.205155201470897,3.3480420159924993,2.9141402158524907,6.9440186402904835,16.677626580660213,8.838148360825167,8.630748638003679,16.519866720356514,3.1977982350083884,2.9846416867167282,2.552886895436621,1.1870505311079964,3.72,0
2023-05-06,Tottenham,Crystal Palace,D England,1,0,H,1,0,H,8,7,3,2,8,4,3,5,0,0,15,14,8,1.966527797548915,1.4407092903298846,1.2749871881408477,1.3968938083605984,5.147772845826592,5.323330415153858,5.353311501364249,4.33344584393854,15.418359891906976,11.99138649140462,10.901587713770883,11.177226067995514,3.947502385170996,4.819714951154919,2.0194233627150955,1.3613122633654924,4.1,0
2023-05-06,Wolves,Aston Villa,S Attwell,1,0,H,1,0,H,6,16,2,3,5,6,3,3,0,0,20,9,6,1.3970299848093874,0.8282140761609303,1.1243945422830093,1.0085139779292083,5.861751142027947,6.0655069839879365,3.836767817135059,6.282044695836451,11.864920804050819,13.439927123273606,10.401104361744684,13.266363828970173,5.256044400157163,3.7295120106420314,1.6471159726319113,0.9680395611287724,3.99,0
2023-05-06,Bournemouth,Chelsea,J Brooks,1,3,A,1,1,D,10,11,4,5,7,7,1,3,0,0,9,11,4,1.4060329930097164,1.7531291293561546,0.9407881059821376,1.5051063575745267,4.253943514846741,5.775842854019158,4.7567728418697826,5.22486627912375,12.159785490710089,15.610202463853918,11.18748369726699,12.116807674246987,2.9738481608775253,4.063803479781673,1.734863940712519,0.9197551073569461,4.49,0
2023-05-06,Man City,Leeds,A Madley,2,1,H,2,0,H,18,4,6,2,10,1,0,3,0,0,3,16,3,3.1742847412127797,0.7587552282288881,1.2053098790890517,2.3968080255663318,6.161902519901627,2.7294929052319006,5.033683162854803,4.78072264079228,15.417817147478525,6.8247555960470905,10.958391043138436,14.27671506898877,3.027735267802608,3.905146916909269,3.2386088355764366,1.201842771723218,3.43,0
2023-05-07,Newcastle,Arsenal,C Kavanagh,0,2,A,0,1,A,12,10,5,6,9,4,2,1,0,0,16,12,3,2.402326645867611,0.757913674218102,1.8591001704018912,1.638932834344164,8.169497647820004,3.331003872378439,4.65360327874525,4.019079074991415,18.90760363598533,7.785340378370103,11.897126981732729,12.579734990197984,3.421443010082688,3.9646534802112807,2.982540497539954,1.7428479701686028,3.7,0
2023-05-07,West Ham,Man United,P Bankes,1,0,H,1,0,H,15,19,4,4,5,6,0,2,0,0,4,9,2,1.3952077549550321,1.6920931344085612,1.0880976255191352,1.7820456148751473,6.231810137431559,4.145370346644324,5.380906810298298,6.293629006187714,12.315118281307889,12.636520318505127,13.595794790013088,16.25919017807633,1.8631940795369242,4.074051264199962,1.3617236561816068,0.9591428019541041,4.09,0
2023-05-08,Fulham,Leicester,R Jones,5,3,H,3,0,H,17,18,7,9,2,7,0,3,0,0,13,15,3,1.0646965653386724,1.3915347738378427,1.1385235959592135,1.7917188250733418,5.679794561223645,5.252704832333404,3.6735466786176354,6.129705673905494,11.22842509308382,11.250363485360678,11.024832017765837,16.69743457517235,3.0851090323123933,4.001103742008374,1.0292539996512524,0.9888175472227585,3.98,0
2023-05-08,Brighton,Everton,S Hooper,1,5,A,0,3,A,23,10,5,5,15,1,1,5,0,0,11,13,6,2.395775904307257,0.751494202943748,0.8434609091859773,1.739249328258112,7.0589561634359175,3.574249867391203,4.031866901891798,5.967049020155956,20.030501929201247,9.862025217273713,12.237887977677135,16.70340640153436,4.327325394674866,3.733961294262021,2.6319384178476324,1.0155792330843088,3.87,0
2023-05-08,Nott'm Forest,Southampton,M Oliver,4,3,H,3,1,H,9,19,4,5,2,11,1,0,0,0,16,10,1,1.3937927441049047,1.2642515772505858,0.9264789384830217,1.8037424308336936,2.571865701342649,5.954559871386407,3.2053170609667254,7.290123312870297,9.934466100932045,14.393798253452317,9.257776600697081,16.25754187304142,4.626055404037864,4.235128123927518,1.5382174191119604,1.1113257834771995,3.43,0
2023-05-13,Leeds,Newcastle,S Hooper,2,2,D,1,1,D,9,18,4,5,2,6,3,2,1,0,16,14,6,1.200348487048777,2.4571723931866045,2.026481338518358,1.2721567113581116,5.100622818078822,4.067822096239332,6.832494507830835,5.294362732470599,13.551544393563594,13.423911234249966,11.816353971073102,11.655265669858412,3.9467688336624986,3.3187731909039933,1.1474305354269592,2.351363846020419,3.87,0
2023-05-13,Aston Villa,Tottenham,P Bankes,2,1,H,1,0,H,8,5,4,2,8,3,3,3,0,0,9,14,6,1.88307928706127,0.786610818522332,1.7524655395136055,2.8044211830637993,5.332471453731397,4.871203796736308,4.144896223666274,5.809334986501116,13.010976433509082,8.105527364630696,12.26559352477022,15.608778871393554,4.13204481546183,3.859424746838533,1.9031926095563136,1.876240948275616,4.09,0
2023-05-13,Chelsea,Nott'm Forest,P Tierney,2,2,D,0,1,A,14,11,6,2,2,5,3,1,0,0,13,15,4,0.6279384602234105,1.2248295724036882,0.7761064803590323,2.3664721049855992,5.834546735266032,4.169462190690668,4.112696122704636,6.55490727458309,14.511585909497049,11.211468044874461,8.939892665690598,15.47391122508269,4.312273642063582,3.2595023448556173,0.4365213338647499,0.9766546839710698,3.83,0
2023-05-13,Crystal Palace,Bournemouth,M Salisbury,2,0,H,1,0,H,17,5,5,0,11,2,0,2,0,0,5,12,2,1.2677612247811259,1.2294083540005147,1.1703412122273766,1.519685542180546,5.901838210639309,4.2606441203675836,3.5207311462781616,8.168140753351555,12.95264297656436,11.054608759652568,10.37479846342721,17.964663098550925,4.368887787819642,3.2290799758085904,1.7178150270735555,1.3527220883991808,3.97,0
2023-05-13,Man United,Wolves,J Brooks,2,0,H,1,0,H,27,5,9,0,11,7,3,2,0,0,9,9,5,1.5858868049576123,0.3122575568861371,0.7235927877529621,2.4033665078410493,6.190514541415739,4.906932877263834,4.329810532129557,4.019474315793974,18.183217427216142,10.98475144246859,10.020631270423126,16.37885859507151,2.613647738680227,4.050330593848138,1.3986733001853053,0.613020021404391,4.49,0
2023-05-13,Southampton,Fulham,T Bramall,0,2,A,0,0,D,5,9,1,4,1,8,2,0,0,0,17,12,2,0.7190716409947423,1.9614206265839107,1.0096664570500402,1.1933328546668462,4.958671477036923,4.120051877333249,4.02075544018548,5.981138657051607,11.048357350277291,12.903403626924772,9.498488715734373,14.5772068556288,3.2256521262272404,3.8478515576661088,0.5444832179322824,0.7856129260918111,4.06,0
2023-05-14,Everton,Man City,A Taylor,0,3,A,0,2,A,7,9,3,4,8,6,1,0,0,0,12,4,1,0.9328384261149698,1.89404815094353,2.172371038026739,0.8460931002842131,4.419023808341447,6.6294396893509475,6.274176374550205,2.008294971150342,13.340019408668475,13.596192769686853,15.066551606532606,6.758878849427861,4.0664117178841765,3.401866556264192,0.9353142102324494,2.3792876291022,3.72,0
2023-05-14,Brentford,West Ham,M Oliver,2,0,H,2,0,H,24,4,10,4,7,5,1,0,0,0,5,5,1,1.6594145965868818,1.1239883707303784,1.2706192304715496,2.0173277531670593,5.4528967860130635,3.799785996840864,4.4017342606574585,6.8550710060463045,11.365370938170724,11.1074877280567,9.694126303477445,15.734374562357363,3.1795359009895696,2.4669637662739476,1.5812337746266882,1.4278961760926403,3.43,0
2023-05-14,Arsenal,Brighton,A Madley,0,3,A,0,0,D,14,12,2,6,5,2,1,2,0,0,13,17,3,3.0043017689103864,1.4331027175988031,1.6954349019137964,1.6604509667556824,6.923989372050179,2.674861869449773,6.110704205664834,3.465310020693365,18.778725805112852,7.2865832921399445,16.818712735246688,10.552287292828899,3.0133292328650514,3.060648292610637,3.1734468489614835,1.5217250125973083,3.43,0
2023-05-15,Leicester,Liverpool,C Pawson,0,3,A,0,2,A,4,16,4,5,4,4,2,1,0,0,11,17,3,1.3361490083029888,1.5142286284510142,1.7213606760357423,1.3041325271476853,3.0283929121083792,6.743599062246332,4.772326354844231,4.002191155366232,12.509329551323917,15.482379263740082,13.282453697856498,10.8107118402388,3.645810870986043,2.459283807649259,1.4506688233482274,2.1980748909851355,3.87,0
2023-05-18,Newcastle,Brighton,R Jones,4,1,H,2,0,H,22,8,9,2,6,1,2,4,0,0,17,16,6,1.9655329519891112,0.9837511869008578,1.9326323742384832,1.3585459312681356,8.32050050615631,3.4526414899259477,5.3632914100223985,3.7443490540291355,17.651655485386968,8.188012245861263,15.942569043884676,11.179154239248348,3.344815774793955,3.049621152815808,1.9883603314879759,2.0144833418333077,3.98,0
2023-05-20,Wolves,Everton,D Coote,1,1,D,1,0,H,13,19,5,4,1,7,5,1,0,0,18,10,6,1.324841764115579,0.6776277154347307,1.599205242587343,1.6048385892766053,5.7050670526543925,6.053596466399758,3.4806111141630827,7.609425374078932,10.798557522804462,13.905401049395543,11.830993895613945,17.848256679085768,5.39131083615099,4.145973757927858,1.4314106483915745,2.3437194889057382,4.23,0
2023-05-20,Nott'm Forest,Arsenal,A Taylor,1,0,H,1,0,H,6,11,2,3,3,6,3,2,0,0,11,12,5,1.8807956613927366,1.5885982091789037,1.8847186586368074,1.3409411216911094,2.465005333955992,6.897364422359086,4.534764753854212,4.924712988675678,9.759849244873838,15.254525535640239,11.552190260373383,12.47432724010972,3.9484809110579286,3.789259628394334,2.3593672351295956,1.8285653134575373,3.72,0
2023-05-20,Liverpool,Aston Villa,J Brooks,1,1,D,0,1,A,10,6,5,3,9,4,3,5,0,0,16,13,8,2.31740484808831,0.8819040742342295,0.9199564784823415,1.0069659615544981,6.349674340903381,3.28476081602659,4.230087939552451,6.048942590244097,16.372599548748152,8.140294013476954,11.41909879400405,11.945189369114104,3.7072961751624827,4.142333445620308,2.0352579302198106,0.6453597073747532,4.49,0
2023-05-20,Tottenham,Brentford,J Gillett,1,3,A,1,0,H,22,11,8,4,8,2,1,1,0,0,11,9,2,1.7907931562732466,1.1787586967093926,0.9635457066859641,1.1601291439129753,5.666366431077322,5.082721716277327,2.9297603995559904,6.9542031420489785,14.069549420274262,11.083849722405676,7.970218667308512,16.243362445246564,4.684329837437246,3.5332157514318103,1.6796155750966104,0.7913668999652068,3.81,0
2023-05-20,Bournemouth,Man United,C Kavanagh,0,1,A,0,1,A,10,20,4,5,3,6,1,0,0,0,6,7,1,1.330160572785436,1.9861227832995434,0.8902590880467203,1.6398536303923232,4.767079036314508,6.004592160108656,5.493470690907155,6.058420634609873,11.756202148551639,14.748727596839435,14.57839049638136,16.030243494076906,3.1655976612683854,3.6969460678198436,1.4897434355960995,0.6394285345920493,3.7,0
2023-05-20,Fulham,Crystal Palace,J Smith,2,2,D,1,1,D,11,11,4,5,7,4,3,0,0,0,13,12,3,1.78063317278244,1.6841574791334792,1.0431682826657926,1.3247303473472034,5.010341829561744,5.5705844051063655,5.1072516241112655,5.000100834066397,12.278428435156666,12.478302308376831,10.192198786702408,10.599540992897985,3.069625430382266,5.397956211913772,2.352836403761022,0.9075415088478506,4.12,0
2023-05-21,West Ham,Leeds,P Bankes,3,1,H,1,1,D,19,12,9,3,9,5,1,3,0,0,6,11,4,1.323350853143711,1.384435785355172,1.1679803185284934,2.3246601616300375,6.007841708204554,4.482580179261872,4.300276565091516,5.729694658735889,12.803285023018264,13.793531862227345,9.693212372723764,14.953684881318711,1.8880682108531004,3.7405725827326286,1.2411491041044698,1.1345618478062152,4.09,0
2023-05-21,Brighton,Southampton,P Tierney,3,1,H,2,0,H,26,5,8,1,4,3,2,5,0,0,8,9,7,2.1419943820826695,1.5239622366945111,1.3034877331057009,2.2030672480248716,8.502805556935533,3.1061969027878185,4.622550805947828,6.328270042794779,20.570419360305138,9.88711194522254,11.029113274764416,14.93797142629746,4.631452945677766,3.646915263644566,2.0879589451194076,1.7408838557381476,3.83,0
2023-05-21,Man City,Chelsea,M Oliver,1,0,H,1,0,H,15,13,2,6,5,2,0,2,0,0,12,9,2,2.960775612685025,0.8026184916904661,1.315196295315509,1.4132673596988605,6.859747616086767,2.4150355082894603,5.164638890516301,5.547623060098386,15.88731112214414,6.311156905330025,11.153395203592694,11.73192735630389,3.022692425423593,4.052202660357687,2.8257392236607783,1.6131700717145077,3.43,0
2023-05-22,Newcastle,Leicester,A Marriner,0,0,D,0,0,D,23,1,4,1,12,1,2,0,0,0,9,5,2,2.335440923364624,0.9867055554646741,1.476978308732928,2.3750503576138557,7.898585766545576,3.006700800477599,4.278364338943438,5.378840207833737,18.44227399150383,8.153827750944872,12.293061080917447,16.75244719511908,3.8275829011204827,3.8190824825808436,2.6589068877509754,1.6592116982408094,3.02,0
2023-05-24,Brighton,Man City,S Hooper,1,1,D,1,1,D,20,13,7,4,5,1,2,1,0,0,16,11,3,2.2979974581034393,1.4286951207967433,2.322851453370328,0.6922555148442939,7.684102855069263,3.0868881207089873,6.224325322188111,3.0977134216693525,21.557628841929798,8.998534434316287,13.963524468287247,6.802719764322514,5.062103536370987,2.9651565163874243,2.3919726301214634,2.5861917527775318,3.87,0
2023-05-25,Man United,Chelsea,S Attwell,4,1,H,2,0,H,18,14,9,5,3,4,1,1,0,0,12,6,2,1.6611813251501673,0.25548254173639134,1.0760665467966497,1.338126850143111,7.064980519105985,5.287496661813371,4.589242423283535,5.448053919650769,19.786294608545493,9.896597300733864,11.489145952094207,12.326130208161025,3.047536952251651,3.679069989722129,1.5991155334982672,1.0754467144023017,3.99,0
2023-05-28,Man United,Fulham,R Jones,2,1,H,1,1,D,21,10,8,3,5,4,1,2,0,0,14,10,3,2.0864266847517037,0.3908511351521499,1.1898345301730673,0.9762337949103794,6.325883417988707,5.053403276624475,4.744686109736977,5.074936741355255,19.461509493164975,10.64268034479515,9.407800328951161,12.83485760636534,2.8570731797726867,3.5116780967830326,2.3994103557757005,1.1904087409492856,3.98,0
2023-05-28,Leicester,West Ham,S Hooper,2,1,H,1,0,H,13,16,4,3,3,5,1,1,0,0,8,10,2,1.0932096254311967,1.784372435653419,1.0395945095777017,2.0141772110981724,3.20505107288196,6.244756299285116,4.510511282236668,6.881422079266843,10.962158347359996,15.576493364373468,8.658816976774593,17.23723534389599,3.528389166165478,2.2002395687037177,0.9671125488322395,0.9519307839962265,3.87,0
2023-05-28,Leeds,Tottenham,A Taylor,1,4,A,0,1,A,19,11,2,7,12,3,3,0,0,0,7,5,3,1.3457415860681736,2.3740490451344023,1.6156518213835447,2.658160859875204,4.5368657900367415,4.419131796445827,3.936730532338935,6.207642961997185,12.723979968327601,14.255938331384748,10.944559122067803,14.225346311149407,4.3200885078481575,4.2486253732373465,1.431620356990435,1.5841606321435284,3.72,0
2023-05-28,Everton,Bournemouth,S Attwell,1,0,H,0,0,D,13,7,6,2,9,3,1,3,0,0,11,12,4,0.7632292057726269,2.0951329536310235,0.9516480966711626,1.6094383972708293,5.0701189636527735,6.514994602211941,3.2365632225749574,8.69730961025916,12.187273425274507,12.760510350967941,9.37044912566734,17.784403550070436,3.5088749717994268,2.999410776459644,0.6235428067787064,0.9015094172902304,3.99,0
2023-05-28,Southampton,Liverpool,D England,4,4,D,2,2,D,15,30,10,8,2,9,0,2,0,0,4,10,2,0.5883296207422704,1.9684351504963216,1.9538436149513716,1.0670143993344696,4.23890354722723,4.825506281473692,4.631901531822598,4.001792758234519,9.948641530459662,12.19368452947993,13.776559532958501,9.57238428762049,3.002803350147002,2.557597137421747,0.3629888119298657,2.4653832606935615,4.1,0
2023-05-28,Chelsea,Newcastle,J Gillett,1,1,D,1,1,D,22,13,5,4,10,3,0,0,0,0,9,11,0,0.8774074802684109,1.3657715063724836,2.0216664862845946,1.404493597641935,5.137347237553025,4.3204710539173545,6.681129876551089,4.695379801518371,14.418569064544277,11.173018803061115,12.940668056425816,11.172483735218245,4.2554958684630115,3.8062753948448433,0.9576808893149229,2.2342425639974866,3.81,0
2023-05-28,Brentford,Man City,J Brooks,1,0,H,0,0,D,11,17,4,3,3,4,4,0,0,0,12,8,4,1.7213761612572922,0.9195049212816555,2.08232983960136,0.7482097945251804,5.734356105421932,4.018136920955107,5.274435480705663,3.4435882638562236,13.663946795667453,9.814446229234884,13.788335894069114,9.202256863941088,2.783020215562975,2.9714917786623203,1.7208225590241037,2.0574611684455557,4.49,0
2023-05-28,Aston Villa,Brighton,D Coote,2,1,H,2,1,H,12,8,5,4,4,3,4,4,0,0,15,16,8,1.9043378784831513,0.8254093625002549,1.7630606183670954,1.8388166326302002,5.817483031629025,4.530980443815636,4.569955250766528,4.15447280922641,12.099877809944683,7.540878589107478,14.498446562075081,13.146606652813093,4.471677503840073,3.586060735466295,1.9354617397086522,1.6763222278423118,4.23,0
2023-05-28,Arsenal,Wolves,A Marriner,5,0,H,3,0,H,14,6,8,0,8,4,0,0,0,0,8,11,0,2.4580578895494276,1.7179968846749016,0.5920287299908342,2.3300261768771295,6.574168515399313,2.552158095342975,4.8153059203266375,5.288677519406391,17.909855124677215,8.143579434867654,9.107777198845781,18.31000064754703,3.0109057040622997,4.223000032682492,2.115631232495343,0.40868001424145933,3.02,0
2023-05-28,Crystal Palace,Nott'm Forest,T Bramall,1,1,D,0,1,A,16,7,4,4,5,4,0,2,0,0,9,13,2,1.4008973009680203,1.005876618421377,1.004806524519609,2.297992139000966,6.828788925859974,3.849612503323335,4.278500118448342,5.703765015777706,13.688535763540331,9.953756304978892,9.32484987869251,15.198492198136567,3.9381752447655165,3.3978737339630647,1.8118766847286545,1.3180007575453396,4.06,0
2023-08-11,Burnley,Man City,C Pawson,0,3,A,0,2,A,6,17,1,8,6,5,0,0,1,0,11,8,1,1.054250397315772,1.5871086342185288,1.7037203344885916,0.7939903251952464,5.650598411978552,5.618442471847558,5.042717441866775,3.3629349831614666,11.988843040506199,12.492648561764323,14.372281114758895,9.529122774479758,2.5865526038067586,3.1584952885191537,1.126866839839873,1.371640778900752,3.87,0
2023-08-12,Newcastle,Aston Villa,A Madley,5,1,H,2,1,H,17,16,13,6,6,5,4,4,0,0,12,17,8,1.9108107253050977,0.8073026122124097,0.9345100028534304,1.0056994094422314,8.644305480905485,2.6418421779244747,4.188253317933118,6.585504264681298,19.27096037715668,6.853117780344949,10.43379748700849,11.59151476368661,3.4952915202899377,4.843734922594475,1.7726045917526294,0.7635731382606864,3.43,0
2023-08-12,Everton,Fulham,S Attwell,0,1,A,0,0,D,19,9,9,2,10,4,0,2,0,0,12,6,2,0.8062789049714552,1.7141955845197245,1.1553023142370926,1.1624639587792909,5.7846504879228755,5.8758977879088405,4.609222548273665,5.061305229049991,12.33504348571206,11.713133546535039,9.515525551012859,14.320153563997057,3.5981713936915085,3.4186003068166255,0.7490285378639893,1.1269391477177542,3.99,0
2023-08-12,Sheffield United,Crystal Palace,J Brooks,0,1,A,0,0,D,8,24,1,8,5,5,3,0,0,0,18,11,3,0.6090553647870011,1.2502296505929926,1.2171395604559896,1.4475079708275884,4.7544743047260125,7.244089141670712,4.905930977656749,5.363722782467479,9.189855055044445,14.282122297330888,10.339073317230504,10.672352506047059,3.083922490610793,4.961959475273543,0.5929759617342848,1.2716943392653262,4.49,0
2023-08-12,Bournemouth,West Ham,P Bankes,1,1,D,0,0,D,14,16,5,3,10,4,1,4,0,0,9,14,5,1.0828507387122535,1.802778105293564,1.0323954302621663,2.0115995085768534,4.438535225735307,6.003738363674041,4.599510189934278,6.17570136940739,11.429680621118475,15.725069350812179,9.993591909403769,16.466820616080387,2.762959356363562,2.163831982081695,0.9929381850316077,0.9679538559989551,4.09,0
2023-08-12,Arsenal,Nott'm Forest,M Oliver,2,1,H,2,0,H,15,6,7,2,8,3,2,2,0,0,12,12,4,2.9202341625683266,1.4056304488096958,1.0039128724254682,2.056663214439311,6.8334133970181705,2.815404914640664,4.226720040544972,5.572917648294825,17.19896471449126,7.753833519705376,8.892602637639119,15.347512373251305,2.463462404313749,3.137974344164033,3.0770874884184813,1.2119526674802237,3.43,0
2023-08-13,Brentford,Tottenham,R Jones,2,2,D,2,2,D,11,18,6,6,3,6,1,4,0,0,12,13,5,1.5901528408798515,0.7522406071079297,2.0491743434904777,2.356673818477911,5.236957790203949,4.014837689407167,3.7664140548395015,7.26081013555819,13.17935642158709,11.121548231201553,10.954639390312408,15.09347451823818,3.004397267817811,4.021600131778415,1.4805483237905606,2.389440421502936,3.98,0
2023-08-13,Chelsea,Liverpool,A Taylor,1,1,D,1,1,D,10,13,4,1,4,4,3,3,0,0,5,12,6,0.8996972694955537,1.299266879498122,2.325876057455725,1.600290254894143,6.021475448613831,4.080382820664599,5.426109811351019,3.6378265166142256,15.797025906457963,11.505200781952503,16.726307766710427,10.55923414191624,3.481761009495302,2.4562147472563356,0.9717872595445767,2.976922173842662,3.72,0
2023-08-14,Man United,Wolves,S Hooper,1,0,H,0,0,D,15,23,3,6,8,7,2,3,0,0,14,10,5,2.0707125727411664,0.5016066676686511,0.48438598280853323,2.8154811939507542,6.084811107937178,4.861873344304381,4.667066882908111,5.781650555212855,19.741238054095078,10.525828113865597,8.542720710253656,17.526355721959312,2.8830601543837617,3.45517357115937,2.266273570504913,0.2724533428151352,3.87,0
2023-08-18,Nott'm Forest,Sheffield United,P Bankes,2,1,H,1,0,H,16,7,4,3,6,7,2,3,0,0,5,9,5,1.717033907114252,1.2932384100996965,0.3360621651236899,1.7620238118663971,2.564474108475686,6.730522124566366,3.860116803950605,6.733436688662405,9.060800038398884,14.463503740372346,7.97239590010936,15.945687101711124,4.143984383895411,2.7729298867185013,1.9060403308311442,0.3097232218303655,4.09,0
2023-08-19,Tottenham,Man United,M Oliver,2,0,H,0,0,D,17,22,6,6,5,6,1,3,0,0,9,8,4,1.647011033072008,1.5098970473281377,0.9102121961351147,1.3416952120415244,6.090668015697319,4.522220819059439,5.585567921323575,5.502338163488007,15.511465063132281,11.068604154052329,15.564148300953137,14.933823771522759,4.196264607816315,3.2065869534114486,1.4530770500436128,0.7596190230723985,3.43,0
2023-08-19,Fulham,Brentford,D Bond,0,3,A,0,1,A,10,17,2,8,5,5,2,2,1,0,13,12,5,1.8205375181076044,1.7416114213766627,1.3339908482329266,1.131000543493418,5.372274432222132,5.284884223093314,2.7606305428491273,7.144440834269696,12.045873447709056,12.209388878955016,8.521356877643079,17.29053469006765,3.056960082332027,3.254313186357837,2.235224245241718,1.527578083117986,4.22,0
2023-08-19,Liverpool,Bournemouth,T Bramall,3,1,H,2,1,H,26,13,10,5,10,2,1,3,1,0,11,13,5,2.077874112811826,0.9033762921123406,0.774713117767853,1.4961286871572164,6.831556926022721,3.414805705328697,3.192580253511066,8.753587259434699,15.213932600050303,7.751145454095285,8.929723853890492,16.894864292693928,4.487796190005741,3.1854451244263657,1.6901719534481983,0.6008706621586052,4.06,0
2023-08-19,Wolves,Brighton,A Madley,1,4,A,0,1,A,16,16,5,8,5,3,3,6,1,0,14,11,10,1.2657789887507969,0.7362414896793985,1.6243208291191458,1.8681230152174912,4.849591097572801,6.225671690352731,4.284505765657243,4.126386541267157,11.198824104483371,14.831701749099123,13.316898091665594,12.938130469489668,5.50198278576705,4.388603795053267,1.2876070989145165,1.4508814852075147,3.43,0
2023-08-19,Man City,Newcastle,R Jones,1,0,H,1,0,H,14,7,4,1,3,0,1,5,0,0,12,11,6,2.6042671142532967,0.6566862843359105,1.8359069416600202,1.3309485146718834,6.521608042244778,2.339573693638722,6.01182632323715,5.659866594130827,15.725980088776074,7.527323300148038,12.951455798774214,13.141144269513935,2.836746344400075,3.114217865745133,2.2171594823846568,1.8228283759605604,3.98,0
2023-08-20,West Ham,Chelsea,J Brooks,3,1,H,1,1,D,12,17,6,4,3,9,2,3,1,0,12,9,6,1.6281994374873565,1.3145376166439058,1.0622361165302179,1.822109001661056,6.551876350810748,4.576657524041555,4.482106282779715,5.002948410724389,13.92997261407208,13.467431646090658,11.945669789196783,13.357754013913954,2.2720599466070794,3.3737812473871984,1.8274327361234617,1.050297809599226,4.49,0
2023-08-20,Aston Villa,Everton,A Taylor,4,0,H,2,0,H,13,9,7,2,7,6,3,4,0,0,8,12,7,1.9217311789088252,0.8571534568334349,1.4902576608726223,1.4948667516723573,5.487028010493828,4.252617363602882,4.1205068977346135,6.407698720419273,12.081718012454509,7.624356108787055,13.134463596577186,16.966745965932013,5.113197597700465,4.483073070739608,1.9569744931410762,1.8958129925627119,3.72,0
2023-08-21,Crystal Palace,Arsenal,D Coote,0,1,A,0,0,D,14,14,2,3,1,8,2,1,0,1,14,10,4,1.328006097166415,1.0048081308312073,1.542038846316638,1.2789511588614095,6.496278265441206,3.8769559791786303,4.801174032954416,4.5747614016273355,14.108806517005304,9.416703917031615,11.451790949355452,11.297164148221587,3.5857759484163028,4.009396613513572,1.5412511231275956,1.2190435422490764,4.23,0
2023-08-26,Bournemouth,Tottenham,T Robinson,0,2,A,0,1,A,11,17,3,6,6,2,1,3,0,0,18,11,4,1.067509731568985,1.6541321808372909,2.040233474938931,2.291823461555367,5.4683205017042695,5.632717356159256,4.172524170740273,6.486110553600362,11.90561226113499,15.775976718913533,12.235625340265349,14.349199862212304,3.1771796400595087,4.199492585275304,0.9952928314640712,2.25962694766068,4.27,0
2023-08-26,Arsenal,Fulham,P Tierney,2,2,D,0,1,A,19,8,11,3,8,3,0,3,0,1,6,5,4,2.7529173851565587,1.331878807895269,1.1270542544351954,0.9510224771345526,7.045521922133014,2.8489679533374384,4.498410580912856,5.9596082963187245,16.79914942330058,7.434951886562296,9.421756204007602,15.17137450450467,2.742835339311868,3.1605699838378665,2.7180583255903508,1.084626092738458,3.83,0
2023-08-26,Brentford,Crystal Palace,P Bankes,1,1,D,1,0,H,12,15,1,5,8,6,0,0,0,0,9,15,0,1.66470026225819,0.9791965421945416,1.1776592923004305,1.1843223830628689,4.830075782408931,4.375920419832476,4.923034587056362,5.297590784429229,12.782951571929434,12.372675220931088,12.822900066978793,10.18646594846465,3.3673790147185794,4.60523642567596,1.653698906016058,1.1811295595046754,4.09,0
2023-08-26,Everton,Wolves,C Pawson,0,1,A,0,0,D,15,11,7,2,7,0,3,4,0,0,10,14,7,0.6596814479737679,1.5843406970310394,0.39631502764994536,2.485390793942425,6.551084429102107,5.534822455788179,5.091240280230799,6.1849903738945065,13.546864444899095,11.21983218894683,11.171340119634305,17.067014268242495,3.307592214803132,3.736053580017933,0.4993523585607143,0.18163556187119934,3.87,0
2023-08-26,Man United,Nott'm Forest,S Attwell,3,2,H,1,2,A,18,9,9,4,11,3,4,4,0,1,13,11,9,1.8760358431734205,0.4104046512945385,1.0031883477590282,2.046171204458651,6.433030340160013,5.250627072736658,3.999575162933789,6.0223268904275455,18.87918717137279,12.793879361869028,8.35699561208467,15.28316545392041,3.267961701566624,3.297590805639281,1.8441823803107795,1.141280525181509,3.99,0
2023-08-26,Brighton,West Ham,A Taylor,1,3,A,0,1,A,25,12,10,3,17,4,1,3,0,0,10,9,4,2.4143629606847856,1.286976476048026,1.0265053001031148,1.8276707036148445,6.978608088036026,3.487920376784522,4.490507376209817,6.8710345234658625,22.315444170406064,9.594065491576028,11.085675735909083,16.01830382250304,4.5622301916593235,2.6795034407808584,2.618654502290078,0.9786359039999571,3.72,0
2023-08-27,Burnley,Aston Villa,M Salisbury,1,3,A,0,2,A,9,16,2,6,4,6,2,0,0,0,12,11,2,0.8624919652805266,1.8441005534326134,0.9464173800417407,1.7319422832786238,5.714151340998269,5.505953485353046,4.335844924985677,6.47904800527238,10.899527680439338,13.312494251771682,11.445843230122135,12.574884385494027,2.2979733057367433,5.417606359767496,0.751244508937604,0.8423820921786135,3.97,0
2023-08-27,Sheffield United,Man City,J Gillett,1,2,A,0,0,D,6,30,2,9,1,12,3,0,0,0,11,2,3,0.4962799949222366,1.2038960280222029,1.939409624323742,0.6496271751280737,4.799936922242749,6.828563727080657,5.034950565778981,3.8424055770495436,8.969536260274408,16.081527270312826,14.850052397011133,8.887458431060441,3.0683830331726103,2.766038139650054,0.39525784831958694,1.9144271859670499,3.81,0
2023-08-27,Newcastle,Liverpool,J Brooks,1,2,A,1,0,H,23,9,8,4,5,9,1,2,0,1,16,10,4,2.4724864544634038,0.8423388097931439,2.0848055580061455,1.4911456099265428,8.16351842739884,3.0706019256791497,5.166814832337631,3.703676821426837,18.858054850073017,8.516201937192962,16.048791290436228,10.457554310575363,4.314336646696653,3.1005450193183584,2.8484030612342517,2.3179481158547834,4.49,0
2023-09-02,Chelsea,Nott'm Forest,T Robinson,0,1,A,0,0,D,21,7,2,3,8,0,3,4,0,0,10,9,7,1.296494422825466,1.0185154726754377,1.1871468123349447,2.222197317618156,5.716853268241296,4.053809795705356,3.81510670112545,6.940940853596202,15.517015322513062,11.635713861592242,8.475660055513433,15.78454874983195,4.132423220500171,4.3499525405968065,1.6541276709365371,1.4275777486412204,4.27,0
2023-09-02,Brighton,Newcastle,S Attwell,3,1,H,1,0,H,15,9,6,2,5,3,4,4,0,0,14,17,8,2.157204203754756,1.5984375452760444,1.5021027365986357,1.2707755269514895,8.800692488168773,3.5810264344343445,4.91875735483902,5.176250222366167,22.803548751222714,10.031511284939999,11.869363386142723,13.297301233612611,4.460005783063639,3.6389101524000824,2.079103001504707,1.2152189172698584,3.99,0
2023-09-02,Man City,Fulham,M Oliver,5,1,H,2,1,H,7,6,5,4,4,5,2,4,0,0,12,12,6,2.312579612764122,0.5372877254311443,1.2858235139888148,1.1418079703223114,5.8813100258233195,1.9141929081172837,4.225883290817733,6.330709801353524,15.412162760450743,7.4314454911905194,9.163170626469789,15.86771564382096,3.4118884433565198,3.3132434836404387,1.8114396548982772,1.389750756087086,3.43,0
2023-09-02,Burnley,Tottenham,D England,2,5,A,1,2,A,16,20,4,10,7,4,4,3,0,0,15,9,7,0.8875015938467998,2.054332747337405,2.0329182449096734,1.8751252809191126,5.402385643581355,5.595809469775986,3.777516926717481,6.397726179030829,10.55404618304132,13.801291293123011,13.101881527045792,13.740250040124383,2.2437786420260477,4.163220944492717,0.8341630134573637,2.1730846317702563,4.1,0
2023-09-02,Brentford,Bournemouth,R Madley,2,2,D,1,1,D,21,12,7,5,5,2,1,2,0,0,6,13,3,1.543806187225442,0.9829802247529468,0.8164282276549406,1.7745921132107185,5.406613927448391,4.671304083375641,2.9717568490079955,8.984378523986758,12.64055023487824,12.850526693257992,9.683394085478977,18.58081126308047,2.754928269045547,3.5214360852880175,1.4357992509710227,0.7339537966850945,5.0,0
2023-09-02,Sheffield United,Everton,A Madley,2,2,D,2,1,H,13,16,8,6,4,6,1,2,0,0,11,13,3,0.5892399422723279,1.3508145195933876,1.2192993336632771,1.9503495398003559,4.098670479249639,7.782936074434063,4.462235929137902,6.515390811614545,8.421517655441193,18.650137766426948,12.382736315148207,16.24551306801556,3.0557631588390826,4.940700183396902,0.5968789877164197,1.2638753283364708,3.43,0
2023-09-03,Crystal Palace,Wolves,R Jones,3,2,H,0,0,D,16,12,11,4,4,2,1,3,0,0,12,12,4,1.0865483143550039,1.0039339175181452,0.5060767234679102,2.033498299001717,5.496946133970067,4.626606955801082,4.165553551936986,6.333175011191444,14.089023339497617,10.250037824551386,11.140187145891224,16.691190781235655,3.6610900763378296,4.329502664432887,1.0275007487202923,0.4544237079252615,3.98,0
2023-09-03,Liverpool,Aston Villa,S Hooper,3,0,H,2,0,H,17,9,4,3,7,3,0,1,0,0,12,7,1,2.245534843186892,0.9209443938878914,1.319798731562636,1.5988609081687108,7.407642563911818,3.1575660364397424,4.638420757586868,6.02830875295411,17.175053053641065,8.705491058123737,12.27387770667492,11.92490071772524,4.580924976517083,4.796218902951986,2.1267813023255164,1.5615880614817494,3.87,0
2023-09-03,Arsenal,Man United,A Taylor,3,1,H,1,1,D,17,10,5,2,12,3,2,3,0,0,8,7,5,2.6160223276501564,1.4533562645426605,0.7447176105035932,1.4613880469266576,7.219064642668059,2.8764285235418066,5.660919872686336,5.411003146701431,17.199306960103396,7.537688648268037,16.734313471934406,15.3094954887613,2.9714123809804347,3.3508451428065773,2.4787055503838027,0.5064126820327711,3.72,0
2023-09-16,Wolves,Liverpool,M Oliver,1,3,A,1,0,H,11,16,2,6,4,4,1,3,0,0,10,4,4,1.2174551102094586,1.3296573596933845,2.0693862544158854,1.4018457639667758,4.8769384118454235,5.639180757749349,5.863762617453146,3.9393736449777434,12.071772872634822,15.044121485670276,14.767183629252726,12.73801543124359,6.319811307724618,3.2640834682004094,1.1917380659371444,2.211965410565532,3.43,0
2023-09-16,Aston Villa,Crystal Palace,D England,3,1,H,0,0,D,16,6,5,3,4,2,5,3,0,0,13,9,8,2.299601568734209,0.7013059997639646,1.145357369784779,1.1508089807606205,5.762116252047399,4.5703260985310274,5.118847892797296,5.788941458838835,12.248679845823714,7.874475385060767,13.218739273781212,10.516201790894597,5.456255604463065,3.767914671985282,2.6379829954690575,1.1207530396673204,4.1,0
2023-09-16,Man United,Brighton,J Gillett,1,3,A,0,1,A,14,10,4,8,8,1,2,2,0,0,8,9,4,2.080394436715414,0.6994240722336571,2.056266304743163,1.7102810754031856,7.263394449874107,4.841419198643426,4.0509572037599355,4.285226752339928,18.719333805310665,12.104078138448719,13.804739103258713,13.494838928639307,4.310158000872122,5.408866645512919,2.2294549202229037,2.3005876568570063,3.81,0
2023-09-16,Tottenham,Sheffield United,P Bankes,2,1,H,0,0,D,28,7,10,5,15,2,6,5,0,1,13,14,12,1.7111914110786934,1.2353678910996762,0.4589998145138605,1.8060885294395848,5.892362991785523,4.790910311732797,4.44151138519769,6.597630325861188,15.78211016503377,13.05614819442102,7.7923427988150875,15.955743916817083,4.160579819057593,3.1853039831652485,1.6353847000402315,0.539884697372326,4.09,0
2023-09-16,West Ham,Man City,A Madley,1,3,A,1,0,H,6,29,3,15,4,11,3,2,0,0,7,11,5,1.87761992056383,1.2573484548714762,1.950426135731313,0.7133317846312126,5.906074957039301,5.380908701155408,6.301332325092932,3.325600835124497,13.579065408694849,14.109722464020402,17.604608194522562,8.362462202044993,2.949873204894635,2.8085769665629843,2.2182884907728924,1.9429514573125302,3.43,0
2023-09-16,Newcastle,Brentford,C Pawson,1,0,H,0,0,D,9,11,2,2,8,3,3,5,0,0,8,12,8,2.204759713342595,1.052824180871864,1.6370225601607846,0.9252819671442852,7.588329109713903,4.14868207944492,3.1679512106375496,6.754386808187369,19.6111412187318,8.604165855858067,10.06354392833726,15.964453614428086,4.2571841168517475,3.5718375307270045,2.2322687074643657,2.0183854553265785,3.87,0
2023-09-17,Bournemouth,Chelsea,D Coote,0,0,D,0,0,D,13,14,4,6,1,7,1,5,0,0,15,20,6,0.8705041581511829,1.7179610022764809,1.0509203592153658,2.0362728895071225,5.566440285851146,4.962310759712498,5.303548746233189,4.638772761703596,11.738484358200681,16.001866377092817,12.864647020477028,13.110887471281,3.329028557250802,3.851279775847775,0.6634620269539624,1.0335318730651246,4.23,0
2023-09-17,Everton,Arsenal,S Hooper,0,1,A,0,0,D,8,13,1,4,1,11,1,1,0,0,12,10,2,0.5397385013283035,1.4780961675508735,1.4434854599214022,1.0464125343764177,6.632706030761375,4.528483841073765,5.382783881923058,3.9247990528410823,13.811072815301873,11.17986241172967,11.915105770591172,11.78859318116512,3.978943927563101,4.007688123266604,0.33290157236701906,1.1460290281615828,3.87,0
2023-09-18,Nott'm Forest,Burnley,R Jones,1,1,D,0,1,A,14,10,4,3,5,4,2,3,0,1,16,10,6,1.7694291533092144,1.238941096473514,0.8542667636627055,1.2088671232180521,3.2006111914026643,6.7804198330990335,4.847673202150179,8.282434921760114,10.345692820697595,13.08152856459846,10.417383074617716,17.997407772357477,4.302487999982875,3.080380608670069,1.9373696421759101,0.8366304823207866,3.98,0
2023-09-23,Brentford,Everton,M Oliver,1,3,A,1,1,D,12,18,2,6,1,4,2,2,0,0,9,12,4,1.6267726857929503,1.1679423337587092,1.3612459332775622,1.9593769613186363,5.332664362845578,4.185482618461805,4.741831413399662,6.058043728660088,14.160856423918714,12.695844144521436,13.040425365654913,15.655415526315966,2.799498674969087,4.5878430593001305,1.6238661786529123,1.5092502189009906,3.43,0
2023-09-23,Man City,Nott'm Forest,A Taylor,2,0,H,2,0,H,7,10,4,3,6,6,3,7,1,0,5,17,11,2.801205025999912,0.621417836761819,1.1527034400033704,1.8132137573320173,5.539251190086777,2.475252790150835,3.1129566674055797,7.1358550391259,13.882667589336231,7.171180797218736,8.204072695340212,16.744424726587607,3.8824575753284454,4.837679636782687,2.8742931033088777,1.285032780268679,3.72,0
2023-09-23,Burnley,Man United,T Harrington,0,1,A,0,1,A,12,11,4,4,9,5,1,2,0,0,6,12,3,1.0898280937594096,2.5900517576676934,0.7911329252239668,1.74113769270249,5.692938618000456,5.305584744274033,5.1771127695795585,6.609011216277688,11.544484253223358,14.928630469254406,15.5098840083819,15.616862162506964,3.1087772926721606,3.650693643403376,1.2227753657350542,0.6709417880285594,3.69,0
2023-09-23,Crystal Palace,Fulham,P Tierney,0,0,D,0,0,D,7,10,3,5,3,2,3,2,0,0,10,15,5,1.434451130395873,1.1850381479818592,1.2338417126143362,1.84348492108274,5.224772146313762,4.14903860985787,4.36666940199455,5.9068311208883095,14.43647614772102,10.568215060679695,8.587894978486634,14.254972777394313,3.7227105069506465,3.801875232742979,1.6850004991736847,1.2598338295584632,3.83,0
2023-09-24,Arsenal,Tottenham,R Jones,2,2,D,1,1,D,13,13,6,5,11,4,3,4,0,0,12,19,7,2.685836861931715,1.3709273663231938,2.5723908388218786,1.8978299092971644,8.088330747021802,2.898896197317258,3.8179686333276432,6.507231156400002,17.16306911712274,7.985384263550424,14.356092287950496,14.1511160940697,3.3402486703523646,4.679001998656403,2.6524703669272607,3.115389754539132,3.98,0
2023-09-24,Brighton,Bournemouth,J Brooks,3,1,H,1,1,D,13,12,4,4,4,4,3,3,0,0,12,17,6,2.3104407074536177,1.489630076694953,1.0348526867455927,1.8161904318738658,8.109653411898822,3.4753846410533216,2.7924221698007874,8.249073961771755,21.384713331767173,9.843962671700202,10.110916442490662,19.027264958282142,5.103644893906652,3.4252066908899756,2.386068667678153,1.1560538228401807,4.49,0
2023-09-24,Chelsea,Aston Villa,J Gillett,0,1,A,0,0,D,10,15,4,7,5,11,2,3,0,0,9,11,5,1.0607667728965653,1.0151490032296286,1.0798339095833853,1.853614973844601,6.131973305817256,3.3167491191790033,4.340524316243923,6.2049809314764275,16.513927511154357,10.792851821388096,11.678623701441927,12.847651487728,4.6538038938925315,4.105993210612845,1.1027517806093623,1.0410587076403428,3.81,0
2023-09-24,Liverpool,West Ham,C Kavanagh,3,1,H,1,1,D,22,11,7,4,7,4,0,2,0,0,12,13,2,2.3827113157517155,0.7534987507842105,1.4970848376976957,1.5540589388391355,7.333525199471943,3.1289174595245086,4.691993730244903,8.764918585723377,17.14322499611802,8.759038524723831,10.84247571019158,17.351103813304405,3.929843011548926,2.7523952955141824,2.4178542015622186,1.768282624021457,3.7,0
2023-09-24,Sheffield United,Newcastle,S Attwell,0,8,A,0,3,A,9,22,1,15,2,6,3,0,0,0,12,8,3,0.8488828041120547,1.4702936436827572,1.410810671418736,1.5851822445360904,4.080510703977337,7.45479620237886,4.5698898647133905,5.144204496232063,9.264162903520216,18.162394049715157,11.347657189026428,13.606885060651237,3.045500246966228,4.431841298960921,1.0646485125675305,1.143479278176979,3.99,0
2023-09-30,Aston Villa,Brighton,A Madley,6,1,H,3,0,H,19,11,9,3,1,3,4,4,0,0,19,21,8,2.4269476566527226,0.7556143915546881,2.2278554870756317,1.5811381301346155,5.441729167869716,4.102990709542172,3.4962337107283035,4.960644942153579,12.93074297566379,7.5336592202449255,13.11296336716098,13.58668705869615,5.918757921681054,5.15270722582275,2.758655330317628,2.5337251045808484,3.43,0
2023-09-30,Bournemouth,Arsenal,M Salisbury,0,4,A,0,2,A,8,15,1,8,6,6,0,1,0,0,11,10,1,0.7102925122177074,1.4017794455923633,1.3628511582887342,0.8561543375370747,4.72601131442964,5.33733659276624,6.404103270570376,3.3930135708919633,11.970659581547968,15.63343355088543,12.1123606897247,11.099753088442172,3.8206066009364252,3.6426512858819113,0.4422784551963709,1.0973526854390694,3.97,0
2023-09-30,Everton,Luton,A Taylor,1,2,A,1,2,A,23,9,5,2,3,6,0,1,0,0,8,10,1,0.44160364918062417,1.3911690786003696,0.2691029900332226,2.465116279069768,5.608571617226399,5.705130087106983,4.003322259136213,6.0,12.75450788590438,11.510798471828698,8.853820598006644,18.740863787375417,3.6191338171818415,4.32890365448505,0.22193438157499473,0.2105263157894737,3.72,0
2023-09-30,Man United,Crystal Palace,C Kavanagh,0,1,A,0,1,A,19,8,4,2,10,4,3,2,0,0,10,8,5,1.8839579252430714,1.1177130732410812,1.1189286011175459,1.4870275140304774,7.397323522146821,4.1429752222208,4.551781292809474,5.4636774557485355,17.86126804924558,11.72151621908282,11.906233477767477,11.513261895248592,4.253765304254966,4.537389272961479,1.8196366134707898,1.0805020264437855,3.7,0
2023-09-30,Newcastle,Burnley,T Bramall,2,0,H,1,0,H,20,8,8,2,5,3,1,3,0,0,7,15,4,1.985711199939543,0.861400472774159,0.8807742963765786,1.1708761182784453,7.663178804246175,3.9398295596532127,4.693489258244178,7.685390258123224,17.681831428795224,9.039774634789179,10.341464939656113,17.27031613588814,4.937700111921226,3.6114324707766325,1.821512471631739,0.8910869956012426,4.06,0
2023-09-30,West Ham,Sheffield United,G Scott,2,0,H,2,0,H,20,16,9,2,7,4,1,1,0,0,6,9,2,1.7180515112497485,1.5741964758988896,0.5588397022535132,1.8418742832555213,5.559513374056128,6.402569034219847,3.990938115256609,8.148261300708745,12.201043575990951,16.81706518150907,7.646118419956631,18.178473608068582,3.322626220091658,4.812028491566535,1.8121923271653613,0.6932872199382337,2.89,0
2023-09-30,Wolves,Man City,C Pawson,2,1,H,1,0,H,3,23,1,8,0,6,5,4,0,0,18,12,9,1.177917532243989,1.633358212281113,2.141258873686067,0.7654535859505949,4.717493914101239,5.341145742860132,7.155640580726547,3.448219588781501,11.876903671942056,15.217918832853451,19.676509841789322,7.932921084760224,5.898024391077807,3.2070198696542165,1.1278253772888223,2.2953009715512698,3.87,0
2023-09-30,Tottenham,Liverpool,S Hooper,2,1,H,1,1,D,24,12,8,4,12,5,5,4,0,2,11,17,11,1.7637024423925793,1.1925734203881904,2.238589752229626,1.3287824665810963,7.548308938269023,4.283468412857759,5.524894687053487,3.9503966836746676,18.00356070467937,11.95502239803611,14.991333383199837,12.422010760545232,5.585939224543774,3.3978872636744284,1.7569231333651125,2.474643607050832,3.87,0
2023-10-01,Nott'm Forest,Brentford,P Tierney,1,1,D,0,0,D,6,18,1,5,1,11,1,2,1,0,6,10,4,1.6274334158752648,1.1948452664011668,1.3392848587402517,0.938871502132086,3.532682753427938,6.26730207186155,3.137404650912002,6.980935920957665,11.020083751303119,12.51284213119256,10.23386429229778,14.697775645979025,4.61575851645438,4.3772210038713935,1.6248504391298733,1.3455902427049828,3.83,0
2023-10-02,Fulham,Chelsea,T Robinson,0,2,A,0,2,A,10,11,3,4,8,1,1,4,0,0,15,12,5,1.4003879018957819,1.6121108076201818,0.8598425519476778,1.6660387844069429,5.431045879762003,4.645044114351153,5.61199665369242,3.97717294174119,11.914963439344135,11.974803547164255,13.071076323991573,13.09072596743341,3.517619589378854,4.241958998362107,1.3267662490596652,0.6890212486960285,4.27,0
2023-10-07,Luton,Tottenham,J Brooks,0,1,A,0,0,D,12,15,2,4,5,6,2,1,0,1,16,7,4,1.0,1.6710963455149501,2.4683192746770586,1.9164063791270234,8.524916943521596,4.35548172757475,3.851065405267606,7.3241021633800205,18.119601328903656,9.03654485049834,14.109528863172041,13.941821248141203,3.9368770764119607,5.101003673026311,1.0,2.743593169686014,4.49,0
2023-10-07,Burnley,Chelsea,S Attwell,1,4,A,1,1,D,10,9,3,5,7,3,2,4,0,0,11,8,6,0.8916342018366921,2.3008882207619474,1.0671451296113599,1.363120854006003,6.294353987891357,5.250011732230494,4.7734468585567225,4.708600360030518,11.6273234085018,14.214177825680334,12.694514769940335,12.52877247496136,3.0889952783242434,4.379785448456992,0.8151835607737357,1.1260141658092373,3.99,0
2023-10-07,Everton,Bournemouth,D Coote,3,0,H,2,0,H,25,11,8,4,8,7,1,2,0,0,14,15,3,0.54313074867464,1.5018661442980072,1.0284382356985418,2.0340642669444455,5.134283578397367,5.758743057428426,3.0146704266958344,7.4670545690622045,14.617333629136022,11.054287454368215,10.458592192480443,17.91797899979297,3.142925369087637,3.8990836622155682,0.4812895877213656,1.1040289283926605,4.23,0
2023-10-07,Fulham,Sheffield United,S Barrott,3,1,H,0,0,D,20,5,6,2,9,4,1,2,0,0,8,10,3,1.1457038671651119,1.682654964999703,0.45598823661415055,1.8709764777790354,5.898253286720082,3.9821316880459157,3.9926059067960336,7.93692993459675,11.566695209924525,11.797519167510968,9.183605754554346,18.51371582216943,3.7872153374366646,4.294489650623445,0.884510806042059,0.46216058822450945,3.95,0
2023-10-07,Man United,Brentford,A Madley,2,1,H,0,1,A,21,11,8,3,7,5,0,5,0,0,10,17,5,1.5414184665986441,1.0963105929398453,1.2775802148840645,0.9499887450423894,7.870539712277706,4.1169796017438935,4.567349528505895,5.893202379591742,18.068311221880236,11.044873639150143,11.646266365770366,13.115939219299474,4.3894449950151575,4.308617035555856,1.2130910756361957,1.2303934881912335,3.43,0
2023-10-07,Crystal Palace,Nott'm Forest,C Pawson,0,0,D,0,0,D,8,16,2,5,3,7,0,1,0,0,7,12,1,1.1736402946892586,0.9695753948979872,0.9410258184615016,1.8475143989476832,4.820265732367992,3.7583020110807963,3.6431211873710194,6.9272713872042795,13.08438159552518,10.464902621728877,8.533869247618544,14.954999469548547,3.954946330857414,5.969302283507028,1.123333666100514,0.85665034925338,3.87,0
2023-10-08,Brighton,Liverpool,A Taylor,2,2,D,1,2,A,14,14,3,4,8,1,1,2,0,0,12,20,3,2.435815729691228,1.4006059965072388,2.0133905280184314,1.4508226074193238,7.36244009250029,3.570769712366399,5.429458828566658,5.413967990300698,19.860212637208573,10.235971351595591,14.447451959959416,14.52710987827747,5.2666193365310905,4.780096253781728,2.5907124451224792,1.9830957380249759,3.72,0
2023-10-08,West Ham,Newcastle,P Bankes,2,2,D,1,0,H,5,10,3,3,4,2,3,3,0,0,11,18,6,1.7693151753920582,1.2879772455983842,2.6088521654793335,1.2969655899675605,5.821421579066179,5.965735722592994,4.829911423923752,4.572527577501156,13.619044021934286,16.668506999009434,13.284458221764737,12.769264651553593,3.0821473062548463,4.171504980861202,1.87479488477861,3.4289861855134784,4.09,0
2023-10-08,Wolves,Aston Villa,R Jones,1,1,D,0,0,D,8,18,3,4,2,10,2,2,1,0,19,9,5,1.327387953990619,1.5182014940448514,1.065318583203879,1.5165924420945813,3.8597626856849327,5.460938132975288,5.551343923733416,5.985892431455102,10.262911660567374,16.632851032167945,12.282513217241874,12.329894171630563,6.462023284983142,4.268540684501684,1.4185502515337882,1.0273724717599804,3.98,0
2023-10-08,Arsenal,Man City,M Oliver,1,0,H,0,0,D,12,4,2,1,5,4,2,3,0,0,8,7,5,2.561138648528583,1.4853047611155303,1.9337562582998258,0.9899176542154643,8.61772771300664,3.099097855448027,6.945523096888085,2.821267545212942,16.406143804422577,8.897136981940694,20.280783697563827,7.036022011129671,4.0056612161601395,4.26029407031374,2.43498024461423,1.8635339810263514,3.43,0
2023-10-21,Chelsea,Arsenal,C Kavanagh,2,2,D,1,0,H,11,13,5,3,2,7,3,3,0,0,7,14,6,0.8678991555960859,1.0123946257057197,1.8423355957262302,0.7004889938140971,5.926158983650503,4.713710570431257,6.330629515016118,3.8670139009442153,15.329571335560907,11.557791547604474,12.637389117513889,10.536158291554495,4.716748944406629,3.162166398145227,0.7351678537329102,2.0649017903190274,3.7,0
2023-10-21,Nott'm Forest,Luton,S Barrott,2,2,D,0,0,D,19,13,8,4,4,2,3,0,0,0,12,11,3,1.5119576432097643,1.1589850346720312,0.8393564356435643,1.9824257425742575,3.066556005204472,7.138329875316713,4.661138613861387,5.011633663366337,10.096164120375304,13.52272426148077,8.901980198019801,20.144059405940595,4.502431446738559,3.2321782178217817,1.4165391171156065,0.9538461538461537,3.95,0
2023-10-21,Newcastle,Crystal Palace,T Robinson,4,0,H,3,0,H,10,17,7,3,6,8,2,3,0,0,7,12,5,1.988309176132008,0.7047814487149859,1.0973051146806674,1.2166575695532675,7.178962138015638,3.768950632757801,4.4514569369432495,6.288467355631212,18.103318658837562,8.850723788302286,11.196005779534474,12.874493578319898,4.767208359210308,4.621500720398627,1.881008314422238,1.0536680176287039,4.27,0
2023-10-21,Sheffield United,Man United,M Oliver,1,2,A,1,1,D,12,14,6,5,5,4,3,1,0,0,12,10,4,0.6929975289352005,2.6693815121704367,0.8291089811310784,1.4245653347521008,3.6984544507149764,7.187643533912112,5.144910257782862,7.043739015387625,9.215653136674556,18.86711589904775,14.689900258331544,14.959246979075276,3.037144772589097,3.5323850099972445,0.709734050467083,0.7806278586886893,3.43,0
2023-10-21,Brentford,Burnley,J Smith,3,0,H,1,0,H,23,6,10,1,5,5,5,2,0,1,14,12,8,1.51278909639983,1.5011165666293942,0.9532649731512045,1.2631731379961386,4.544734947753078,4.15175113159019,4.679108801434412,7.161154227111698,13.76788752635128,13.660447001046844,10.65842072580742,17.80919859485877,3.0178193727274825,4.103652433283831,1.4159107774099358,1.0627053417255121,4.12,0
2023-10-21,Liverpool,Everton,C Pawson,2,0,H,0,0,D,26,6,6,1,12,4,1,1,0,1,9,9,3,2.4949462843745924,0.7983174242464093,1.6592029766391847,1.7849437570517666,7.272883896216469,3.287297037982616,4.606952178560348,5.1383939867073085,18.02628020849871,9.166488470398736,13.942171530249515,14.990790599002972,3.5789603931318457,4.480961872265136,2.6119028010467567,2.0061668126141754,3.87,0
2023-10-21,Man City,Brighton,R Jones,2,1,H,2,0,H,10,5,6,3,2,2,2,2,1,0,9,11,5,2.6555305251574133,0.5084321087055983,2.0046077173013,2.3845723027812817,5.62302419539727,3.116119701525931,3.40600886719172,4.240523429882071,12.631266096578361,7.685514596890733,12.72878594213108,14.57093158417765,5.176563835639711,5.670399876481147,2.582862068864659,2.0224834030399945,3.98,0
2023-10-21,Bournemouth,Wolves,P Tierney,1,2,A,1,0,H,7,20,4,7,3,12,2,6,1,0,15,10,9,0.579857376546729,1.8789057628319443,0.8181189828303829,1.9893664168061764,4.9599612494033725,5.459025319509055,3.267845563551134,6.6527881210877355,11.241504321829085,15.517112472277512,9.788052634590345,17.189973096785586,3.302642243521328,4.038756578020829,0.2948391659176192,0.9797438701985298,3.83,0
2023-10-22,Aston Villa,West Ham,D Coote,4,1,H,1,0,H,15,14,7,4,8,7,0,1,0,0,9,15,1,3.0765973714078716,0.8000484007883808,1.406705339873532,1.816958583085643,4.634137280138524,3.9024457605811467,4.56617608083384,8.444022747867988,14.034250765572615,8.163906718019451,10.871116628458035,18.196361747012983,6.297167805609504,2.6155954902962444,3.8391035535744704,1.5121884160096617,4.23,0
2023-10-23,Tottenham,Fulham,A Taylor,2,0,H,1,0,H,15,10,5,3,3,5,2,0,0,0,10,14,2,1.8066658882494033,1.1575598645813332,1.0094578006561892,1.5082325511884378,8.357712090119376,4.413747652138069,3.9362717802396645,5.378200801749085,19.093828829355704,11.963200192111984,8.844697488552162,12.935598374423035,6.570319720673641,4.019763734600677,1.8379487555789455,0.839889202826159,3.72,0
2023-10-27,Crystal Palace,Tottenham,A Madley,1,2,A,0,0,D,13,10,3,1,11,2,2,1,0,0,19,11,3,0.9602501197816762,0.793288108205816,2.201351079078876,1.5679674790241056,4.489306728347832,4.347704491536854,4.241782329786899,6.90153646418639,12.159944114232609,11.471288822871111,14.27143334588988,13.588761444506545,3.417680767262281,4.900820396130042,0.7488891107268869,2.1623954464503177,3.43,0
2023-10-28,Chelsea,Brentford,S Hooper,0,2,A,0,0,D,17,7,2,5,10,1,1,4,0,0,12,7,5,1.073736485990162,1.1919599486470813,1.227100048861879,1.1409416286892364,5.212309075409463,5.1294011999514675,4.6460304519273325,6.0944823146710645,14.542373437186571,11.820012302213284,11.52873769589644,14.549718270536932,4.950068239957369,4.434350517117675,1.1567785691603698,1.153595655707302,3.87,0
2023-10-28,Arsenal,Sheffield United,T Robinson,5,0,H,1,0,H,13,2,8,0,6,1,0,3,0,0,9,13,3,2.2772941364636394,1.2152482830545068,0.5558882734909191,2.078305618609793,7.959956439167479,3.2628988925177556,3.993963727037179,8.132147659440411,15.605023583977658,8.006744921975818,8.415345953412128,18.78665081028534,4.186450800219371,4.056775004474966,1.956653496403705,0.6414563682621597,4.27,0
2023-10-28,Wolves,Newcastle,A Taylor,2,2,D,1,2,A,11,13,6,5,8,7,1,4,0,0,13,15,5,1.2678625840107218,1.42398258561782,2.498151237203098,1.424790645396994,3.5216223827482676,6.286226093949049,4.315379589547751,4.468431151658233,9.851471190063819,16.881424772086824,12.687281115976468,11.356664257378075,6.196199585921997,4.5039602260647404,1.2790335010199958,2.952657457000349,3.72,0
2023-10-28,Bournemouth,Burnley,S Barrott,2,1,H,1,1,D,13,6,6,3,10,5,2,3,0,0,9,12,5,0.6568706235854559,1.9011026547476888,0.7799061690019049,1.5790288929978606,4.6006952014932825,6.658003168512594,4.737465413721836,6.768131171669105,10.4640254327128,16.338837537403446,9.811249929653359,18.7531870445729,4.346982893278088,4.812234174709893,0.5299067410427258,0.7084702135786883,3.95,0
2023-10-29,West Ham,Everton,S Attwell,0,1,A,0,0,D,12,10,2,4,4,3,4,1,0,0,7,11,5,1.8112580733092152,1.417436553350056,1.3575282514322082,1.8240450809457638,5.490252420086097,5.244689382150648,4.496596704119328,6.38596474066742,12.051937541610455,15.456045326271942,12.498133369958941,16.992474701281484,3.6126685396261777,4.211694777070701,1.9165299231864967,1.3374445417306586,3.99,0
2023-10-29,Aston Villa,Luton,J Brooks,3,1,H,1,0,H,17,7,6,1,6,4,3,2,0,0,11,10,5,3.2444895691425844,0.8364034125597815,1.1725456363600715,1.9874708339052176,5.24611527523311,4.465640160028995,3.897198094155017,4.721221152526422,14.20984238336543,9.225019711373626,10.078410227250444,19.815631066057527,5.334041735663934,3.1655261661536045,3.892735702383953,1.3554502369668244,4.49,0
2023-10-29,Brighton,Fulham,M Salisbury,1,1,D,1,0,H,18,10,7,5,7,3,0,3,0,0,12,8,3,2.3565761930485163,1.5095871549818,0.825887183069056,1.5976608108233683,7.478360533664817,3.103355190712133,4.129711512063356,4.945723297845992,18.794715220836828,10.920342900600424,9.054790070320895,13.311011275396908,4.854505101692932,3.652468265785908,2.3938082967459398,0.559926127715447,3.97,0
2023-10-29,Liverpool,Nott'm Forest,C Kavanagh,3,0,H,2,0,H,21,9,8,1,8,3,2,3,0,0,9,13,5,2.404955616304938,0.653168100758998,0.7685333128658245,1.5088601542431157,8.132363701706526,3.416880020443446,4.258445895802601,6.207392220827517,19.476054443987973,8.590760513887043,9.902430635964661,13.680129788629039,3.4736943587991735,5.05841611531895,2.4079352006941397,0.5710832692394856,3.7,0
2023-10-29,Man United,Man City,P Tierney,0,3,A,0,1,A,7,21,3,10,7,12,4,1,0,0,9,4,5,1.6247972566330757,1.0787995068582459,1.5821628222478867,0.991750815236991,7.712259139250117,4.277529399369256,6.409971327030719,3.2174022838743466,18.601347651114754,11.036714763433912,17.32062951201118,7.938567029459746,4.500455434505637,4.394786588887434,1.4753940504273009,1.2423559873433925,3.83,0
2023-11-04,Newcastle,Arsenal,S Attwell,1,0,H,0,0,D,9,14,2,1,0,11,5,1,0,0,14,9,6,2.3540725891796095,0.5766388608599736,1.8710019894730359,0.9367648631406176,6.9646045387572375,4.538235375211322,6.4523338272445105,3.5275551888668,16.62998217268216,10.332416226172539,12.703318687235754,10.620493554873674,4.8095342793039695,3.6781386354641055,2.58733887629003,2.0432678602122927,3.99,0
2023-11-04,Man City,Bournemouth,C Pawson,6,1,H,3,0,H,21,5,8,1,12,1,0,1,0,0,8,9,1,2.536342581412148,0.5978085205218241,0.8395801547035315,2.211444650692501,4.964289342607538,2.913187866785649,3.7465196221272548,7.5649224310963366,12.152851768851217,7.197236857841984,10.558014049831371,19.218491611283927,5.144461165051457,3.733979712161955,2.3885747125729164,0.7359864912517357,3.87,0
2023-11-04,Sheffield United,Wolves,R Jones,2,1,H,0,0,D,11,10,2,3,4,4,2,3,0,0,13,10,5,0.7492718887020873,2.546682121815266,1.0330072894862454,1.8094809030521757,3.937031170437848,6.603340096829685,4.855516279169945,5.988642202412284,9.726031234150867,17.97496076368294,11.644777673009964,15.337243395718904,3.2136386662141816,4.9408044004063525,0.8064951148941497,1.3198292468031307,3.98,0
2023-11-04,Everton,Brighton,T Robinson,1,1,D,1,0,H,10,7,4,2,3,3,4,2,0,0,15,5,6,0.989836013775276,1.2287984937617003,1.8219508866876322,2.3146497282697807,5.655324986329305,5.984427029536559,3.1503696569078827,3.833153566431994,16.505098609362904,11.044416969122771,11.323545348844121,13.739849101195492,3.116938835675874,5.54850840125857,1.3208597251577254,1.6816556020204834,4.27,0
2023-11-04,Brentford,West Ham,T Bramall,3,2,H,1,2,A,16,12,4,2,4,3,1,4,0,0,12,14,5,1.7832394548781492,1.2281374534586316,1.3327586222905576,2.2138767725018424,4.627525220662435,4.306005790418282,5.008691268987583,8.363291020206827,15.446753732863248,12.267389276334072,11.44000676178509,17.61520276967354,3.9238324562705005,2.3218496951551892,1.9439405324225678,1.3414589440043774,4.06,0
2023-11-04,Fulham,Man United,J Brooks,0,1,A,0,0,D,18,12,3,5,9,4,5,2,0,0,9,15,7,1.4829223417559518,1.55850873943587,1.0419992852939142,1.3473712647696667,6.462330553936462,3.9853811824464986,4.936743751173223,6.672148309161503,13.10035864518236,10.561336335610433,14.564463242015457,14.4211994756647,3.6440539779514034,3.6174063278214716,1.589673899038416,1.1870852391331626,4.49,0
2023-11-04,Burnley,Crystal Palace,P Bankes,0,2,A,0,1,A,17,4,5,3,12,1,0,5,0,0,9,12,5,0.9113405991533803,2.609872903887433,0.897794305594963,1.7227218290118607,6.4226762160780915,4.840845501611089,5.096649133820913,6.236018538299723,11.331393491551841,13.265975886929578,12.251281625205543,12.351856317407139,3.6183635532632397,4.6903190431252115,0.8767890421666268,0.7024453450815572,4.09,0
2023-11-05,Nott'm Forest,Aston Villa,J Gillett,2,0,H,1,0,H,5,13,3,3,0,10,1,1,0,0,6,9,2,1.6015796931767041,1.313425492957834,1.0534424302460663,1.4226661724445546,3.237969742514287,6.1947485438500625,6.360193678688102,5.261181853431762,11.731227169716599,13.42673337210496,13.322060375733754,11.542637575557112,4.2265312419344525,4.401533812753723,1.6110434093408135,1.0182483145065433,3.81,0
2023-11-05,Luton,Liverpool,A Madley,1,1,D,0,0,D,8,24,5,6,4,7,1,1,0,0,7,13,2,0.6705445544554455,1.45,2.010955876941625,1.5506734369283375,7.36361386138614,4.897277227722772,4.624099496074776,5.8841574860698715,16.103465346534655,11.001237623762377,14.36609673672739,14.43127133994822,3.957673267326733,4.456441110749084,0.5846153846153846,1.9887304920167186,3.43,0
2023-11-06,Tottenham,Chelsea,M Oliver,1,4,A,1,1,D,8,17,5,8,1,6,1,5,2,0,12,21,8,1.8418177146724943,0.9470934183569313,1.6003940446347564,1.2970985617418749,7.383577915288795,4.520339502823768,4.451000418153176,5.125220488164173,18.34949272067667,11.606252979010124,12.02278156810361,12.0689934411507,5.739348486138499,4.674371334870437,1.8919658370536099,2.0840094438901944,3.43,0
2023-11-11,Bournemouth,Newcastle,C Kavanagh,2,0,H,0,0,D,19,8,10,5,6,5,2,1,0,0,10,4,3,0.9027048404267973,1.7361729991884456,2.407577927143974,1.5293745776097847,5.588934971940331,6.354537309147788,4.803494319909866,5.110537115485424,10.92818721237906,14.446510503471469,12.74413931952733,11.29181595437699,4.466505220638332,4.594149632194788,1.0199572344042023,2.635104971329728,3.7,0
2023-11-11,Crystal Palace,Everton,S Barrott,2,3,A,1,1,D,13,8,4,4,9,2,1,4,0,0,9,18,5,0.9674773992842652,1.012691137175804,1.2925228579824608,1.4923992104950516,5.673073818246244,3.9208474429966502,4.224487137400741,5.95215125571064,12.312682151451579,11.20378070728633,12.043925508192482,16.08474844204278,3.3417385095427536,4.355023565690155,0.8325927404856031,1.2249630278190795,3.95,0
2023-11-11,Man United,Luton,G Scott,1,0,H,0,0,D,15,10,4,4,11,3,0,2,0,0,9,11,2,1.3293786186672616,1.4281098165760802,1.127729574557301,2.250459632938748,7.582757058952422,5.681619501845698,3.9238993000677356,5.0533641905622035,16.49200489609176,12.848227025801021,9.278840757346062,19.08431442118505,4.591282012738158,3.642002386865787,0.9835960336142375,1.2255639097744362,2.89,0
2023-11-11,Wolves,Tottenham,T Robinson,2,1,H,0,1,A,17,6,4,2,11,3,4,3,0,0,19,15,7,1.4009790037482224,1.5287134383709198,2.164741673633615,1.4647003308447255,4.3358760755957855,6.416003680506577,3.834184224990842,7.646714061304918,10.060295435082756,16.175708388991595,13.494806590734353,13.481713563109125,5.978707892843784,4.555215570574144,1.519355667349569,2.108263630966442,4.27,0
2023-11-11,Arsenal,Burnley,M Oliver,3,1,H,1,0,H,16,8,6,5,3,3,0,1,1,0,8,9,2,2.7723331664126474,0.9942933355343497,0.819930388396886,1.6555827876217746,7.603599571030583,2.851461400268893,4.785207514589983,7.3558488121605174,15.131381401295604,6.914605951274135,9.118171424627597,17.70696589676462,3.9707317755943756,4.846379523319668,2.9711023309439786,0.8056468116564383,3.43,0
2023-11-12,Aston Villa,Fulham,S Hooper,3,1,H,2,0,H,12,9,6,5,2,2,2,5,0,0,4,17,7,3.200036744581708,0.8661483641572747,0.8575486925317012,1.4889793033336503,5.383185766733887,4.380977978264521,3.924279353996328,5.31928282316191,14.717145772481047,8.820469074628459,9.226671576003447,14.163679467728429,5.273306634679647,3.533820307896343,3.5951571349190385,0.7066174210974936,3.87,0
2023-11-12,Brighton,Sheffield United,J Brooks,1,1,D,1,0,H,11,9,6,1,6,3,3,2,1,0,13,16,6,2.109925178830473,1.416934645485599,0.45399249205266895,2.613859877104802,7.391385610033607,3.0845632771104654,3.4451623075569513,7.741319390054431,18.650221077243298,10.753007286851119,7.239396180241885,17.725942509098378,4.5173212659828375,3.8630653688872925,1.9292055311602159,0.4276248765682695,4.49,0
2023-11-12,Liverpool,Brentford,P Tierney,3,0,H,1,0,H,17,16,10,3,6,8,1,2,0,0,16,12,3,2.5131459316917892,0.5344097950626612,1.3676524535996115,0.9334605836438606,8.1082974790418,3.341083353629821,3.9829972262028694,6.804703477979984,19.753136548878192,8.6651679871521,10.705183531289032,14.995303742309614,3.751205571782693,4.537214277091646,2.6052901337984786,1.4357304446983876,3.83,0
2023-11-12,West Ham,Nott'm Forest,M Salisbury,3,2,H,1,1,D,16,10,6,5,9,4,2,2,0,0,9,12,4,1.4819371225232538,1.3415386983354511,0.6278679470399343,1.7817848647137642,5.2192963641127035,4.836562427498392,4.02811137504505,6.535494887059836,12.042494314918088,14.464033165853301,9.737257918770265,15.01989242980982,3.864911619901788,5.047724159493605,1.2776866154499427,0.3807146404901795,3.97,0
2023-11-12,Chelsea,Man City,A Taylor,4,4,D,2,2,D,17,15,9,10,3,3,5,3,0,0,12,15,8,0.8785110392887548,1.3388767965294832,1.8399522333260294,0.8114319023124841,6.082801148294117,4.378598554806708,7.426343462087422,3.905149546314974,14.98921607484552,10.94364359621917,17.98960812684813,7.767917927025155,4.959146771129681,4.504825746609802,0.7711857127704725,1.828237324900316,3.72,0
2023-11-25,Sheffield United,Bournemouth,A Madley,1,3,A,0,2,A,10,23,2,11,4,7,4,1,0,0,6,8,5,0.9781938161958943,2.2635914569874522,0.8689855339392457,2.905896802768806,3.948556413778256,6.1268483417433455,3.2430753573748055,8.377883805123371,9.959206920225794,16.515296290470403,9.53921546770659,19.54504678084533,3.540598039747645,3.232834045861772,1.2043458323311533,0.8239962222267764,3.43,0
2023-11-25,Brentford,Arsenal,T Robinson,0,1,A,0,0,D,9,15,3,4,1,8,1,1,0,0,9,7,2,2.0045010264971315,1.3684966398295786,1.5308184655592159,0.948262206175542,4.513413025694432,4.068515435483653,7.27918548904705,2.886178984190945,15.547358686771213,12.218765928253852,12.9390798573741,10.325857199018262,4.119527922404376,4.100296915076429,2.2959603612369466,1.3621785734666292,4.27,0
2023-11-25,Nott'm Forest,Brighton,A Taylor,2,3,A,1,2,A,18,11,5,5,6,4,2,4,0,1,12,7,7,1.6746111824896197,1.0726711483385394,1.6725046804886528,2.0756215605866886,2.6444413791348196,6.892261136188945,3.123029611272205,3.681670501323106,10.497375539443167,13.3485120235175,10.537443088746981,13.059873850870432,3.818402213831659,5.630598107170964,1.740703308439098,1.4544370680109093,3.72,0
2023-11-25,Luton,Crystal Palace,J Gillett,2,1,H,0,0,D,8,16,3,8,4,5,6,1,0,0,15,12,7,0.7651222525048529,1.3208172388776689,1.098195988740365,1.4094986657876327,6.398011803690125,5.5009117468284945,4.3518014290401625,7.284018555362919,13.77718083959138,14.732828768063372,10.751043752917552,13.196976082457974,3.3956785161075276,4.7466248536565985,0.7440758293838862,1.1349635633911903,3.81,0
2023-11-25,Burnley,West Ham,S Barrott,1,2,A,0,0,D,11,11,5,3,4,5,1,3,0,0,11,7,4,0.7456180549294726,2.4989706908406975,1.4540756285771277,2.356808730438574,7.436883514963599,4.142407739605039,4.64347349405867,7.5699628157334615,12.362200078745401,11.581006403373292,11.541824043312465,17.32152858952115,3.869606949374861,2.808787688246381,0.5845260228900272,1.5609726293380204,3.95,0
2023-11-25,Man City,Liverpool,C Kavanagh,1,1,D,1,0,H,16,8,5,3,9,6,1,3,0,0,9,11,4,3.166100963773527,0.6709345329722617,1.8271451233288902,1.4505506702033193,6.243514516143508,2.5653341530567753,5.0560828022666735,5.541582290318201,13.76143052974702,6.797737668969108,16.117721173999023,13.261945498290222,4.390919794286655,4.009814010525831,3.592383141729829,1.6591536613418232,3.7,0
2023-11-25,Newcastle,Chelsea,S Hooper,4,1,H,1,1,D,14,7,5,4,4,2,4,4,0,1,13,19,9,2.107876777136447,0.47179509270491593,2.0366877602446736,1.2430804280083323,5.698308711132743,5.713105468398486,4.732637818465133,4.375177436109255,15.242708202372746,10.999251795143657,12.92773394922225,11.329173528942738,5.025983291829864,5.279033481088263,2.058225917522423,2.722672962601183,3.87,0
2023-11-26,Tottenham,Aston Villa,R Jones,1,2,A,1,1,D,18,15,8,5,9,3,0,4,0,0,11,13,4,1.6887593436597386,1.5021695353072606,0.861906823789187,1.52763629858906,6.2229227996771845,4.789369747023164,7.021978785421665,4.304600242473109,16.46775933704097,12.586938130080854,13.263503754497712,10.353063261971524,6.150377658022553,3.9648898898911864,1.5946438913654795,0.6788322096682938,3.98,0
2023-11-26,Everton,Man United,J Brooks,0,3,A,0,1,A,24,9,6,4,6,5,3,0,0,0,10,8,3,0.9916840172443571,1.1871986331515372,1.0343630214344783,1.1023937033087832,5.172537064565141,5.441802179220756,4.76642603260783,7.095395743313735,15.322349584420847,10.30906605225826,14.09819535586426,15.071893050873513,3.6411334691045956,4.232425788968263,1.2139064834376216,1.124723492754688,4.49,0
2023-11-27,Fulham,Wolves,M Salisbury,3,2,H,1,1,D,12,10,6,6,6,2,2,2,0,0,13,13,4,1.2132518612931302,1.456943528726311,1.0270059447257454,1.8441208508346043,6.923807544002877,3.988039624795397,4.6999673619630755,5.627069724098675,13.991361903441065,10.822958344178286,11.34572622032345,14.54865113827958,4.254335144193403,4.951567271487119,1.0597825851597837,1.2132194978678947,3.97,0
2023-12-02,Arsenal,Wolves,P Bankes,2,1,H,2,0,H,19,6,6,3,4,0,1,2,0,0,10,10,3,2.8137272456338343,0.9953309136359014,1.2039144226587544,2.054281251964408,6.766579253476313,2.8784684898295008,4.209062906910618,5.6948754081387944,15.289312473297667,7.1119508457026175,11.10104807860052,14.085258796660202,3.612415959639727,4.778554582727984,2.980734887296037,1.475479665246672,4.09,0
2023-12-02,Brentford,Luton,A Taylor,3,1,H,0,0,D,27,7,6,1,7,5,1,2,0,0,10,8,3,1.6400026490857385,1.301489227249626,0.8559920490754956,1.9491490935720281,3.874534157530627,4.783416413652943,3.7012766826788703,6.486264538531231,14.356787274678243,12.724505408030668,9.452611165162176,18.10015871653559,3.7341130593625778,3.2463457724533438,1.530640231710055,0.7916464303059739,3.72,0
2023-12-02,Nott'm Forest,Everton,P Tierney,0,1,A,0,0,D,13,12,2,3,4,3,1,0,0,0,15,14,1,1.7341673998773526,1.425431937555082,1.6029742509752387,1.584690561464379,3.25861238909939,6.362887895009676,3.8200336232034293,6.506307364165415,11.870587860537114,12.918661687293667,11.308663948149597,15.52388327594579,4.400733010701549,4.472292387363757,1.8271389619952183,1.816642018550821,3.83,0
2023-12-02,Newcastle,Man United,R Jones,1,0,H,0,0,D,22,8,4,1,7,3,1,2,0,0,6,13,3,2.451900091157765,0.567832602574368,1.3917527182550948,0.901957836615838,5.389524492443782,5.037993597716032,4.808894163957494,6.896232237096434,15.016760658906346,10.27211318199941,13.17124774934625,16.695190470755662,5.748533695207779,4.008347648458965,2.7054839450184254,1.7498156618414957,3.98,0
2023-12-02,Burnley,Sheffield United,C Kavanagh,5,0,H,2,0,H,19,6,7,3,6,1,2,5,0,1,9,12,8,0.7918748564951934,2.4082378826340083,0.553928753192338,2.3184736053527706,6.811920769623748,4.298352278052488,3.3636838370780424,7.4226040853029165,12.114497677075875,11.47535622485217,7.561641132067378,16.494887006717825,3.893317615895018,4.254190498532729,0.7230173502427132,0.6184241404357244,3.7,0
2023-12-03,Man City,Tottenham,S Hooper,3,3,D,2,1,H,18,8,4,4,10,8,4,4,0,0,14,14,8,2.7722631518237244,0.7307648112879471,1.9529699001569631,1.5620278008276849,6.7446953150949165,3.1898208711561558,3.6825139647678644,8.256404026287795,14.16844447637589,7.016331526670924,12.132110879304365,14.12140369801676,4.319843238297541,4.999723006091969,2.7282554278129227,1.7388424206423103,3.87,0
2023-12-03,Bournemouth,Aston Villa,T Bramall,2,2,D,1,1,D,15,11,7,3,7,7,5,3,0,0,16,12,8,1.103300520563586,1.4187845549135298,1.0688334031017894,1.4317021723941297,5.664081452050705,6.106915390442851,6.290707981298156,5.158311547170616,12.403789070223242,13.268028900166318,13.579231179617084,11.743419073337005,4.198414534562111,3.9712735631579874,1.3466467813369802,1.1192214731145618,4.06,0
2023-12-03,Chelsea,Brighton,C Pawson,3,2,H,2,1,H,8,18,5,9,5,8,3,5,1,0,16,12,9,1.44605598771957,1.8227186586315967,1.9138682460627896,2.0618721414895256,5.522290366179296,4.127943609188611,3.2824792882806277,4.103186318179117,15.354814119070953,11.681164892939131,10.621544617196877,13.958081508716528,5.512030638632337,5.879581074341692,1.8474571418527637,1.9696247120114243,3.87,0
2023-12-03,Liverpool,Fulham,S Attwell,4,3,H,2,2,D,26,9,12,5,3,4,0,0,0,0,6,7,0,2.6016651393409727,0.4372440636900278,0.8834520319393454,1.7637432395399484,7.7249694255615005,4.188161845699031,3.5743684819407537,4.715704582383316,19.252564649163833,9.998778118568584,9.185453626715129,13.770236089650675,3.6146222990436443,4.164110268782982,2.7368600892000456,0.8044116152296751,3.99,0
2023-12-03,West Ham,Crystal Palace,M Oliver,1,1,D,1,0,H,9,9,3,2,2,3,2,0,0,0,17,7,2,1.757949447002406,1.4612593219990018,1.0803421253862993,1.516862828689405,5.906699247214968,4.684459676280638,4.469656026368133,6.686922693385369,12.762043129058462,13.65238814841688,11.705401958268125,12.252068841125707,3.8894732229514624,5.1563305092983684,1.851791076971255,1.0899757089272186,3.43,0
2023-12-05,Luton,Arsenal,S Barrott,3,4,A,1,2,A,6,23,4,9,3,8,2,1,0,0,14,7,3,1.0858626584524078,1.2374899203302905,1.43430570529794,0.7758503386399368,5.775165306583235,5.370807663774474,7.410243096500779,2.5432362421382573,12.276647421217302,15.061956907396059,13.313793821842806,10.08479147449655,4.331845305293037,3.7184235142920024,1.2030075187969924,1.2414523823101133,3.95,0
2023-12-05,Wolves,Burnley,J Gillett,1,0,H,1,0,H,7,12,4,3,6,8,2,4,0,0,11,15,6,1.509892264220072,1.4325834115628846,0.8526751099642137,1.9000580596997558,5.5475388876456195,5.794910094545806,4.460576820467139,6.5637603788387455,11.322063980101888,14.325573610426996,8.91483777139202,17.396563033578154,6.164397967115899,4.328780223047543,1.6795704449010036,0.870431208928283,3.81,0
2023-12-06,Brighton,Brentford,P Bankes,2,1,H,1,1,D,18,8,7,2,7,3,3,1,0,0,10,8,4,1.9081200671321537,1.3411281458152533,1.1189519738501612,1.309250019707259,7.138405739134441,3.0691880951537542,4.713468271217857,6.658372339171336,17.259268111713965,10.434277846274123,11.668018345417343,15.359847321877151,4.786899930597272,4.257679862347475,1.6194703541051467,0.957153621249513,4.09,0
2023-12-06,Crystal Palace,Bournemouth,C Pawson,0,2,A,0,1,A,16,11,3,4,3,9,1,3,0,0,10,17,4,1.1552093880767882,1.374021189326117,1.259027090278436,2.557058741360433,6.277971442989373,3.5716013244217875,3.930708762964653,7.576595667469887,12.437649436962957,10.621273241186257,12.002955358795878,17.798008006109416,3.6432415733263412,3.556280071235705,1.2217284936602044,1.5493595407488683,3.87,0
2023-12-06,Fulham,Nott'm Forest,J Smith,5,0,H,2,0,H,14,4,6,1,6,1,0,1,0,0,7,10,1,1.538162709892336,1.555695521296749,0.878706347264054,2.004485832164236,6.755817950751331,3.6265249672183058,4.022972356297409,6.986029162197905,13.629243106785463,10.673307652972147,9.785289595593968,15.199065137293543,4.208085622093279,4.856190515573121,1.7065217349933608,0.9204906778466166,4.12,0
2023-12-06,Sheffield United,Liverpool,S Hooper,0,2,A,0,1,A,6,15,1,8,2,12,2,3,0,0,12,8,5,0.9821801878054015,2.3982137336423497,1.676754703156611,1.3686321498739225,3.9579607760200797,6.28646852162155,5.227704564846431,6.170387173307868,9.966664271614606,17.7007599642595,14.641767966071212,13.759774906157025,3.807390184282074,4.008029640256422,1.1362287564999964,1.4394357742267017,3.87,0
2023-12-06,Aston Villa,Man City,J Brooks,1,0,H,0,0,D,22,2,7,2,6,0,2,2,0,0,13,13,4,3.1636663098174966,0.8904851038881715,2.2326892296041594,1.391173089722567,4.768059093474395,3.9480714919358415,6.621551613214415,3.7405764662716425,14.223117671446289,8.853111166575307,17.446041575264438,9.446482743356169,5.5872518977487005,5.140313655221551,3.39677142327776,2.5521582166041,4.49,0
2023-12-06,Man United,Chelsea,C Kavanagh,2,1,H,1,1,D,28,13,9,3,12,4,4,0,0,0,12,12,4,1.269491438703271,1.1684527995550964,1.8481984672716285,1.7443401523303543,8.204075600572542,5.194051030182962,4.235792972691771,4.306963136313739,16.220730561160913,12.330366196939027,11.849960656367402,11.814779911586305,4.120138582535516,5.955575035085693,0.989064022409521,2.1484486417294946,3.7,0
2023-12-07,Everton,Newcastle,T Robinson,3,0,H,0,0,D,21,13,6,3,5,2,3,0,0,0,18,8,3,0.8113773554202609,1.5167997533902886,1.9698350708399956,1.6149431128267302,5.322985268909513,5.361474297822344,4.8392227408730255,5.272258162706382,16.900108378252476,10.071053413266847,11.881565745887103,12.693308493000847,3.5245634391476974,4.3043033075939094,0.8092709889562406,1.7567366475460737,4.27,0
2023-12-07,Tottenham,West Ham,M Salisbury,1,2,A,1,0,H,23,11,7,5,8,4,3,3,0,0,11,12,6,1.5635299672809124,1.5926844578411492,1.5533348677178362,2.11011558154729,6.72784755917938,4.464028741353192,4.708296666581627,6.9208769507321275,16.746349449031424,13.025678070112487,11.443310320345372,16.1721567152326,5.759398638177617,3.025372317746501,1.3964292609087225,1.7073150862261333,3.97,0
2023-12-09,Crystal Palace,Liverpool,A Madley,1,2,A,0,0,D,8,14,4,2,6,5,5,2,1,0,17,17,8,0.9451707620124354,1.487835819553655,1.7355267024870913,1.1197894023333899,5.681975058896703,4.558585512150888,6.459033672083217,5.412133319188393,13.085351252358988,10.690132833997804,14.706901204091437,12.348903688407193,3.7081069133666995,4.188388277761833,0.8144856624379485,1.6262905161518038,3.43,0
2023-12-09,Brighton,Burnley,S Hooper,1,1,D,0,1,A,29,6,11,3,9,1,0,4,0,0,5,8,4,1.9248255456208627,1.2791047123631787,0.6976247059321647,1.7363915421974374,7.113241004837673,3.0566084142681764,5.104185373846869,6.461246216651136,17.393946928289303,9.991680916485716,9.475843533680731,15.506052474440791,4.643826906346513,4.632674752880488,1.7463135694038856,0.58028746916339,3.87,0
2023-12-09,Man United,Bournemouth,P Bankes,0,3,A,0,1,A,20,10,3,4,10,4,3,1,0,0,7,10,4,1.4023114645310328,1.1378249515419936,1.3944837752840864,2.0896048089358845,8.894245166658425,4.976950373091352,4.857421976481503,6.7399517502723665,18.36242054809492,12.452118060955272,11.819605864733814,17.469315552005096,4.098295156625554,3.6373961685083303,1.3260426816075543,1.6995769931197675,4.09,0
2023-12-09,Sheffield United,Brentford,S Attwell,1,0,H,1,0,H,9,10,4,4,3,4,5,1,0,0,14,13,6,0.8028063543072598,2.325488662579128,1.097321752221373,1.4348559653692758,3.600381856597504,7.329920687337705,4.4018912770687315,6.720493897806056,9.242239379488195,17.207524940622967,11.00102605279865,15.839932567318904,4.025194409177741,4.210823367650948,0.757479171315745,0.9714357476697683,3.99,0
2023-12-09,Wolves,Nott'm Forest,S Barrott,1,1,D,1,1,D,10,8,4,2,4,3,0,1,0,0,9,11,1,1.417184334624795,1.172113011483994,0.7182297585638845,2.551551295562847,5.629804762012064,6.195836592261548,3.470892252421998,6.805952397302458,10.536232087189253,13.902740926597446,8.728732371631507,14.980081988416453,6.134507348586316,4.15194125045297,1.4530469632661187,0.6136550513005132,3.95,0
2023-12-09,Aston Villa,Arsenal,J Gillett,1,0,H,1,0,H,10,12,3,5,3,3,4,2,0,0,16,11,6,2.770271394864133,0.7285782931559412,1.9007968108260296,1.1802422556856373,4.992048941609105,3.2302384130767887,7.517471908005823,2.62628441775687,15.637100016303227,7.607087659018709,15.074926875672306,9.342100151245628,5.29865988035158,3.5878007116800608,2.597847615514215,2.1609682548783486,3.81,0
2023-12-10,Tottenham,Newcastle,C Kavanagh,4,1,H,2,0,H,23,9,12,3,3,6,1,3,0,0,10,12,4,1.4610697022454755,1.666742025008371,1.611682292544614,1.8667723037989086,6.959148614704228,4.379659656151716,4.322999059055097,5.2227565476573075,17.883379829124486,12.657371992368912,12.084917966273983,14.203620034162386,5.803144456024993,4.067156624468092,1.2642861739384383,1.17115776502757,3.7,0
2023-12-10,Luton,Man City,T Robinson,1,2,A,1,0,H,4,18,2,6,6,3,2,1,0,0,16,6,3,1.5470928650191287,1.9031438768319426,1.8267448548866472,1.3200505558704652,5.106461948768115,6.004337399608629,5.41763053291135,4.151381634075494,10.764227531694683,16.974706413853678,14.637664302694763,11.728945365419014,4.010924088230018,4.932983451083457,1.8392423506556579,1.7014388110663532,4.27,0
2023-12-10,Everton,Chelsea,M Oliver,2,0,H,0,0,D,9,16,5,4,4,8,2,2,0,0,12,12,4,1.2093096064322066,1.241017383279217,1.6939801562585772,1.7908238839365804,5.264260547487497,4.750295830230413,4.192921409725805,5.705700810876052,17.645544831625315,10.603590308669519,12.059059271864879,14.757554983367147,3.4291880620101307,5.600014997421037,1.5395139926401094,1.7656324278176063,3.43,0
2023-12-10,Fulham,West Ham,P Tierney,5,0,H,3,0,H,14,9,8,5,3,6,2,1,0,0,5,10,3,2.167663048593362,1.272807916968726,1.6345468856862055,1.908275948140146,6.61838004823816,3.148917784120685,4.579515175804716,7.117081566076631,13.696661523740303,9.459833686472853,11.362708269503603,17.413585453344744,3.624727475406147,3.5662148848528448,2.8043478364034615,1.804876724151105,3.83,0
2023-12-15,Nott'm Forest,Tottenham,J Gillett,0,2,A,0,1,A,15,12,1,6,6,4,2,4,0,1,16,11,7,1.4171455976625797,1.3476590538225348,2.1433394211612598,1.8234778573398776,3.3941448853071026,5.748120957747672,4.467513124384285,8.573422162051394,12.077054820947676,12.750721854177153,11.380816366426712,14.826604551639091,3.7790476370864505,5.545229094499654,1.2180765612186915,2.1592282804297125,3.81,0
2023-12-16,Chelsea,Sheffield United,A Madley,2,0,H,0,0,D,15,6,6,1,7,6,1,3,0,0,9,14,4,1.7285918740610116,1.854951699538789,0.45266546589490825,2.808681373286633,5.427328275930298,4.831955385479373,2.931580621466097,7.1625389318507615,14.017572294663925,12.830046489386687,7.2761587235434195,16.95284477707963,6.146208258455078,4.9389590387511415,2.231638094569885,0.4122773177219039,3.43,0
2023-12-16,Man City,Crystal Palace,P Tierney,2,2,D,1,0,H,19,5,9,2,6,1,1,1,0,0,12,9,2,2.813669961003838,1.1433541186233545,1.0657344346154707,1.4228875655739717,7.336570459545235,4.064401207650641,4.202445261536519,5.8347530869359465,14.865092777694747,7.195180813019629,11.213509628719244,11.660782317795663,4.988964419191235,4.58245099305862,2.818836951875768,1.0599838059513718,3.83,0
2023-12-16,Newcastle,Fulham,S Barrott,3,0,H,0,0,D,27,6,10,4,5,1,0,2,0,1,7,12,3,2.187917685168449,0.4645900877900167,1.2683166403053705,2.1703752154308296,5.682338854713396,4.667448505397115,3.6517636130589985,4.403727730388896,16.286443286580234,9.859000800426408,9.151731481744713,15.994047394091973,5.248799214700185,3.406925129597807,2.1369892966769144,1.536274415963861,3.95,0
2023-12-16,Burnley,Everton,A Taylor,0,2,A,0,2,A,14,9,2,6,8,6,0,1,0,0,9,8,1,1.5570634842748725,1.97033354805783,1.493342279027827,1.2965642428051671,6.664284347609744,3.698593105616156,3.6709362064736646,6.050613910928623,13.366529851590528,10.479739370927025,11.434361744564804,15.064994193933574,4.640060298457705,3.840964829032733,2.1486782448144095,1.5444280123657517,3.72,0
2023-12-17,Arsenal,Brighton,T Robinson,2,0,H,0,0,D,26,6,9,1,10,1,1,3,0,0,11,9,4,2.6657765171851664,0.9961798402663721,1.929528606378596,2.232441294153939,6.263563755274623,2.355109450087519,4.140212595286786,4.266243782487788,15.963984392625333,6.909777527181532,11.963085507598715,12.874791096617606,3.5010673623935933,6.446931470430153,2.6538232581961876,1.9797498080076708,4.27,0
2023-12-17,Brentford,Aston Villa,D Coote,1,2,A,1,0,H,4,15,3,5,7,12,6,4,1,1,19,6,12,1.887299122275544,1.2466676332564972,1.2381367870764122,1.5350292737308824,4.442856352715997,4.8227991058459985,6.4196704455794436,5.493164717730692,16.655778456285077,11.68358426416941,13.110279041281556,12.335525977630878,3.600624879859213,4.703770864003432,2.0204268250287774,1.4128143154107593,4.23,0
2023-12-17,West Ham,Wolves,C Kavanagh,3,0,H,2,0,H,13,14,4,3,6,6,3,1,0,0,12,15,4,1.6201400921635767,1.3773937689209261,1.1668389928566558,2.0444119120690916,5.196388414563451,4.378193470588002,3.443777086010485,5.386715576193453,12.07803347835975,12.8064971569678,10.173582784633664,14.978850040006634,3.545931728370283,4.455180322480183,1.5678607179793114,1.3169864434972138,3.7,0
2023-12-17,Liverpool,Man United,M Oliver,0,0,D,0,0,D,34,6,8,1,12,0,2,4,0,1,13,8,7,2.8559085136955336,0.9032009208247712,1.1387061002300367,0.9197837316493516,6.8658818033658235,4.153950510545191,4.480003446123228,6.915099152977651,20.479374321224313,9.817181616728746,12.231018399133537,17.659703845175628,2.9574165065105307,3.8250112274919084,3.1579067261356255,1.1665437745578637,3.43,0
2023-12-21,Crystal Palace,Brighton,J Brooks,1,1,D,1,0,H,11,18,3,6,3,1,5,2,0,0,12,11,7,0.9551397359457426,1.580956781139903,1.5787044642498762,2.1901791492200564,5.739797900584187,4.63884286542926,3.5692636152087323,5.308747168824858,12.160739932975419,11.291928166409114,10.878885796473496,15.261197879376587,4.488452799532264,6.002033876725864,0.8763237749588538,1.319833205336084,4.49,0
2023-12-22,Aston Villa,Sheffield United,A Taylor,1,1,D,0,0,D,12,5,4,2,9,1,3,3,0,0,11,16,6,2.448403172032321,0.5961092259314008,0.36999597111389626,2.6609933219433444,4.629857441204205,3.1883767928418134,3.4919606347683616,7.132854733716091,14.612170522759694,8.405800722083313,7.0430961091309285,16.59620018351041,5.426176541676389,4.767478607390728,2.065231743674236,0.2748491262817875,3.72,0
2023-12-23,Nott'm Forest,Bournemouth,R Jones,2,3,A,0,0,D,11,18,5,7,6,6,0,3,1,0,10,10,4,1.1583347993652349,1.4667949290076292,1.6876963686008393,1.7079839722211,3.8700476038374165,5.428864713829454,4.700832514836291,7.335328605968434,12.61086713805726,12.61361884747176,11.487294458471084,17.93148998440254,4.3672844800038835,3.7036178660169154,0.8120438942534982,2.1330589584390873,3.98,0
2023-12-23,Liverpool,Arsenal,C Kavanagh,1,1,D,1,1,D,13,13,3,2,4,5,2,5,0,0,13,14,7,2.336651296672054,0.7389822162299102,1.5551966428292427,1.1474708655558288,7.7993598590771285,3.3986851470311996,6.69611160193023,2.694232852471528,22.937675218717885,9.123147093679222,14.515848052119162,9.461718564407718,3.6924332776528663,4.026383349517515,2.105271150753314,1.4406455032496528,3.7,0
2023-12-23,Tottenham,Everton,S Attwell,2,1,H,2,0,H,13,18,6,8,3,8,1,4,0,0,6,18,5,1.9226943916591641,1.5455159399576104,1.5854620639977726,1.0608247794496048,6.239301854349336,4.674267628901093,4.0944032670944885,6.405048512268729,18.813676418722547,11.992393827532794,10.991749560508719,14.871358466935959,5.475299300048588,3.3244246514637283,2.1761907826288915,1.6962853415777117,3.99,0
2023-12-23,Luton,Newcastle,D England,1,0,H,1,0,H,16,15,5,2,6,7,2,1,0,0,11,5,3,1.4226266016376188,1.925179111628737,1.5004670896044263,2.254632724220232,5.309746161626823,5.320836162476733,4.627908980841773,4.818618119019849,9.22533316957769,17.207965645871262,11.524022576862382,15.802965306967183,3.780933986238922,4.054946302688257,1.5481363996827913,1.1141051766848424,4.1,0
2023-12-23,Fulham,Burnley,R Welch,0,2,A,0,0,D,19,7,5,2,8,6,2,1,0,0,5,17,3,2.6826838598450626,1.0413656213621723,0.7526074187679194,1.6024890524978757,5.96042830738505,3.667347159212592,4.3578967376320925,6.922883040059205,13.751819377769477,9.376219369987489,8.843810061953016,17.95973786598643,3.511129532535999,4.517631708893383,3.5362318967465542,0.7201916472197188,4.5,0
2023-12-23,West Ham,Man United,S Hooper,2,0,H,0,0,D,12,11,5,3,4,4,2,3,0,0,13,15,5,1.8710242546601779,1.1269579962883258,0.9316681794501469,0.7525499640166148,5.342499928087268,4.673068023107636,3.6654556024041876,7.839628580304625,12.245664117758718,13.023498143452686,11.09810351140506,20.63067321131763,3.628489774587251,4.4022831625652135,2.045240478654584,0.7776958497038499,3.87,0
2023-12-24,Wolves,Chelsea,D Coote,2,1,H,0,0,D,14,16,6,5,10,6,3,5,0,0,11,9,8,1.3413324732839182,1.1408196689528414,1.3859830977345928,1.8288559873369525,5.333475982236515,5.6147741363034624,4.885119014899583,5.3955727196284435,10.4387351330896,12.829512981214338,12.775595500225341,13.710724539329465,5.200958537821515,5.3091025502006595,1.3020313088435385,1.1770882852096298,4.23,0
2023-12-26,Newcastle,Nott'm Forest,C Kavanagh,1,3,A,1,1,D,19,15,7,6,10,2,3,3,0,0,10,11,6,2.3355692765504332,0.38011901318384134,0.7696473093292019,2.268423570299907,5.558277025117844,4.0006385056673635,3.384963638489954,6.293921037645643,18.234366137757814,9.157363049029865,8.595752985583784,14.07131455737139,4.839925906311598,3.57677370107495,2.4246595311186296,0.7424382120039629,3.7,0
2023-12-26,Bournemouth,Fulham,T Robinson,3,0,H,1,0,H,16,8,4,3,6,5,0,2,0,0,10,10,2,1.2670631632225575,1.524930905418153,1.0376951288546135,2.3212281772813377,5.908057897678636,6.27001785579842,3.16958612439454,4.512149561092605,12.877930488290719,12.853822786707216,8.578643457107667,17.995290099792648,4.892691375790267,3.332932811392042,1.5644350208369855,1.0241829412653516,4.27,0
2023-12-26,Sheffield United,Luton,S Allison,2,3,A,0,1,A,21,12,6,4,9,4,5,0,0,0,13,13,5,0.8387903327299895,1.901132524922759,0.8887545519243936,2.1882227391213793,3.490823925877639,6.72227537634596,3.9967424962711355,6.603141831846613,9.198035436840769,15.892292793899639,8.894630305285977,20.12491549928505,4.385557754150627,3.190300922012775,0.8383203961318407,0.8639175257731959,4.75,0
2023-12-26,Burnley,Liverpool,P Tierney,0,2,A,0,1,A,9,19,0,10,4,4,2,1,0,0,7,10,3,1.2739383381112181,1.975727880804767,1.7836128417153811,1.0980094724393488,6.90716120724671,4.117064266191804,6.19375435294465,5.519018359481732,13.481715475150551,10.210674281475688,14.578373484884066,11.558192526948769,3.978178098757092,4.881409817869412,1.432452159418544,1.7508603441014998,3.83,0
2023-12-26,Man United,Aston Villa,C Pawson,3,2,H,0,2,A,13,10,7,4,3,6,1,3,0,0,10,10,4,1.1473452922974259,1.4764028325215601,1.3766576164912143,1.4377510517335246,9.09529185594025,4.7993227180449765,7.434277615441308,5.76713525410881,18.660162793766627,12.006277624162049,13.453865278448344,10.819973116639982,4.08042327832475,6.030360328325103,0.8840284544039808,1.6085428769409738,3.87,0
2023-12-27,Brentford,Wolves,A Madley,1,4,A,1,3,A,14,11,4,5,8,2,1,1,0,0,5,14,2,1.725959076591962,1.383648134435866,0.954686073090667,2.218155508391507,4.907828832136711,6.127849331944899,3.90854571141262,5.498222032486129,14.354543367646908,12.286617280760739,10.869296237348678,14.619058486641888,5.127906414998865,4.37242011732302,1.680284548218775,0.8779909623304277,3.43,0
2023-12-27,Chelsea,Crystal Palace,M Salisbury,2,1,H,1,1,D,9,13,4,5,4,3,3,2,0,0,13,16,5,1.777938893417302,1.5176871570515784,1.2356012017929192,1.5278172848808245,5.713269095646963,5.04432750957236,3.6201814558314993,5.864798033413975,14.196195830063425,11.588217656332908,10.08377860516164,12.995187895266028,5.755987884226413,4.112913617564631,2.154425396379739,1.3733225373016626,3.97,0
2023-12-27,Everton,Man City,J Brooks,1,3,A,1,0,H,7,23,2,9,8,4,4,2,0,0,13,5,6,1.3530717506982697,1.0153774595580722,1.8582458461333404,1.2618594426866188,5.034394586428232,5.341152179917916,4.978060566864152,4.487494659321382,16.07362480647546,11.584757444219543,15.248999148190752,10.323680083727414,3.532972234482254,4.5815312922875675,1.693009328427106,1.8009592073778062,4.49,0
2023-12-28,Brighton,Tottenham,J Gillett,4,2,H,2,0,H,15,19,9,3,7,6,3,2,0,0,18,6,5,1.7566751487119525,1.2283583111794731,2.117277662081304,1.4919358417476638,7.456288702222606,2.682678949643322,4.382510587638214,8.1055263951015,19.50414213190891,9.265919464913575,11.49339540821232,14.858131052612324,4.526767261578457,5.809733363796408,1.4975423796019964,2.106152186953015,3.81,0
2023-12-28,Arsenal,West Ham,M Oliver,0,2,A,0,1,A,30,6,8,3,10,3,2,0,0,0,8,8,2,2.5447260270171403,0.8150559122708578,1.3373560166668559,2.470408589171435,6.9429170025442195,2.1087254774927082,4.837785601100084,6.368519956030069,17.788717733691467,6.744363138469246,10.933124187210241,16.792932453889524,3.591782548021392,3.4632665417036272,2.4358821721302713,1.2032511494326334,3.43,0
2023-12-30,Nott'm Forest,Man United,T Robinson,2,1,H,0,0,D,8,10,2,5,4,5,2,4,0,0,9,11,6,1.3119222149860963,1.7465748275859747,0.7622736650968769,0.9793594630273963,4.258722202330208,5.533085718222482,3.7262819642037237,7.141513056984404,12.316915433203361,13.596527918848137,11.080266477751493,19.061457121920046,4.300262255443685,4.510959143597209,1.2080339093681933,0.5184638998019476,4.27,0
2023-12-30,Man City,Sheffield United,D Coote,2,0,H,1,0,H,18,4,4,2,12,2,1,1,0,0,5,6,2,2.66572964796498,1.2991082522747397,0.4849593681444167,2.357894570220698,7.0935571228605845,3.507236146060821,3.0372266224385838,7.473572177921928,15.61689571767275,6.796056165165649,6.670271081994485,15.757483663771795,4.445515167001042,4.992389623368955,2.5458913012495348,0.5165689205191891,4.23,0
2023-12-30,Wolves,Everton,T Bramall,3,0,H,1,0,H,12,10,6,0,5,2,2,3,0,0,9,14,5,1.4610904174418795,1.1152160474491715,1.4790142275355502,1.2315842127831036,6.181936396730272,5.684815326435883,4.804513021213925,5.785947686666312,11.08623898254991,13.405966187040804,12.265979169127911,14.531110870549677,5.709876068331381,3.629075254208502,1.5346875392295813,1.4641902277179204,4.06,0
2023-12-30,Aston Villa,Burnley,S Attwell,3,2,H,2,1,H,19,9,7,5,6,2,4,1,0,1,9,14,6,2.185056674506826,0.6695440421397798,0.9794242508698308,1.3111040500261182,5.424430222297436,2.7904893987867916,4.6564849011007405,7.118738186492498,14.137229586844127,7.786563130817924,8.508544995010949,18.148891597812764,5.530508264269522,4.241676551160595,1.710154495781976,1.1467944337378675,3.99,0
2023-12-30,Crystal Palace,Brentford,R Jones,3,1,H,2,1,H,13,9,6,4,7,4,0,1,0,0,14,10,1,0.9632961620326733,1.4753280884657438,0.8977891582083198,1.3557834976846312,5.241651945798574,3.9772339003564823,4.328812976322019,6.043974183386677,11.94969593515115,12.51157975005406,10.819003483223936,14.596186614713226,4.945098553549145,4.536160083046821,0.917549183306001,0.647623829208888,3.98,0
2023-12-30,Luton,Chelsea,P Tierney,2,3,A,0,2,A,15,12,6,8,7,2,2,2,0,0,14,21,4,1.3306778426294468,1.5063275071703377,1.3158042284424054,1.859973135640372,5.459921241929652,5.68616345241399,5.087825007438943,6.2327427982435655,10.699263597377126,16.727589587469197,13.3618519017697,13.76332017075215,3.6110300790458205,5.798357498193227,1.3605445725314276,1.118058856806279,3.83,0
2023-12-31,Fulham,Arsenal,J Smith,2,1,H,1,1,D,15,13,4,3,5,4,4,1,0,0,11,10,5,2.194884057460494,1.2156767533811321,1.4542516199584063,1.120657933437841,6.331289251344429,4.0914998563677525,6.387727128321306,2.9316454814448414,14.706110529523162,8.944144850715126,14.24023882741255,10.105043600775366,3.41818944045285,4.567041879551846,2.3574879249251497,1.2937636688327512,4.12,0
2023-12-31,Tottenham,Bournemouth,S Hooper,3,1,H,1,0,H,12,24,6,4,4,13,3,3,0,0,9,18,6,1.9367499816970342,1.4463310479978742,1.927166080672173,1.7612711783365556,5.65033683808679,5.278947312394989,4.937905137482995,7.091657286968165,17.75664247114501,13.08468779276341,12.675735672470081,16.666628811214697,5.3888810924935155,3.7577018010071317,2.117460521752454,2.4220426965507986,3.87,0
2024-01-01,Liverpool,Newcastle,A Taylor,4,2,H,0,0,D,34,5,15,3,7,3,3,5,0,0,16,15,8,2.093623357912719,0.7864400791198889,1.2276544084880516,2.026517279581524,7.1085659343973,3.6898338175862215,5.059199020638138,5.0334152049442515,21.130821979972794,9.828030688257769,12.15601959090963,15.838789860035783,4.29381011007157,3.863137544426145,1.736847433834663,0.742736784455675,3.72,0
2024-01-02,West Ham,Brighton,S Barrott,0,0,D,0,0,D,6,22,2,8,2,0,1,0,0,0,4,6,1,1.8944744316943278,0.9220561796453435,1.4734852844625703,1.9737825571474303,5.098408599915196,4.550691802242904,3.1021239490234302,4.888974213116113,12.200997835449577,12.655588738725344,12.173636125794035,14.486433256883858,3.8778557116115793,6.183482584025073,2.03016031910302,1.213222136890468,3.95,0
2024-01-12,Burnley,Luton,T Harrington,1,1,D,1,0,H,13,14,7,5,2,8,1,0,0,0,7,12,1,1.0422979940486528,1.9801412828300542,1.348087679938559,2.1472720578053712,6.378551774477461,4.095778458168862,3.9974512150885806,7.124614292941895,12.666804671701785,11.808838315486556,9.570250080719262,20.315303263699885,3.8003158706005062,3.584028112289922,0.9549681045941126,1.594961139220698,3.69,0
2024-01-13,Chelsea,Fulham,A Taylor,1,0,H,1,0,H,17,14,3,4,6,4,5,1,0,0,13,9,6,1.8183136985542636,1.423562083059474,0.8490109127595754,2.4446493302922763,5.401765172477222,4.6726310603142585,3.5024104748656746,4.7826855652866005,13.2514315833169,11.84490572701103,8.473428655508478,17.632486287870435,5.618535342530742,3.090565495952808,2.1029502642530775,0.6827886263055429,3.72,0
2024-01-13,Newcastle,Man City,C Kavanagh,2,3,A,2,1,H,12,27,5,11,3,13,1,2,0,0,7,7,3,2.0927381472389404,0.8564617008005048,2.0658378111833535,1.2142485659579279,6.36586419039411,3.6368855231713497,4.800231115291191,5.126132919099762,18.373572496178692,10.21966221528922,16.658274071765344,9.71937373858129,5.0508487743360515,4.839435067280416,1.9497730207449973,2.2006394715858404,3.7,0
2024-01-14,Everton,Aston Villa,D Coote,0,0,D,0,0,D,10,16,2,5,4,5,1,4,0,0,13,14,5,1.288876793944329,1.3762184441585135,1.4899927594844056,1.7217967265135514,5.573596351783244,5.097305975796479,7.1734994894249775,5.264019024564791,14.423872451886904,13.66025909722579,12.82588886361076,11.216342215053977,3.98152338705952,5.661203370245122,1.462006218951036,1.7390285846275235,4.23,0
2024-01-14,Man United,Tottenham,J Brooks,2,2,D,2,1,H,9,16,2,6,8,13,2,1,0,0,8,5,3,1.4841920907335546,1.5716024554205579,2.095954419905675,1.9479481674483108,7.98705536768855,5.017627994629993,4.676599997711855,7.904521304823036,17.631040795058126,11.641499345909066,12.85823458377852,14.883925444047684,4.065800842902326,5.662508902569105,1.5893523029371097,2.070768124635287,4.49,0
2024-01-20,Arsenal,Crystal Palace,P Tierney,5,0,H,2,0,H,21,12,6,5,6,7,0,0,0,0,8,12,0,2.082047897339764,1.0305006039437863,1.1927645575970545,1.6136688119913514,7.498751079971141,2.270775625416154,3.5074210277939635,5.525743354377513,20.008954089178737,6.60902418997292,10.614001445013104,12.26878904389022,3.3023671200529394,4.2742022843719445,1.6239214480855553,1.2488816915342438,3.83,0
2024-01-20,Brentford,Nott'm Forest,D England,3,2,H,1,1,D,11,12,5,3,6,4,1,3,0,0,10,14,4,1.5939578601701172,1.8593796735514592,1.1763736473644917,2.0371142908376676,5.470078645802076,5.377282047104562,3.132402152877724,6.969760303396328,14.290076709246005,12.05267152320223,9.763629235354639,14.970107914042378,4.559158857530673,4.018672402977638,1.4535230313456677,1.4949646947483455,4.1,0
2024-01-21,Sheffield United,West Ham,M Salisbury,2,2,D,1,1,D,21,16,6,5,4,1,3,1,1,1,11,10,6,1.0505481222649988,2.101521614053694,1.4578369154337547,2.021242740493979,4.495475351453521,6.225842189085417,4.503642280507846,7.028790011378313,11.350237574410464,15.182495638837217,10.036191217541957,19.19422094069762,4.4976072275966095,3.197217694186434,1.2255499599130328,1.4688340996221785,3.97,0
2024-01-21,Bournemouth,Liverpool,A Madley,0,4,A,0,0,D,11,14,1,7,8,5,1,2,0,0,9,12,3,1.5832901974329632,1.2466608800126613,1.822956018394674,0.8983710973519632,5.924835530722793,6.038264469633329,5.794889347354326,5.242832803139375,13.447647030367637,11.968095187265325,15.38230674309173,11.093065939191616,4.3648318512889395,4.539334810011362,2.0429622955797404,1.8339068960677987,3.43,0
2024-01-22,Brighton,Wolves,C Pawson,0,0,D,0,0,D,11,8,4,3,8,2,1,4,0,0,10,13,5,2.1645529852385725,1.3686570032878196,1.5083803164094527,1.996672367851058,7.37332699982483,3.285829105229041,3.56153689758159,5.953091412760514,18.68520601255171,11.035754853197755,10.893060592254967,14.50650223511641,4.612809702293238,3.941070380243995,2.331694919735992,1.918660641555275,3.87,0
2024-01-30,Aston Villa,Newcastle,J Brooks,1,3,A,0,2,A,12,14,6,5,8,7,4,1,0,0,14,12,5,2.3332284028693557,0.911445475797236,1.3680810830893202,2.385332839425558,5.529079424380066,2.6467638453569085,4.6847986563603685,5.390976594723769,15.021370942700305,8.007188335713883,10.854923235111471,19.140832850528547,5.615870521691546,4.615295444080691,2.1401029971886683,1.161824522971117,4.49,0
2024-01-30,Crystal Palace,Sheffield United,T Harrington,3,2,H,2,2,D,12,9,4,5,11,1,1,4,0,0,8,18,5,1.333606487172877,1.3889046744637887,0.39652234707311557,2.292629041339345,5.561352055123659,3.981373197196802,2.848078337675479,8.299009975340939,12.140660587203076,11.873109779723922,6.183321379696727,16.1664281599645,4.227806868405098,4.446698496320521,1.611699455538439,0.3443779333575787,3.69,0
2024-01-30,Nott'm Forest,Arsenal,S Hooper,1,2,A,0,0,D,9,19,3,3,2,11,0,1,0,0,6,7,1,1.4373998396473189,1.6104297026631333,1.371660296690639,1.2805385407739949,4.211541711835433,5.4358723927522705,5.953594294302003,3.3077104841188616,11.529684241876954,12.940666343146031,14.01474053214297,10.995036962575607,4.6102258371478095,4.645761651845916,1.4720246713508365,1.1958424458883448,3.87,0
2024-01-30,Fulham,Everton,T Bramall,0,0,D,0,0,D,25,21,6,4,15,6,1,2,0,0,6,13,3,2.159448268480795,1.1764602262817325,1.2101021602649904,1.5531148216716912,6.089220784604168,4.074862427713139,4.294600824170025,5.643047900272694,14.759548483324405,9.681621425634136,11.853982359754715,14.07090822745229,3.705810223416768,3.8783346599665154,2.2383252828629394,0.9761268184778368,4.06,0
2024-01-30,Luton,Brighton,R Jones,4,0,H,3,0,H,18,9,8,2,7,4,2,2,0,0,13,14,4,1.471273088150065,1.8200826227663658,1.2055784810251067,1.6149124814555254,5.7834242796336826,4.911862094070707,2.538100595812413,4.363705413481311,11.60265979274836,15.734530249075037,13.960250327314256,12.943443156873197,3.692735608938225,5.241029839906612,1.577457992244722,0.8088147579263351,3.98,0
2024-01-31,Man City,Burnley,S Barrott,3,1,H,2,0,H,14,8,4,3,7,3,2,2,0,0,3,13,4,2.544687679488439,1.0629063336729032,1.1649956483213955,1.6181961809669714,7.985639225380826,3.2331927252279336,4.173455967847722,6.91531790257258,16.050188172499606,6.287681416891823,8.59790631105056,18.303648729472286,4.000875258506814,4.5613926916343255,2.363927534165922,1.4311962901621582,3.95,0
2024-01-31,Tottenham,Brentford,D Coote,3,2,H,0,1,A,19,9,5,5,5,3,2,3,0,0,13,15,5,2.130068446877545,1.3651798308090193,0.9163744373661933,1.6547559173991198,5.350275160139199,6.682777107317545,4.269024006301293,6.217810993380927,16.70997868750274,15.069292887092034,10.488249064883817,14.305947601879648,5.4999937820851,3.8931703459668574,2.4116403478354376,0.7650825534276471,4.23,0
2024-01-31,Liverpool,Chelsea,P Tierney,4,1,H,2,0,H,28,4,13,3,8,1,2,4,0,0,15,16,6,2.4402377949314977,1.0070876570842622,1.622022085029591,1.8854326024036534,7.088826645004132,3.5644093054303405,4.52640146555474,6.372244309730944,23.470675918501037,8.950205655169038,13.114242106405218,13.988171374508978,4.967663793452683,5.47138293396847,2.4912316225576427,1.7453725712051844,3.83,0
2024-02-01,West Ham,Bournemouth,T Robinson,1,1,D,0,1,A,9,9,3,4,1,5,1,3,0,0,13,11,4,1.5500240360635695,0.7544093586805574,1.7580883978825026,1.9871653338041435,4.535060765702391,3.7232920942012755,6.40810594206447,6.52786374344098,11.073542050355764,14.35457506550513,14.740824561839702,15.81562401036211,3.35460846063322,4.166606517769754,1.3534402127342695,1.9480247562942776,4.27,0
2024-02-01,Wolves,Man United,J Gillett,3,4,A,0,2,A,16,21,7,8,4,5,2,5,0,0,10,10,7,1.7408925650369955,0.9124491996463833,0.8054966976906696,1.1649307385618908,5.967038558758382,5.014847932955689,3.9578673970879663,6.570328037406337,11.252377590021721,12.786698710529153,10.883854106371341,17.05028018643064,5.580807505306824,4.78169423693895,2.0231250261538314,0.6789759332015539,3.81,0
2024-02-03,Sheffield United,Aston Villa,P Tierney,0,5,A,0,4,A,10,14,5,10,3,4,1,0,0,0,10,7,1,1.2235961350797708,2.083018186990439,1.2190846639550759,1.408742405209447,4.405169537142768,5.273375163308221,6.778317295708919,5.03419711135215,13.109012559264405,15.331494770319386,13.403000663305143,10.995188822935331,4.771434779922802,5.540984433172794,1.4837013195592335,1.1593523897510674,3.83,0
2024-02-03,Everton,Tottenham,M Oliver,2,2,D,1,2,A,14,9,5,6,9,5,3,0,0,0,8,14,3,1.0545352809424595,1.125996612296503,2.0785081410638484,1.9574121482197806,5.287487585092984,5.079613959228714,6.189947246277662,7.9218810881571295,13.619531052791743,14.085667038283152,13.429465336472242,13.814119549933736,4.166701172519595,5.178415801086868,0.9746708126335071,2.0471787497568332,3.43,0
2024-02-03,Brighton,Crystal Palace,S Hooper,4,1,H,3,0,H,13,7,6,5,3,2,1,3,0,0,8,14,4,1.7709974305751914,1.1198099804862547,0.9758980173694921,2.2293661213477036,7.487267680352602,3.0520417181048773,4.142436138990565,5.611971937597056,17.2878941723711,10.48379877117068,10.866001480951422,13.856283826484347,4.683208021675321,3.4970736752591076,1.5544632798231701,0.832587794355721,3.87,0
2024-02-03,Burnley,Fulham,D Bond,2,2,D,0,2,A,12,15,4,7,2,13,2,2,0,0,11,7,4,1.0346070369882316,1.8019242139373477,0.694637008731121,2.1819717207142886,5.582408731722232,4.80567501255525,3.592886152438506,5.004027339453071,12.72738889136305,12.207252727495055,9.478313730033474,17.51748261001939,3.291140208709033,3.6195819740154924,0.9699787364313875,0.4551924170016103,4.22,0
2024-02-03,Newcastle,Luton,T Bramall,4,4,D,2,2,D,19,11,6,8,8,2,2,2,0,0,13,16,4,2.0758766459386835,1.246196398928339,1.2749697168101246,1.906280489141686,5.753888157741731,5.339271991155588,4.838211263035608,6.0481574675095455,17.214739759799908,13.270636337584898,10.500746360631624,18.778678714382494,4.677966737066088,3.041237076793917,1.9665153471633492,1.3931408875484705,4.06,0
2024-02-04,Arsenal,Liverpool,A Taylor,3,1,H,1,1,D,15,10,7,1,2,4,6,2,0,1,11,11,9,2.6125852720656852,0.8431366357102501,2.2187826659982326,0.7350307042439914,7.226250560647807,3.1306356217108564,5.650363840181507,5.744136523981564,20.189144468342473,7.589202771675892,15.130977946475351,11.076144839283874,2.7019360229637175,4.259455421935352,2.7492809653915646,2.555937930712632,3.72,0
2024-02-04,Man United,West Ham,A Madley,3,0,H,1,0,H,12,22,5,3,5,8,0,1,0,0,10,5,1,1.5779754581149452,1.6494930103864878,1.5564121385489147,2.017380419462943,7.989408939989154,6.468970079359136,3.8666156563268905,6.478100265728349,16.061758790604454,12.433954949499851,11.120521372217254,19.52254479515154,3.872018641796774,3.7068150810314555,1.7262348686248852,1.6458893997483068,3.43,0
2024-02-04,Bournemouth,Nott'm Forest,R Welch,1,1,D,1,1,D,9,8,2,6,11,6,3,2,1,0,19,12,6,1.2945619497694056,1.7487588407190244,1.326488578903164,2.212610766694647,6.303261798882299,5.848926923418111,3.290531371311676,6.793010857379408,13.001294972404567,12.338632639560057,10.171232322792996,14.246512225523464,4.115941591362506,4.01526915284403,1.3619695365568762,1.6633106744391826,4.5,0
2024-02-04,Chelsea,Wolves,T Robinson,2,4,A,1,2,A,15,14,6,7,10,1,3,2,0,0,15,11,5,1.6695292133883022,1.1647323066497828,1.2341290247496093,1.6336405979800794,5.510535270030981,4.550334358948632,3.2776207615266792,6.325257051527489,13.932990285035977,12.236741513772595,10.367048952057496,13.868955618572151,5.6878926351812815,4.133603266569541,1.7353001761683284,1.2791070943695049,4.27,0
2024-02-05,Brentford,Man City,J Gillett,1,3,A,1,1,D,9,25,3,15,8,13,1,0,0,0,2,4,1,1.8496156038951703,1.8849483776203602,2.235685683179322,1.3571126323775777,5.566433153201376,5.126853691750734,6.29109995220138,4.73956283928619,13.691848843707103,12.043094368720874,18.53859010543105,10.134033550289981,4.457488155173583,4.504991931396159,1.9690153554431373,2.4670929810575095,3.81,0
2024-02-10,Man City,Everton,J Brooks,2,0,H,0,0,D,19,5,3,1,9,0,0,2,0,0,6,11,2,2.6274718576815976,1.0514688018916307,0.9900833249071886,1.270729973960721,7.806431833899705,3.190793986496401,4.6046737690890716,7.34431393472876,15.677426146620263,6.599012519349624,13.516896628850823,16.0580181775642,4.000716120365962,3.7186372597917194,2.5759516894442855,0.6507512123182126,4.49,0
2024-02-10,Fulham,Bournemouth,D England,3,1,H,2,0,H,7,25,6,4,1,14,1,2,0,0,11,11,3,1.7668002415322082,0.9625468886133156,1.619918477038851,1.8072436301976789,7.7094493997407145,4.424906223805007,6.151463198160245,5.5203499785566486,16.621548671879097,11.739618868938688,13.694496353279487,14.573401820123841,3.5774742055228526,4.136240653529406,1.4922168534867453,1.632014856174519,4.1,0
2024-02-10,Liverpool,Burnley,T Robinson,3,1,H,1,1,D,25,9,10,4,9,3,3,2,0,0,11,13,5,2.7238312592379654,1.005798990632536,1.1349948297261547,1.8694467207889056,7.254494724078837,3.098152515476392,3.960088888297073,6.930715473775402,24.29419036388573,8.050167196603361,8.489190239097942,17.52112515297749,5.155361508009687,4.459315815827224,2.9941544150389623,1.2874641931033102,4.27,0
2024-02-10,Luton,Sheffield United,C Kavanagh,1,3,A,0,2,A,20,7,5,3,13,1,1,2,0,0,7,12,3,1.9878603822444403,1.4482624975021368,0.6887737269891164,2.4215551529092374,6.031955489745725,4.72558006829885,2.5112458015982484,8.791295016173969,12.909556417915212,14.35874991389393,6.696691935289412,15.407050954521132,3.755505882630625,4.547543760777287,2.3944168727405635,0.8962548336622104,3.7,0
2024-02-10,Tottenham,Brighton,S Barrott,2,1,H,0,1,A,16,6,6,3,9,6,2,3,0,0,14,13,5,2.28823800763355,1.48060181654984,0.9863821337766341,2.048565271515557,5.286588691906039,6.013180476024081,2.8039008025066834,4.843032270032746,17.126346692341155,13.96578378157076,13.058385562557655,13.862818217985108,5.409085713962639,5.015387783403929,2.6077602318905,0.5392098386172707,3.95,0
2024-02-10,Wolves,Brentford,S Hooper,0,2,A,0,1,A,17,9,5,6,7,4,2,3,0,0,11,9,5,1.969821460900007,1.473822737772365,1.1134101891402104,1.8993617925969768,5.609394760562752,5.012148305582356,4.038277235716527,5.9963762904045055,12.115582687625448,14.280027987584893,10.217640578485959,15.159467650707459,5.838842810162861,4.09442530015798,2.3487500174362332,1.1767217037376652,3.87,0
2024-02-10,Nott'm Forest,Newcastle,A Taylor,2,3,A,2,2,D,13,7,3,5,4,4,1,2,0,0,9,6,3,1.3576789239996123,1.6814331599069352,1.6647939650979162,2.133453842823666,3.8084639914531513,6.449995644347728,5.105744854105246,5.865345048809017,11.068621557847136,14.045046325838427,11.426756051912763,17.842498066204243,3.952222602248373,4.685241809874858,1.314682293678436,1.774549681981395,3.72,0
2024-02-11,West Ham,Arsenal,C Pawson,0,6,A,0,4,A,5,25,1,12,2,6,4,0,0,0,17,11,4,1.4500195473458533,0.7990622554789951,1.4859040145110574,1.2295314729074645,3.8923216828975318,3.955421079463496,6.871123691875761,3.069944659754072,10.696533958010239,13.381014808831942,14.921152418751095,10.632302539470759,3.4719525159567493,3.9828951113419135,1.235626808489388,1.4638949639258476,3.87,0
2024-02-11,Aston Villa,Man United,R Jones,1,2,A,0,1,A,23,17,10,5,10,8,3,2,0,0,9,7,5,2.090822951414726,1.291183112077245,1.3863161683102734,1.4985800906249434,5.978338243313566,3.4382622660954594,4.147346276731392,6.10299511309042,14.472030120226892,9.096791747880461,12.7231555396804,16.85931992620993,5.503893930488616,5.185023035516843,1.7600686647920423,1.7859839554688772,3.98,0
2024-02-12,Crystal Palace,Chelsea,M Oliver,1,3,A,1,0,H,13,14,4,5,1,7,2,2,0,0,14,7,4,1.6365874849588264,1.5000130471549267,1.5089270264396015,2.2698998576334484,6.550198307981154,3.4393047007067508,3.8852368028245317,6.668200240543932,12.115085904673471,11.35072556428583,11.457105213945502,16.535779598544007,4.3682057860035926,5.5674952417037495,2.0744663036927835,1.4969150474698596,3.43,0
2024-02-17,Man City,Chelsea,A Madley,1,1,D,0,1,A,31,9,5,6,12,1,1,3,0,0,7,12,4,2.5133859301623294,0.8602924295127897,1.780031466340849,2.039008750532013,8.02344448493739,2.6106489377330115,4.45155793329137,5.637617379269549,16.281531199577785,6.308282625806744,11.919450168837265,15.892909957235535,3.6369491218936156,5.2824958304842875,2.3839677929626535,1.9979433649802607,3.43,0
2024-02-17,Tottenham,Wolves,A Taylor,1,2,A,0,1,A,15,12,4,7,10,4,0,1,0,0,8,13,1,2.2358310463356363,1.3932195833515875,1.7370151442625255,1.700251462939965,5.96175503899629,6.0107840235140415,2.8635074942284766,6.993392780959877,16.92155618605719,12.517458053205793,11.027586146752487,14.074600250972853,5.334706421116479,4.291130098129016,2.4051734879268567,2.186071396246978,3.72,0
2024-02-17,Newcastle,Bournemouth,M Salisbury,2,2,D,0,0,D,17,12,5,7,4,2,1,3,0,0,9,22,4,2.4257175950091567,1.746888448281167,1.5069815451773554,2.02454033912492,6.162272525072175,4.732131040382068,7.581311958655034,4.69683127984496,17.539332845503644,12.857792966780258,15.754136358056353,13.193677232135071,4.5546999380675794,3.929239994541353,2.6443435647760456,1.4213425049987884,3.97,0
2024-02-17,Nott'm Forest,West Ham,T Bramall,2,0,H,1,0,H,19,10,8,3,5,3,4,4,0,1,13,15,9,1.474697167978993,1.9216500575960256,1.2734278389480245,2.19603869826026,3.843358078252443,6.003654711797463,4.618140811204022,6.209354502265594,11.420480654807896,12.761577698378188,13.098610313605446,18.154808051555474,3.7787464063769587,3.2146664072431856,1.5431223233432692,1.0972595998318164,4.06,0
2024-02-17,Burnley,Arsenal,J Gillett,0,5,A,0,2,A,8,16,0,7,4,6,2,1,0,0,11,8,3,1.2101407366661723,1.8379395743929738,2.3066495350232215,1.005980079237172,4.931033092442689,6.2956176955039735,6.712737412492824,2.8754090784301516,12.59513055916301,12.71504725240946,16.753671937792493,9.608246539266057,3.420029465711748,3.986005094113683,1.3133191581593955,2.975929975951635,3.81,0
2024-02-17,Brentford,Liverpool,M Oliver,1,4,A,0,1,A,15,15,6,8,1,6,2,1,0,0,4,18,3,1.6951332573587279,2.0876939373119967,1.9971856027520078,1.1468437028078626,6.008919278954227,6.558397687349411,5.350297396446481,5.0633837685855125,12.838747964147931,14.398998823152496,14.19807196065808,11.789573742135941,3.8288263451921916,5.121373453749946,1.6460102364555134,2.0372919538080545,3.43,0
2024-02-17,Fulham,Aston Villa,L Smith,1,2,A,0,1,A,15,12,4,3,4,4,5,2,0,0,11,6,7,1.9910282236489119,0.9693568442045027,1.9065244825743728,1.152607174069485,6.4894959496304,6.165908799642348,6.273168206645502,4.664342732458118,14.872099380538316,14.15070310950858,13.511546102506292,10.814245225122251,3.472474285647975,4.715350099250152,1.994811236446063,2.4395682598349504,4.4,0
2024-02-18,Sheffield United,Brighton,S Attwell,0,5,A,0,2,A,6,24,1,10,5,10,1,4,1,0,3,5,6,1.000681028574834,2.6144347981401617,0.9888581118545683,2.0397352135865754,4.149175334440214,5.041391298688472,3.3850103110079814,5.598845317484969,12.542611729853132,15.088922658470437,11.775041488541595,14.251397100611356,4.0843536740413215,5.012590001890202,0.9891324935571979,0.692806559078289,3.99,0
2024-02-18,Luton,Man United,D Coote,1,2,A,1,2,A,22,21,4,9,8,6,3,5,0,0,7,21,8,1.7904876858571421,1.758296810506411,1.4978951549975774,1.407929077152387,7.424158029957814,3.9812159892209573,4.847829451130424,6.811542143243704,14.326214068663875,12.88848514910488,13.500764377422996,17.975808295013547,3.60455719001024,5.1513824509833785,1.9260010050346545,1.857322636979302,4.23,0
2024-02-19,Everton,Crystal Palace,P Tierney,1,1,D,0,0,D,19,10,4,4,3,6,0,2,0,0,8,12,2,1.2264381238291107,1.2849064732467468,0.9802802002789919,2.551299866009437,5.962490496899852,5.065138679877708,3.7529019178059833,5.137067488427692,13.688707292091701,13.16099940739866,10.163091439165814,13.700595707061712,3.9545734809064914,3.5885149138826637,1.3164472084225798,0.8883918629038534,3.83,0
2024-02-20,Man City,Brentford,D England,1,0,H,0,0,D,25,6,11,2,10,1,2,4,0,0,12,6,6,2.2382245851267455,0.8856938305967758,1.2746169867412123,1.554004753389271,8.74645527968948,2.3178033923543704,4.03131736485483,6.178863120546877,18.957619031023427,6.7976862593262,9.99623950226967,15.494127853516199,3.702958436467716,4.259084080985213,1.9226451953081094,1.4511478031373621,4.1,0
2024-02-21,Liverpool,Luton,A Madley,4,1,H,0,1,A,29,12,13,3,13,4,1,4,0,0,15,14,5,2.774043806249496,1.0047446276769307,1.8316593354959347,2.3340012096506633,7.571859627449954,3.0803065862663765,4.258400185149332,6.446894495075689,24.422519513074693,8.222864237412711,10.602737637514663,18.82389188608833,5.127113933707132,3.2371003556066973,2.9961029433593094,2.2722574086659546,3.43,0
2024-02-24,Arsenal,Newcastle,P Tierney,4,1,H,2,0,H,18,3,8,2,9,0,1,0,0,0,15,6,1,2.6830243818131683,0.8716572750557902,1.9075589341259276,2.109189484235643,6.276022264547172,3.288702025586044,4.904700140223745,5.526191074693042,19.245662741021327,8.027529965508442,10.621890534722397,16.96204301857072,3.84703967465128,4.378833910955361,2.832853976927769,2.183033121321219,3.83,0
2024-02-24,Bournemouth,Man City,J Gillett,0,1,A,0,1,A,13,15,4,6,3,8,2,2,0,0,14,6,4,1.2408748053719016,1.6122893339410476,2.3746520573571055,1.2921829998920475,7.159293822699618,5.876461647721018,7.510901143734561,5.332370170625515,12.272015100619843,11.547869279967514,19.713393043651255,9.9278454321146,4.459331889793911,3.8677200531790885,1.2413123951327898,2.6447286540384654,3.81,0
2024-02-24,Man United,Fulham,M Oliver,1,2,A,0,0,D,21,17,9,5,10,9,2,5,0,0,6,11,7,1.8365256255376932,1.3495848994950006,0.9319861546843389,2.1488845006934496,7.445879514748242,6.747339425774347,5.303345582143224,4.457816570334951,15.323256476186248,14.173237554356813,10.482300765949228,16.514259909468592,3.3498329278333143,3.6887519245783347,2.1508232457502237,0.970128278808662,3.43,0
2024-02-24,Brighton,Everton,T Harrington,1,1,D,0,0,D,23,6,7,3,11,3,2,3,1,0,9,14,6,2.1762710180102975,1.0980263265469394,0.8100680003630104,1.4033246527268828,6.671400038231674,2.8607612202372685,3.767459544679892,7.645348056691187,16.50827629412552,9.850380198549342,11.968368467450345,16.592924482160836,4.558988260914681,3.4061574549994056,2.3696421865493567,0.4338341415453216,3.69,0
2024-02-24,Aston Villa,Nott'm Forest,S Barrott,4,2,H,3,1,H,16,10,6,3,7,2,1,2,0,0,7,16,3,1.8924913133805557,1.4200590348525028,1.2670087928427907,1.9916969778576565,6.709550180859008,4.267669931082877,3.7841431690446488,7.559441386134913,16.022571601929194,10.53374009622164,9.775676574775854,13.290701073459168,5.412276763376693,4.376848006759389,1.5067124431945156,1.4422063475727347,3.95,0
2024-02-24,Crystal Palace,Burnley,L Smith,3,0,H,0,0,D,15,2,6,0,12,3,3,1,0,1,8,13,5,1.5208441936390098,1.7727382121340973,1.110449237612763,2.075010887285251,5.541070364341223,4.08670447381705,3.7855196081806075,7.306965542391336,12.275979532569744,11.832412292416906,8.582068818700401,18.88098028101839,4.301259214539323,4.5576263472289735,1.716310869128269,1.1916427952519273,4.4,0
2024-02-25,Wolves,Sheffield United,D Bond,1,0,H,1,0,H,13,12,2,4,5,6,2,1,0,0,8,4,3,1.6116717570745813,1.5694914236746897,1.1098336143445475,2.162575813870425,5.862232322000924,4.8281211624797,2.2359265936012003,9.558038137388776,13.003659423771602,13.32002196801423,6.751948688404571,16.243795772759643,5.686325787691875,4.26561177982,1.565833344956935,1.5975056605012845,4.22,0
2024-02-26,West Ham,Brentford,S Hooper,4,2,H,2,1,H,17,14,6,8,1,7,1,2,0,0,5,9,3,1.1863793739944486,1.7446882169118678,1.042858268864266,1.4532721939782298,3.548262861463773,4.3271630618578225,3.4801445550894163,6.873645783281131,9.660799506746478,15.493559619399464,9.269618601238744,17.222544125924276,3.567961242518924,4.575628145217388,0.8237512056593007,0.967431867999616,3.87,0
2024-03-02,Nott'm Forest,Liverpool,P Tierney,0,1,A,0,0,D,8,22,2,2,3,12,2,2,0,0,11,12,4,1.5703623518379999,1.5716900062379862,2.361333963891234,1.1201448265692184,4.0539991701295,5.45664608603474,5.468425236268779,4.324586133595808,12.800819894425219,12.258654770588377,14.343877174400905,12.373288070316288,4.729611611285039,4.7356688834169365,1.6954152352164067,2.691527969205678,3.83,0
2024-03-02,Tottenham,Crystal Palace,J Brooks,3,1,H,0,0,D,14,4,6,1,11,1,1,2,0,0,7,16,3,2.011134314183888,1.503543382999477,0.9838656212547278,2.2692451211368945,6.695981978072041,5.645186638267708,4.161465529628637,4.748509454980269,16.572182056856228,12.423374696159776,10.133438426700119,14.664124524779067,4.546577355618356,3.299693791301146,1.9367823252843503,0.9255945752692533,4.49,0
2024-03-02,Luton,Aston Villa,M Oliver,2,3,A,0,2,A,13,12,5,8,8,6,1,4,0,0,8,19,5,1.6353392598111274,1.805735714478166,1.9235200446813534,1.1248603931336922,7.5371781021255515,4.377441214993587,5.859864568434608,4.543553048904917,15.83234228591736,14.480526093551278,13.236719320368927,11.575292151635676,4.467247458240966,5.130741319863561,1.6157398096374134,2.2930455065565645,3.43,0
2024-03-02,Newcastle,Wolves,T Robinson,3,0,H,2,0,H,14,12,7,3,3,5,0,1,0,0,8,11,1,2.3483143345054716,1.7929087669240067,1.784830610514828,1.5729329141192079,5.769131754053485,4.235379548012229,3.0701426592204872,7.540049072679784,17.441272250338873,12.701830485444495,11.20438880579854,14.242854884287814,4.453845323856251,3.692742332804166,2.4295623765172625,2.124047597497956,4.27,0
2024-03-02,Everton,West Ham,C Pawson,1,3,A,0,0,D,22,12,11,5,4,5,1,2,0,0,9,6,3,1.1852675231957652,1.233105255194132,1.0418953208978403,2.160395270297373,5.423855433751244,5.235113600211194,4.3239331575631725,5.989471691036814,14.654397641518546,12.586271786432912,12.535226173238287,18.30847943683064,3.5991962024246247,4.266546076842569,1.2109648056150035,0.7315063998877052,3.87,0
2024-03-02,Fulham,Brighton,S Hooper,3,0,H,2,0,H,12,15,5,5,2,6,1,2,0,0,16,10,3,1.810834801276631,1.1567532402461465,1.7181572155918379,1.6688739714234802,6.036844062992757,5.7720930536923545,4.587736663239738,5.489964264284186,14.895354873968644,13.759652133803623,13.997762981386643,12.751141892028222,4.11386563637554,5.192119234892639,1.663207490617333,2.1285377060528696,3.87,0
2024-03-02,Brentford,Chelsea,J Gillett,2,2,D,0,1,A,14,17,5,6,0,6,3,1,0,0,10,9,4,1.5687408523199837,2.435398438390956,1.6382074508477766,1.8500979187367992,5.098173968454361,6.4568671880889745,3.824001447522051,6.794415137196197,13.231716995358095,14.508275689665115,11.38864062609056,18.639655780620103,3.678125232823671,5.049314585392151,1.4306734907451966,1.6652955766533504,3.81,0
2024-03-03,Burnley,Bournemouth,D Coote,0,2,A,0,1,A,20,10,6,3,7,2,2,4,0,0,8,13,6,0.9901072444926521,2.412880303871063,1.5967672806645108,2.0200711912139604,4.7617482675853395,6.241867092851572,6.564874958601213,4.569928304186893,11.759622263895356,13.312332843066125,15.070454255023483,13.886863229274264,3.343657728643426,3.942126406948502,0.8755461049818823,1.614228783741538,4.23,0
2024-03-03,Man City,Man United,A Madley,3,1,H,0,1,A,27,3,8,1,15,2,0,1,0,0,5,10,1,2.013092663758611,0.7246584609059497,1.5891870174282317,1.33376009518871,8.974372682391914,2.0782025854653545,5.057315171674596,7.027625561365476,20.05623462428812,6.6526522789253955,14.864262845134572,18.70748009460439,4.120602688465468,5.669313325363047,1.6150967968719279,1.9048817579862238,3.43,0
2024-03-04,Sheffield United,Arsenal,S Barrott,0,6,A,0,5,A,4,22,0,10,0,7,1,0,0,0,11,4,1,0.8184426533988868,3.048880454497187,2.796350008088787,0.8230744651691472,4.304122715457379,5.94442509972625,6.583148689224954,3.0798803173050167,11.351108246716635,16.71175771721074,16.616640567656113,9.315837845586664,4.433220359714054,3.806731298404111,0.6594208981593279,3.6506199839680744,3.95,0
2024-03-09,Man United,Everton,S Hooper,2,0,H,2,0,H,15,23,8,6,5,8,1,2,0,0,13,11,3,1.6844299365866424,1.4678422843203471,0.8446011186043918,1.329992839504773,7.910265425961256,7.1569144005869765,3.6279213349387147,8.255285257575592,16.35539248122243,14.687194770425007,10.883209703321505,17.75784822782707,4.013500194775415,3.877765564624059,1.767215497166635,0.6225560943636368,3.87,0
2024-03-09,Bournemouth,Sheffield United,A Taylor,2,2,D,0,1,A,32,13,12,9,10,3,3,5,0,0,12,11,8,1.0148118655925626,1.5007422816300273,0.9077169869494536,1.9508540750858505,6.401552441461956,6.263328494055675,2.9214183757348633,8.727953984268837,12.404639605329262,12.176779477591532,7.707694142305347,15.653054013747555,4.375650669986979,4.03512571305963,0.8275401581808299,1.065002539421127,3.72,0
2024-03-09,Crystal Palace,Luton,S Singh,1,1,D,1,0,H,21,8,4,2,8,6,2,3,0,0,20,11,5,1.7897818263502803,1.4504219178411613,1.665495322369347,2.666864718846298,6.715422138909325,3.8891216854533885,4.206772301081317,7.756192981445508,12.771256374142006,10.044699548166317,10.881908100265315,20.85705966290319,4.4283030945095625,3.5893244780920726,2.1442072460857142,1.844877641771516,5.0,0
2024-03-09,Wolves,Fulham,T Harrington,2,1,H,0,0,D,8,23,3,6,3,4,2,2,0,0,7,11,4,1.5004586220981606,1.2841291202388203,1.126177465623821,1.9399889060471338,5.705462684530104,5.041190211076079,5.975488710851136,5.465522482008444,13.002994073467065,13.080017783412478,11.66737955881403,17.32987831416879,5.197902529691443,4.290818655671995,1.3772222299712014,1.3134188528980364,3.69,0
2024-03-09,Arsenal,Brentford,R Jones,2,1,H,1,1,D,17,9,6,4,10,4,2,4,0,0,9,10,6,2.922474684188677,0.894992334468582,1.216890289459653,1.9163302464805638,6.771291336662827,2.690755728346537,4.120141261276908,5.805671824280247,19.01917842659938,7.113432882906155,10.129718841603783,17.18208010409098,3.329395686747468,4.2891400098669745,3.2219026512853626,1.3116212456929452,3.98,0
2024-03-10,Aston Villa,Tottenham,C Kavanagh,0,4,A,0,0,D,10,9,1,5,6,4,0,2,1,0,11,15,3,2.2756750149625287,1.525502930355823,2.0642339197559663,1.9651554015066433,6.76235928078295,3.855365980131059,5.9735929917009525,8.117902898574757,16.01846767104968,10.436696365369462,12.624107221611572,13.84791602817281,4.973680640238732,4.782339816813949,2.3378082954634025,2.0314524998378776,3.7,0
2024-03-10,Brighton,Nott'm Forest,M Salisbury,1,0,H,1,0,H,10,9,3,4,6,3,4,4,0,0,14,14,8,1.9624033905094245,1.0802033439432515,1.400497010162978,2.357437777538256,7.458418837512894,2.8860773820979455,3.459225095329367,7.4575590816801105,17.688590631645305,9.150310516110835,9.816529089572676,13.78410328669181,4.820990603164336,4.126104226822416,1.913094791032689,1.6281379960045876,3.97,0
2024-03-10,West Ham,Burnley,D England,2,2,D,0,2,A,22,11,4,4,4,4,2,4,0,0,11,18,6,1.6979471664145969,1.7911085779392428,0.9085421236464297,2.243196767262992,3.0849419736026458,4.813133799812501,3.6426927308416013,8.160275185898657,10.995200655131848,15.222003109512492,7.385286044578646,18.175322155136612,3.46469548013073,4.638060809697298,1.8825008037733664,0.7944285297526432,4.1,0
2024-03-10,Liverpool,Man City,M Oliver,1,1,D,0,1,A,19,10,6,6,7,4,0,3,0,0,6,10,3,2.996945109234014,1.0038819674148793,2.1247151213579016,1.0572404498738224,8.558795023667308,3.247523703250268,7.5998282790641545,4.908302530423638,25.25478935283171,8.909616739110557,18.856411810338248,10.48641943307997,5.104002291060156,3.891770971682874,3.3307352955730303,2.0964857693587184,3.43,0
2024-03-11,Chelsea,Newcastle,J Brooks,3,2,H,1,1,D,12,11,8,3,0,4,3,1,0,0,12,7,4,1.7296148692191902,1.6802360235070564,1.7425480879120545,2.452973487130021,6.326802376105889,3.90481839500045,4.012935770846356,6.157793198584062,14.126992239516975,12.557334276693087,9.236091156200118,17.150762619468264,5.562821125684526,3.7644999851923506,1.823533450778948,1.7886887475472935,4.49,0
2024-03-13,Bournemouth,Luton,S Allison,4,3,H,0,3,A,24,8,10,4,11,3,1,2,0,0,16,11,3,1.194228762416052,1.591664276543205,1.534879053888665,2.3397104289218214,7.056881379952755,5.6690295461990825,4.558727758461624,7.804044802371326,15.973235928572985,12.32669974801864,10.316278155909384,20.885114455806143,5.035696692756373,3.8661967062132945,1.2183610113062853,1.5617972286021773,4.75,0
2024-03-16,Luton,Nott'm Forest,D England,1,1,D,0,1,A,10,16,4,6,6,7,1,2,0,0,10,17,3,1.7058913963576816,2.036794031590036,1.145521922874073,2.110302072638182,7.6267218071009255,4.691363105502811,3.3756183772020396,7.1921952491383525,15.284359523640502,14.00061039007062,9.667871452764514,13.095167816760178,4.57032087944951,4.831387355416263,1.744266807368378,1.0854244920615745,4.1,0
2024-03-16,Fulham,Tottenham,R Jones,3,0,H,1,0,H,16,14,7,5,4,5,2,3,0,0,9,10,5,2.027053010115487,0.9464282879661164,2.4161916681316318,1.607854135934637,5.302850843548475,5.813531898156921,5.614757617603741,7.732829338774238,14.368911243197724,13.985176555687133,11.965178113075071,13.148294377067318,3.911338659431694,4.458277774830523,2.1088049940554856,2.6876349998922273,3.98,0
2024-03-16,Burnley,Brentford,D Bond,2,1,H,1,0,H,17,9,6,5,5,4,2,4,0,1,14,17,7,0.8100824546716903,2.337808951409956,1.1774545323824595,1.93154337604354,5.168715088538989,5.470595863308795,4.098296753593012,6.56829936031146,13.25791679536071,12.710072807896294,9.924309378994794,17.148973657640973,3.8266432453674706,4.600214604917143,0.5836974031178263,1.2077474970562265,4.22,0
2024-03-17,West Ham,Aston Villa,J Gillett,1,1,D,1,0,H,13,13,5,5,7,11,3,3,0,0,13,12,6,1.7528658990800012,1.829088861150217,2.119243799972978,1.2839767885798183,3.2513162682203456,4.665291194785321,5.885343754349661,5.171998357052215,12.996074562134448,14.454365682207033,13.01186111615586,11.834330110398943,3.925660237518858,5.106970155366675,1.9216672025155899,2.528697004371117,3.81,0
2024-03-30,Aston Villa,Wolves,P Tierney,2,0,H,1,0,H,11,13,5,3,5,4,3,4,0,0,11,19,7,1.8619156527457494,1.9754117805262075,1.4603157434024165,1.8323998254366467,6.623748412481093,3.8816630917231585,3.421026039861483,6.714585069079165,14.924200111436463,10.175478674826676,11.349045480464694,14.198699422117919,4.614829381796529,3.2031524999371386,1.5585388636420234,1.4160317316650815,3.83,0
2024-03-30,Newcastle,West Ham,R Jones,4,3,H,1,2,A,24,10,9,4,3,4,1,1,1,0,9,8,3,2.4668027142380553,1.4669251431474086,1.3979145845677634,1.949414175105486,5.26565292648888,4.374401538618201,4.446854481435588,5.627749330585762,16.815585980483704,12.57422485980265,12.437912260388368,18.97966542946335,3.8258730391503444,4.036264822477619,2.619708251011568,1.4876709332587077,3.98,0
2024-03-30,Bournemouth,Everton,S Barrott,2,1,H,0,0,D,11,7,4,3,9,8,1,2,0,0,14,11,3,1.7050486792200252,1.8480664833416982,0.6910371791738374,1.4518124023089747,7.774767249784104,5.183104880469463,4.422845244602121,7.663414826537643,17.434592043514908,11.53897893325192,13.086263914623599,17.25642095181719,4.665076878388552,3.7181717220029578,2.145575440281636,0.41503739624235936,3.95,0
2024-03-30,Chelsea,Burnley,D England,2,2,D,1,0,H,33,18,13,7,12,4,2,2,0,1,12,7,5,1.960594167163688,1.7383749744509212,1.1069948426644278,2.198977873647996,5.176473758698088,3.9221241550942523,3.7076595982082807,7.403839284530675,13.74026607096125,12.274182365371214,8.042526079642803,18.870738564807706,5.278671604663625,4.885693394800551,2.21568896718615,1.1962856867818705,4.1,0
2024-03-30,Nott'm Forest,Crystal Palace,C Kavanagh,1,1,D,0,1,A,12,10,5,3,4,6,1,1,0,0,14,12,2,1.2844615074738206,1.467607878118511,0.986799146567224,2.402109730814115,3.8621076284439315,6.647931910473121,3.586653242017782,5.885144837363364,11.926780562133512,14.032168267694338,9.018267079762817,14.543374532799378,4.596778207911509,3.245203975693124,1.1302759502168376,0.9503963835128433,3.7,0
2024-03-30,Sheffield United,Fulham,T Robinson,3,3,D,0,0,D,8,24,4,9,2,15,4,1,0,0,10,13,5,0.6694366323385067,3.586162546678882,1.1032354339849053,1.9509003347190113,3.5205122849372943,6.136603519518775,5.616298388850318,5.017232492119656,10.012762321466397,17.67453737891252,13.7279165606321,15.633486946560884,3.808166786198558,4.237940982415304,0.4396135924570358,1.208945901859203,4.27,0
2024-03-30,Tottenham,Luton,J Gillett,2,1,H,0,1,A,17,7,4,3,3,6,2,4,0,0,16,14,6,2.190928191952533,1.4119899812050765,1.8183409176300858,2.6609322211686584,7.478531217314692,4.800606701242209,4.257155470759552,8.422376974304566,16.104512288390715,10.891851029959392,9.868140051843454,21.48776180996615,4.265381290243397,3.698610724071966,2.291188216856345,2.0428459788297073,3.81,0
2024-03-30,Brentford,Man United,S Hooper,1,1,D,0,0,D,31,11,5,5,14,4,2,2,0,0,7,14,4,1.6471539109571263,2.3562327593236634,1.4820620356295782,1.6367130018128653,4.171206003875948,6.373797985263419,4.501439325075036,8.477149127513647,13.371408919847093,14.961329788354874,12.707122745736003,20.21521196522166,3.7366496377625342,4.82034671510902,1.620448993962411,1.6032545053240543,3.87,0
2024-03-31,Liverpool,Brighton,D Coote,2,1,H,1,1,D,30,9,8,3,8,4,5,3,0,0,20,6,8,2.6338639445923273,1.0031761546994582,1.4057647917891176,1.91089704281667,8.275377562659637,3.3843376641978242,4.844511982060773,4.855424895237524,24.117554186820737,9.107868369783269,14.179988012151124,12.614570550278433,4.721456171632806,4.793551842550263,2.553823530381776,1.419025137368357,4.23,0
2024-03-31,Man City,Arsenal,A Taylor,0,0,D,0,0,D,12,6,1,2,7,4,0,2,0,0,9,20,2,2.1925304777370807,0.7747205914203178,3.378832202911671,0.673424465267509,10.069941996769863,2.063983924332679,6.6589398858376,2.5199017142912123,21.318738239412095,5.9885332516517575,17.595433827091256,8.349321246258453,3.553220013161675,3.2964161856107848,2.076731197914764,4.433746655978962,3.72,0
2024-04-02,Burnley,Wolves,T Bramall,1,1,D,1,1,D,13,8,6,2,7,4,0,2,0,0,10,12,2,1.0264363016956177,2.0945651112321637,1.1948036490394622,1.862872600632668,5.138038880259094,5.203208367684848,3.5262940885232235,6.402842163675721,13.938311920540546,12.035497894803676,11.649219188897426,13.6171174001195,4.403631074935681,3.8934887756863996,1.055798268964598,0.9440211544432887,4.06,0
2024-04-02,Bournemouth,Crystal Palace,G Scott,1,0,H,0,0,D,11,3,6,2,9,2,3,2,0,0,13,14,5,1.7587346380818565,1.693704528913483,0.9891993030115752,2.147180553451582,7.9977796263698915,5.695825810503953,4.025443794698503,5.542391048528857,16.263391172715952,10.712810616253403,9.196764069153557,14.080942553959256,4.362005684950373,3.018803132595283,2.097050243533236,0.9669309223418989,2.89,0
2024-04-02,West Ham,Tottenham,J Brooks,1,1,D,1,1,D,11,13,4,4,9,5,1,4,0,0,13,9,5,1.6159811174550078,1.6783453517882632,1.97688380693595,1.8609717300731377,3.9328954905398525,5.817057043815483,5.502983432755198,7.054132654792434,12.996788278489069,14.189935417726904,12.335145969040068,13.66678664508304,4.302813121917331,4.556772788798265,1.6144448016769957,1.7917566665945366,4.49,0
2024-04-02,Newcastle,Everton,T Harrington,1,1,D,1,0,H,18,10,6,3,7,3,0,3,0,0,9,14,3,2.745566005158813,1.7456661742546435,0.7472122673412153,1.5514829275527962,4.853715811978262,4.306328495442197,5.073237363742868,7.906430441690585,18.12184376871237,12.106183727619198,11.979669887874087,16.118889265510163,3.6757142250079977,3.5875949759240737,3.0798055006744756,0.6100249308282804,3.69,0
2024-04-02,Nott'm Forest,Fulham,M Oliver,3,1,H,3,0,H,16,18,4,3,3,8,0,0,0,0,7,8,0,1.2326848660008156,1.3824956052127542,1.4481100115278478,2.1416503151577246,3.887206292749428,6.529997717810608,7.3224669808402005,4.468631574687542,11.940107695976451,13.298247771352838,15.595613005468401,14.245546854762587,4.124122151737298,4.376500499216305,1.086850588743593,1.80596393485023,3.43,0
2024-04-03,Man City,Aston Villa,D England,4,1,H,2,1,H,25,8,11,3,2,3,1,2,0,0,6,13,3,1.7938883609697613,0.6338622272593889,1.9157448191695605,1.232344617779126,9.511770428177426,2.41598703413489,6.815281747461444,5.5043624686567,19.624421296008006,5.9906181160951,13.009704548436687,12.046270202890653,3.27081622441654,5.2693393042637275,1.3844874652763643,2.0191313362473045,4.1,0
2024-04-03,Arsenal,Luton,C Pawson,2,0,H,2,0,H,13,5,4,1,3,1,1,1,0,0,12,8,2,2.754751905460838,0.9140846496860374,1.6618378259342468,2.534532656163588,7.3583296565207155,2.928800295898389,4.5904646714790065,7.38537791616558,18.65205483799444,7.456445308676779,9.319624419959741,20.62950263836293,3.8149604225377156,4.138738461936339,2.814601767523447,1.6944350009454365,3.87,0
2024-04-03,Brentford,Brighton,A Madley,0,0,D,0,0,D,5,24,2,6,1,5,1,1,0,0,9,12,2,1.5294867340994867,2.109639055338408,1.3319893359170458,1.9270975890906956,5.9583024300240295,5.942187973136329,4.690964267407549,5.427166127035648,16.57668437172763,14.24107068938967,13.238171509730362,15.775559401798965,3.784532673195464,5.376542726266368,1.4136326625455018,1.2793500915788754,3.43,0
2024-04-04,Liverpool,Sheffield United,S Attwell,3,1,H,1,0,H,29,8,9,3,13,1,0,1,0,0,6,9,1,2.5186158934566527,1.0025986717201205,1.1065785015230127,1.959801603287586,8.22530888831119,3.496276330159448,2.9357249800052827,8.959543228332137,25.187090357262075,9.088255928497151,8.671213620200016,18.629186022245516,5.317555366114085,4.756972428951233,2.369215686921145,1.3766688412050143,3.99,0
2024-04-04,Chelsea,Man United,J Gillett,4,3,H,2,2,D,28,19,10,5,12,3,3,0,0,0,7,15,3,1.9677588686939027,1.7859431917927626,1.3944143462369647,1.520946939998334,6.417115698828992,3.9362834088138903,4.410268490275694,9.481304364922487,17.242038149376917,13.315240792913253,12.396736627115558,22.176083558444933,5.228004007289029,4.671192687689661,2.143792644790744,1.4021696702159943,3.81,0
2024-04-06,Crystal Palace,Man City,P Tierney,2,4,A,1,1,D,7,18,4,8,2,9,1,1,0,0,13,3,2,1.6461850374359914,1.3685269705270404,1.9202213301843514,1.046833088595488,6.948981901629409,4.27291799178073,6.9453136216362195,5.2886114081289275,14.267392550043404,9.67293575262798,17.246154072268805,12.034344177337884,4.532248053891614,3.729630689761723,1.7628048307236897,1.7309905129056975,3.83,0
2024-04-06,Aston Villa,Brentford,M Salisbury,3,3,D,1,0,H,11,8,3,3,11,3,2,2,0,0,15,11,4,1.8870219110353408,1.6162458114908167,1.1451892961032648,1.9439903342427858,6.328521271594498,3.9031789046553778,4.0804241868144935,6.28314716533737,14.210708803139505,10.689028279429504,9.75624908711075,17.121886886744626,5.048496997251163,5.036549714266892,1.70569257576138,1.1384983313386383,3.97,0
2024-04-06,Everton,Burnley,M Oliver,1,0,H,1,0,H,12,6,3,1,3,5,2,1,0,1,11,13,4,1.151582497112098,1.5543590536971192,1.2693633210184903,2.1627992084914056,5.164972459563688,5.192365645150715,3.760813676670674,8.239524963959557,15.989962573663922,12.47967684697748,9.85301941825082,21.43975696369789,3.4902513676271085,4.906476913685738,1.1406432037433136,1.464190457979073,3.43,0
2024-04-06,Fulham,Newcastle,S Allison,0,1,A,0,0,D,14,12,4,5,14,3,1,2,0,0,10,13,3,2.203956716627173,0.7743462795633893,1.7893575568593387,2.5524329176693494,5.065963175821625,5.665613450753606,4.010583810983907,5.038193708429746,14.665479966599714,13.987871792189717,9.556802063258695,16.21425971709918,4.109281844707773,3.8073181974977923,2.4058699961750336,1.8591258316982178,4.75,0
2024-04-06,Luton,Bournemouth,A Madley,2,1,H,0,0,D,19,8,9,1,7,2,0,0,0,0,7,14,0,1.5708936423025586,1.838513012151899,1.6701800027654627,1.6522961623692773,7.315620423000983,5.132876909600791,5.733791862681692,5.012348201024902,14.273755525642782,14.38298239263976,14.147325175213052,14.999823535803886,4.270005855119433,4.316783757310698,1.4956100244626016,1.7428193878609435,3.43,0
2024-04-06,Wolves,West Ham,T Harrington,1,2,A,1,0,H,14,11,7,4,4,4,5,2,0,0,15,7,7,1.5912843861297439,1.2324692466609735,1.68920299662629,2.3222481594671094,5.213560058938856,4.8518827770845485,4.365608168932649,5.149976471273094,12.09335819690226,14.883652084510006,11.994655250352514,19.892454017991636,4.980101928364737,3.8478529365044998,1.584814819980866,1.9917806221725773,3.69,0
2024-04-06,Brighton,Arsenal,J Brooks,0,3,A,0,1,A,10,20,2,7,8,7,1,2,0,0,14,13,3,1.7874208422833975,0.8838026084622447,2.764498748828752,0.5509835883706853,7.193251604016591,2.906790598798616,6.175496013467192,3.3344654715913533,16.290664154807025,9.122981313622965,15.487172011530149,9.013081372197977,5.398992686883453,3.0607040266734575,1.6087298606883635,2.9558311039856653,4.49,0
2024-04-07,Man United,Liverpool,A Taylor,2,2,D,0,1,A,9,28,5,7,6,11,5,2,0,0,9,10,7,1.741806348997959,1.2009616957468474,2.1138185370573406,0.9164819986239303,7.381125914119711,7.310202790894777,6.655985055110987,4.083752134789166,16.108957324665926,16.198614884196346,15.735900409944215,11.578144268645596,3.8292273124703105,4.601910817786315,1.8448103314444477,2.1276853128036084,3.72,0
2024-04-07,Sheffield United,Chelsea,R Jones,2,2,D,1,1,D,11,6,6,3,7,6,4,2,0,0,12,10,6,1.0936372385615951,3.47947138732373,1.7039879570306735,1.877352860295074,3.243754209190461,7.749886476072065,4.219637804795472,5.559066128520361,9.646406697415822,18.825874912034052,12.408888447265566,17.796081454728768,4.025099901524525,4.85852999147518,1.2930766074929858,1.7768637177689353,3.98,0
2024-04-07,Tottenham,Nott'm Forest,S Hooper,3,1,H,1,1,D,17,13,7,6,12,2,2,3,0,0,11,12,5,2.1562139567966914,1.3370826721107787,1.1190345555883372,1.908208956939524,6.6642523816920765,5.0186783259280485,4.035315042355333,6.975196237466668,16.267328322429837,10.18424137596391,10.820422293343059,12.531796709820782,4.580766677704584,4.498044938223633,2.1941254779042096,1.056949632041227,3.87,0
2024-04-13,Man City,Luton,J Brooks,5,1,H,1,0,H,33,4,13,2,12,1,1,0,0,0,7,6,1,2.194999742368083,0.7004327603220987,1.3469885291292671,2.4332609025147076,8.145993393195738,2.5221712558888076,3.910220631190194,6.554530807271181,20.601799666905613,6.355960435563643,8.501234869630805,19.18402853543121,3.221576889489434,3.7335362874029356,2.2563249768510314,1.1287621316164274,4.49,0
2024-04-13,Bournemouth,Man United,T Harrington,2,2,D,2,1,H,20,8,5,2,7,2,4,0,0,0,13,14,4,1.6206598990224859,1.3854837108095213,1.6863391374126804,1.9716840558652864,8.18016396685394,5.023258408435292,4.153855926074877,9.939249224844428,15.305557792949068,9.309231209432333,13.597330489354963,23.2349779170493,4.478108066666516,4.367339339707399,1.731366577884699,1.9347797801440705,3.69,0
2024-04-13,Nott'm Forest,Wolves,C Pawson,2,2,D,1,1,D,18,11,9,4,10,1,2,3,0,0,15,10,5,1.5543013623552202,1.3128889493012452,1.1593847883683857,1.705986605070506,3.725752246479838,6.7975091392518445,3.612422473491322,6.511416362915318,12.678928019119153,14.153873940909936,10.985724502596174,13.504914187703793,3.373613263162393,3.5492179395959607,1.7245674971218083,0.9626807696288617,3.87,0
2024-04-13,Burnley,Brighton,S Hooper,1,1,D,0,0,D,11,20,3,8,4,5,1,2,0,0,18,8,3,1.0216296068208781,1.8955493574098115,1.0898093514207146,1.576716056998634,5.4765839261687015,4.98443890587494,4.747152606840856,4.622226481426541,13.767706396693123,11.301756569284192,15.194868449147897,13.8163659319276,3.966598644995848,4.762625600169108,1.0371988459706367,0.8529000610525241,3.87,0
2024-04-13,Brentford,Sheffield United,S Barrott,2,0,H,0,0,D,9,8,5,2,3,6,3,1,0,0,8,11,4,1.2513927657969162,1.7260607715224576,1.0871794731233795,2.1491347047172407,5.056775160732937,5.770877698588113,2.5833914106231504,9.694972367802178,14.47179125631557,16.015456382227832,8.549041776024957,20.51684358926745,3.4600658036304215,4.073142071004912,0.9424217748843566,1.2511124314623827,3.95,0
2024-04-13,Newcastle,Tottenham,T Robinson,4,0,H,2,0,H,18,11,5,2,16,3,0,4,0,0,14,12,4,2.428190229942387,1.6100904472942628,1.7992684749773296,1.7044313323736653,5.243949470284515,4.068814120332358,5.41153185095581,7.407926905462352,18.0996903465925,11.72324106528169,12.456028584326084,13.181916088455731,3.552857039801089,4.637359597272051,2.386537000449554,1.527837777729636,4.27,0
2024-04-14,Liverpool,Crystal Palace,C Kavanagh,0,1,A,0,1,A,21,8,6,5,11,1,1,1,0,0,10,10,2,2.6061403144980453,1.0021261857475083,0.8093448061268907,1.9386021803686464,9.093434922223809,3.042407709266657,3.657181126543911,6.171047494704646,25.880346957194565,8.890391128243305,8.070079203345822,13.520770937090989,4.532544958423642,3.379020901382387,2.579477124614126,0.6446206148945542,3.7,0
2024-04-14,West Ham,Fulham,S Attwell,0,2,A,0,1,A,15,18,4,10,8,3,1,2,0,0,6,13,3,1.5039845019771665,1.555009779686152,1.3666338610235023,2.2977169646599767,4.854187619877722,5.668501153112635,7.445657226138473,4.201602398511146,12.633735706454774,13.973583429579541,16.032782878038795,14.564544611645559,4.429574427561614,3.5807574803519926,1.4096298677846353,1.5373092898169258,3.99,0
2024-04-14,Arsenal,Aston Villa,D Coote,0,2,A,0,0,D,18,11,4,2,4,6,3,1,0,0,12,7,4,2.617524213402659,0.7478873523825826,1.7492456887869643,1.735554905942561,6.565905661740769,2.578109146750966,6.121593855573629,4.867205379298696,17.62440795801649,7.0098186517079135,12.098848780183632,14.401494825821857,3.4849674431762194,4.856731978736511,2.5430678450155746,1.679420890831489,4.23,0
2024-04-15,Chelsea,Everton,P Tierney,6,0,H,4,0,H,14,10,10,2,4,8,1,4,0,0,5,21,5,2.3372574524497916,2.006680910521772,0.793173693251595,1.451213260789454,7.432186110886784,3.766049971343541,4.696284951985922,7.741624835221901,19.198032251981463,14.348833924975212,11.61972975184956,16.4609095476778,4.82291215445036,3.4807594793309713,2.762528429860625,0.740016620552205,3.83,0
2024-04-20,Luton,Brentford,J Gillett,1,5,A,0,2,A,6,21,3,9,4,9,1,2,0,0,13,9,3,1.6521914878968682,1.6796495971315837,1.4824342408267777,2.1359958691513303,7.255823452028026,4.539326758935611,3.8839795607431067,7.140773644499259,15.16918270033911,13.173672141977123,9.436924788917375,16.008794644832086,3.4610169635098056,4.848082421967628,1.6639963742274675,1.7589988877513187,3.81,0
2024-04-20,Sheffield United,Burnley,A Madley,1,4,A,0,2,A,18,16,11,9,11,2,1,0,0,0,10,9,1,1.2585773842957046,3.2102367755140477,1.0385654492294303,1.9513770110842135,3.9273168559678076,7.431441651702382,3.9861247136597067,7.286865318888638,9.89273398058733,16.491818652042703,9.15245665031083,19.723403748387284,4.3844927670653595,4.741659686781215,1.5287179001580218,0.9761269718348499,3.43,0
2024-04-20,Wolves,Arsenal,P Tierney,0,2,A,0,1,A,5,24,3,9,1,2,3,2,0,0,14,9,5,1.4837780770081008,1.3720203668400999,2.807317176739253,0.4508047105889972,4.9929126583066115,4.696994917169778,6.325405894343381,4.182744845374173,12.440020527037078,14.177533148660698,16.307686547804412,9.19252120068255,5.347356318261281,3.0496669261185034,1.3898765466538696,2.9705540693237786,3.83,0
2024-04-21,Everton,Nott'm Forest,A Taylor,2,0,H,1,0,H,7,8,4,3,6,4,3,2,0,0,15,9,5,1.1240220284539792,1.2717481665628192,1.0973726142758138,2.1068933925928617,4.771340894216339,5.157390054729122,3.6649278486359584,7.889611414412211,15.264514447702453,11.301553158173258,11.217062446568555,13.34492157903119,3.582932986373912,4.589390859044537,1.0937621358288658,1.037966408323871,3.72,0
2024-04-21,Aston Villa,Bournemouth,T Robinson,3,1,H,1,1,D,14,14,4,6,8,4,1,3,0,0,8,14,4,2.0893816515092722,1.8678375914574081,1.5481962938492104,1.7155839410907998,7.177881409482752,3.7389644869954486,5.054180746486348,5.374133299763361,13.626943312531266,10.200113834349448,13.028411567387653,15.727921001273785,4.8578610967287945,3.531058592230718,2.13712838384098,1.4952126701704922,4.27,0
2024-04-21,Crystal Palace,West Ham,G Scott,5,2,H,4,1,H,18,4,7,1,4,0,3,2,0,0,9,9,5,1.7105150647959941,1.8469768663606003,1.7457115672498908,2.081839298731313,6.049166532519963,5.132387904296679,4.29913392751323,4.940889749274437,12.946047748251438,11.186948238080832,11.813808762611137,18.821098276438285,4.071839072290981,4.420970833459674,1.8418698871491428,1.9945204147817186,2.89,0
2024-04-21,Fulham,Liverpool,C Pawson,1,3,A,1,1,D,12,14,5,7,1,4,3,0,0,0,5,11,3,1.8032294297345446,0.815375035929428,2.093124246601352,1.1134853762325527,6.69036546582243,5.180946924425591,7.44580637366649,4.4321610225994394,14.544481228518775,13.626433446343414,17.965737883342072,11.109390516294038,3.907590268518715,5.037927264308483,1.6039133305349154,2.0851235418690632,3.87,0
2024-04-23,Arsenal,Chelsea,S Hooper,5,0,H,1,0,H,27,7,10,1,4,2,2,2,0,0,12,11,4,2.1416105132496517,0.9755442963316682,1.7578083570643834,1.8996523520849857,6.099377156877327,3.2002713904279676,4.543340194028098,5.821054244298451,17.69269744987033,7.735306484838066,11.243635383426547,16.56042962487034,3.5786097669271184,5.066070103252504,1.695378563343598,1.851242478512639,3.87,0
2024-04-24,Everton,Liverpool,A Madley,2,0,H,1,0,H,16,23,6,7,4,13,0,3,0,0,6,13,3,1.2832908197630977,1.0405211267086483,2.2580108188703223,1.0928516624966707,4.994733555978981,4.946955407879995,6.819295851660417,3.808131474592749,13.761874804242922,10.701270504926843,17.244694318497714,11.271319583697345,3.8405816462664877,4.667394873420321,1.395841423885953,2.3900823612460846,3.43,0
2024-04-24,Man United,Sheffield United,M Salisbury,4,2,H,1,1,D,25,10,13,4,9,4,0,1,0,0,7,9,1,1.7887506741129136,1.3462414645892866,0.8893342522412672,2.121995129950249,7.1300119781824876,7.981075367041578,3.2051467856496925,8.476619446639969,14.816418942787525,18.344322408502173,8.4491270019361,18.42100521104894,4.405731743665,4.059831656715937,1.896540220962976,0.8340746679027801,3.97,0
2024-04-24,Crystal Palace,Newcastle,T Bramall,2,0,H,0,0,D,20,7,7,2,7,2,3,3,0,0,10,15,6,2.3086034947308685,1.8747992663851887,1.6458379248415163,2.0883539588872266,5.676590637432622,4.19922606164876,3.8268412023077425,6.667613899576868,13.864948556966242,9.880229808780472,10.001020105869136,15.81166682744044,4.240595677934459,3.660532992720406,2.894579924766242,1.5727505544654186,4.06,0
2024-04-24,Wolves,Bournemouth,S Attwell,0,1,A,0,1,A,15,21,4,6,8,12,4,1,0,1,10,17,6,1.2140001275934988,1.486198531575908,1.4484353808402837,1.949322330346227,4.266928223139839,4.206631991871149,4.862340642994445,5.851989247340054,11.087288934295225,15.963436988600474,13.205221498782375,15.413473460076458,5.284200596587802,3.6163966791744855,0.9265843644358484,1.3301416667492536,3.99,0
2024-04-25,Brighton,Man City,J Gillett,0,4,A,0,3,A,7,14,3,6,4,4,2,0,0,0,10,3,2,1.4624350619911688,1.2685659749130402,2.2983631073506756,1.2201362554399615,7.339933208463611,3.6510108851915883,7.318893161570047,4.690681743627873,15.146906428286021,11.100622125134178,17.383217041015925,11.119008386220155,4.962811966697716,3.4151522155085527,1.07248657379213,2.4873270086039567,3.81,0
2024-04-27,West Ham,Liverpool,A Taylor,2,2,D,1,0,H,11,28,8,8,5,8,0,2,0,0,8,10,2,1.2305326771222218,1.6359171212361867,1.8474632512919487,1.2577877825021018,5.4261537105288165,5.183318952772878,7.943060641809595,3.843016673433473,13.063965730971915,14.705659429937407,18.29111390535907,12.131079965066908,4.169651711955984,4.364232061375939,0.9397532451897133,1.5933882408306492,3.72,0
2024-04-27,Fulham,Crystal Palace,S Attwell,1,1,D,0,0,D,9,14,2,4,5,9,0,2,0,0,11,15,2,1.6571853643909813,1.2125859686878853,0.8440093991557002,1.5861289313473415,5.655736908706471,4.966225845474225,3.174057113584779,7.049039171463905,14.081840830835542,13.694355731250756,8.057337525480056,14.880631250193906,3.7425711997770055,3.1282897392591162,1.4026088869817022,0.7630804099297139,3.99,0
2024-04-27,Man United,Burnley,J Brooks,1,1,D,0,0,D,27,16,10,7,6,5,1,3,0,0,7,11,4,2.1907961808002203,1.465106704498363,1.5770167621828886,1.7783965882689472,7.470009948076366,7.257243167585515,3.6250053164806904,7.96199158284649,16.66797993959902,16.827172220409903,10.397484573074301,19.41005256835645,3.786507521189077,4.061346974670748,2.5976934806420817,1.984084648098072,4.49,0
2024-04-27,Newcastle,Sheffield United,T Harrington,5,1,H,1,1,D,20,15,7,5,4,5,0,0,0,0,9,10,0,2.713973926105508,1.317346625522611,1.0914207547679056,2.4636995866530857,7.199595716449988,3.874484211180108,3.349770950421363,8.571848948164096,18.0815648225859,11.591742643023137,8.731309558366044,19.618058464670035,3.634155788742114,3.50309289073363,2.924358000299753,1.2227166232047384,3.69,0
2024-04-27,Wolves,Luton,D Coote,2,1,H,1,0,H,13,9,5,6,4,4,3,1,0,0,14,14,4,0.9932727531902633,1.397798767132561,1.281747069232972,2.9158641929262314,4.945668787523926,5.623608497139242,3.363035273000926,7.5783985438947585,11.798691199172653,16.879176043526602,7.654903911752309,21.781734432210936,5.414345988934483,3.2195714640781077,0.6177229096238702,1.0857978140470739,4.23,0
2024-04-27,Everton,Brentford,D England,1,0,H,0,0,D,18,10,1,4,6,6,1,2,0,0,10,12,3,1.413601626136718,0.8513354000442105,2.122001946597657,1.9294478409009412,4.813872845134349,6.411145854296505,4.8141800684321305,6.569714698715633,14.168806802697048,12.937403935426879,11.539335942176518,14.188984507144227,3.6877485653344912,4.512062027292436,1.5972276159239873,2.8393325920573327,4.1,0
2024-04-27,Aston Villa,Chelsea,C Pawson,2,2,D,2,0,H,9,21,4,5,2,4,3,5,0,0,13,14,8,2.2549486828276346,1.7100488823651445,1.4382066987160567,2.46335216938747,7.327357569994098,3.786425506234146,4.080914503258918,5.489953328728776,13.694771825277614,10.891002473741809,10.472064978428703,18.45853415425579,4.701886296413921,4.8722390911596465,2.4247522558940133,1.2341616523416732,3.87,0
2024-04-28,Bournemouth,Brighton,P Tierney,3,0,H,1,0,H,15,13,6,1,8,2,2,2,0,0,14,10,4,1.6896811274427759,1.4972954308330766,1.0734803726295445,1.4718585548088812,7.965432208941402,4.473174173616829,4.793124876487444,4.509094353671582,16.159715228568874,9.071015565664796,16.06852904174124,13.304299216790271,4.391115929547511,4.4421481043779965,1.8209110929202823,0.9019333740350207,3.83,0
2024-04-28,Tottenham,Arsenal,M Oliver,2,3,A,0,3,A,14,9,2,3,8,6,2,1,0,0,12,16,3,2.3096296676818757,1.2757948869127338,2.660532183326174,0.36884018861306667,7.634388733863763,4.469827482712142,5.538968179399102,3.604063758653474,16.400541412602724,10.696197711894321,17.70628949091576,8.430244347721274,4.656990951244993,3.4042730656277427,2.462750318602844,2.6470360462158222,3.43,0
2024-04-28,Nott'm Forest,Man City,S Hooper,0,2,A,0,1,A,14,11,2,5,4,5,0,0,0,0,8,6,0,1.6353965784850748,1.4379093430275476,2.6077517677309596,0.9982932035040978,4.867356538367966,5.7426478115465,6.715457779063297,4.565103190216606,13.647101232778288,13.580024107677438,16.768086402618692,10.370097445106447,3.6695356034942748,3.1578517008795415,1.8163783734493217,2.9915513390693746,3.87,0
2024-05-02,Chelsea,Tottenham,R Jones,2,0,H,1,0,H,16,19,5,3,4,9,0,1,0,0,12,16,1,3.00321093230183,1.6418296773362886,1.4721286100963953,2.121807635130066,6.808152001371322,4.535859401981597,4.973071323886501,8.970122692408252,18.252935068204383,13.55813650411147,12.191295999409753,14.057931725770477,4.8551099585417665,4.521475983774754,3.8416856199072336,1.0185585184863528,3.98,0
2024-05-03,Luton,Everton,T Robinson,1,1,D,1,1,D,18,10,5,3,8,7,1,3,0,0,14,12,4,1.5295651725281636,2.3039483547705877,0.6489602432051014,2.278265689240596,6.643657177517637,5.3780312403133275,5.296960628824716,7.061329168764599,13.44517508853959,14.645193567673118,11.325233328626554,16.01347128901836,3.3743356550186783,3.7569851267524563,1.4424393781675433,0.4933444137014471,4.27,0
2024-05-04,Man City,Wolves,C Pawson,5,1,H,3,0,H,20,2,12,1,6,0,0,4,0,0,4,17,4,2.7049999705351166,0.7548995505376832,1.3122239720962112,1.7594436049728148,8.846722116296396,2.2454127473288192,3.137436400344196,7.145704522444763,22.856018710748735,5.927603840436502,10.988320048501505,14.322202807790008,2.8176536750628,3.812996589816602,3.1708833179007727,1.3084538464192734,3.87,0
2024-05-04,Burnley,Newcastle,A Taylor,1,4,A,0,3,A,17,23,5,11,4,11,2,2,0,0,8,8,4,1.0176968877309565,1.732719580474013,1.3465945357439806,2.0722895957451852,5.208109799828604,4.987268241259189,3.4946881120973403,6.728047762278817,13.2644789514736,12.883280832394801,9.455379849513639,16.57318228063857,3.790850607828651,4.085890815245748,1.0247992306445304,1.048500369643539,3.72,0
2024-05-04,Sheffield United,Nott'm Forest,C Kavanagh,1,3,A,1,1,D,17,15,5,4,5,3,0,1,1,0,9,7,2,1.2115290267405596,3.3539348126441135,0.8977048077957618,2.0874440561062637,5.214197092385304,6.443186590010792,3.7258944889594563,7.545795137873961,11.367857381324512,16.40233186317824,10.631715415250854,12.190458129249228,3.768681657824672,4.664101513774463,1.352478519415735,0.6919774471413183,3.7,0
2024-05-04,Arsenal,Bournemouth,D Coote,3,0,H,1,0,H,25,7,9,2,6,1,2,3,0,0,16,12,5,2.661317877434936,0.798172543027007,1.366842212142963,1.5946416058963377,5.717672083552305,2.982040150942301,6.161043352242952,6.2428214858155995,19.384934878822694,7.60161434915295,14.623487550886363,15.338241640239524,3.655226200180484,4.050095169911724,2.796919042229167,1.22009439411535,4.23,0
2024-05-04,Brentford,Fulham,G Scott,0,0,D,0,0,D,7,15,3,3,7,6,1,1,0,0,3,6,2,1.3875053629968856,1.4122264885997116,1.4817931945375313,1.8799435189849152,4.682810020946699,5.812536969426987,6.637342900997496,4.892231261171225,13.476904104275103,14.55807721718475,16.390464475934962,14.643719593085246,3.5582372377646054,3.4751635114690047,1.2949478499957112,1.6915395265764703,2.89,0
2024-05-05,Brighton,Aston Villa,R Jones,1,0,H,0,0,D,15,2,8,1,7,3,2,1,0,0,13,10,3,1.1965376624477462,1.7651905589175998,1.7948373979444103,1.4199993563062188,6.732672361222958,3.7144634790935513,6.099485873972723,4.709531617912521,13.665650070376076,11.627781967822093,11.89905802184415,15.055768726474001,4.424118647755796,4.700962472675043,0.7149910491947036,1.7862805938876691,3.98,0
2024-05-05,Chelsea,West Ham,A Madley,5,0,H,3,0,H,25,13,14,2,8,6,1,3,0,0,12,10,4,2.820808879759582,1.3433150844143535,1.79194584418799,2.6124141603292035,6.297578728684294,5.347521617471441,3.517472935509108,4.769818824947643,17.843310364711567,14.547566582417437,10.393115755206722,18.671807627643616,4.154180625962965,4.526248901170171,3.2277904132714323,1.9963469431878125,3.43,0
2024-05-05,Liverpool,Tottenham,P Tierney,4,2,H,2,0,H,25,11,13,6,8,3,1,4,0,0,14,12,5,2.1322964524830703,1.0017396063832447,1.2044687676426835,2.09966078450508,9.440083241430042,2.6710607210080943,5.705240434403479,8.066463699775467,24.993010831313136,8.728501774641122,13.429242621473305,14.411035173899638,4.072082074997834,3.881207395448112,1.7196514164093373,0.6790390123242036,3.83,0
2024-05-06,Crystal Palace,Man United,J Gillett ,4,0,H,2,0,H,18,7,10,2,6,3,1,1,0,0,12,8,2,2.2524937484669736,1.533926551303498,1.7433684054319467,1.9768324111747653,5.917210607085517,3.799366635547083,3.7622456184649695,9.404840084869532,14.980412852290485,9.356551475541513,12.57963367491427,22.646799904829326,4.560487486589415,4.30055034510543,2.5963866165108005,1.9565198534293824,2.0,0
2024-05-11,Everton,Sheffield United,S Attwell,1,0,H,1,0,H,15,13,6,1,3,6,1,2,0,0,6,11,3,1.3384013086000717,0.6965471004635168,1.0747888822566272,2.925120247991768,5.02953239057156,6.336392040860692,3.649991608593344,7.740107741916897,14.865387586656986,12.40333033726245,9.871751468987055,19.687543812264213,3.5627033352622313,2.865786903687664,1.3981517439493127,1.1484777261434187,3.99,0
2024-05-11,Fulham,Man City,A Taylor,0,4,A,0,1,A,1,16,1,9,1,7,1,0,1,0,9,6,2,1.5376955426230525,1.173933465322388,2.4972514070381657,0.8167852837884273,5.536510445986018,5.699648987395578,6.40355625379506,4.462357119101553,13.157857601701636,13.749928148374014,15.719343047455435,11.030079962463756,3.425735899781792,2.5836966420397722,1.2684059246359904,2.661034226046219,3.72,0
2024-05-11,Bournemouth,Brentford,M Donohue,1,2,A,0,0,D,13,11,4,5,3,8,2,2,0,0,16,12,4,1.9280630626261033,1.2248974750236177,1.7361783295042887,1.7604550987166117,7.971721011690216,4.023237858190327,5.029786531919354,6.466128843800581,15.948732111224091,9.785802578488726,11.25945299386696,14.881905540798337,4.319961515061666,4.237138037908315,2.213940848576944,1.8928883945745765,5.6,0
2024-05-11,Newcastle,Brighton,D England,1,1,D,1,1,D,18,15,7,4,8,4,3,4,0,0,9,16,7,3.1296151513580726,1.2596472222794648,0.8783020662840691,1.749702534758069,6.617850871504921,4.079123505039622,4.285283842124754,5.143804655820134,18.43037131994557,12.211425979100131,15.5106145082208,13.612608539786887,2.9733999985781967,4.361757516560383,3.6162386668665447,0.6012889160233286,4.1,0
2024-05-11,Tottenham,Burnley,J Gillett,2,1,H,1,1,D,21,7,9,3,9,3,3,5,0,0,10,14,8,2.253333344451462,1.5892868371144235,1.472103241879169,1.6368680719070319,7.700863533159267,4.748040766589186,3.8750076424117132,7.605261142323428,15.964079182404792,10.38779801826548,11.416137157396232,20.79006118537044,4.355719762086853,4.050192832374529,2.308500212401882,1.6560564320202165,3.81,0
2024-05-11,West Ham,Luton,M Oliver,3,1,H,0,1,A,24,4,8,1,7,6,1,3,0,0,9,15,4,1.3704358674335548,1.7021140275405269,1.2290990519490859,2.744723339570978,5.34867119516609,5.695442928515943,3.4820602199065616,6.9097293403410465,12.688699125268245,17.122812963996672,7.906252194789798,20.14075585015074,3.77516946775638,3.365404445269044,1.2931688301264974,1.0571791781990392,3.43,0
2024-05-11,Wolves,Crystal Palace,T Bramall,1,3,A,0,2,A,13,13,7,3,8,3,3,2,0,1,13,12,6,1.1763141240379225,1.325471697523394,0.8723713348322925,1.4795600037383254,4.773728957957619,5.328406866332044,4.233319764703975,6.67648648646025,12.017111044678586,15.446598164336935,9.137821926064328,13.811425257313386,5.157192097959698,2.923146090627574,1.0784819397492753,0.8420536066198142,4.06,0
2024-05-11,Nott'm Forest,Chelsea,T Harrington,2,3,A,1,1,D,20,12,4,5,5,6,2,3,0,0,14,8,5,1.3378743422292287,1.5401686185091417,1.5403509716293893,2.3791062904552516,4.709561260866887,5.60754037610934,4.066202770163068,4.855416134266408,13.711302926591905,13.11064894069424,12.386235662912698,16.73880006023164,3.001949249740615,5.44092309495621,1.2109187308300522,1.4894411015611393,3.69,0
2024-05-12,Man United,Arsenal,P Tierney,0,1,A,0,1,A,14,11,2,5,4,7,0,2,0,0,5,6,2,1.9742877073139276,1.3805418190689267,2.7222536224940783,0.6654147860465071,7.202735317035981,6.846835173017639,5.622792171165096,4.403325125945189,18.546529709387432,16.676777217773207,16.12332730481833,9.442927488174979,3.8253243493192244,3.330768850495208,2.0651289870946714,2.7646906974772225,3.83,0
2024-05-13,Aston Villa,Liverpool,S Hooper,3,3,D,1,2,A,19,14,5,7,5,4,1,1,0,0,11,15,2,2.2085943633747167,1.7627672827252028,1.8751972136701849,1.3927354976664772,6.3587468209580535,3.8252572436693653,7.953413255401196,4.053377339456696,12.841176699647534,12.729002558636301,20.056366436070313,11.925429002504556,5.301543507867083,3.9343715615358814,2.283168170596,1.728925493887108,3.87,0
2024-05-14,Tottenham,Man City,C Kavanagh,0,2,A,0,0,D,10,8,5,5,7,4,3,3,0,0,14,11,6,2.2072727229705564,1.4821437446534618,2.770478503420817,0.6682788253543254,7.937070232205383,4.430215080209856,6.512000602832827,3.8328374597769113,16.87970141559056,9.771834563036288,15.77037159912569,9.206428529705844,5.018316361726441,2.477569948978958,2.205666808267915,3.107356150697507,3.7,0
2024-05-15,Man United,Newcastle,R Jones,3,2,H,1,0,H,17,21,8,8,9,9,3,3,0,0,16,7,6,1.6153262015638794,1.3113523772931421,1.8290320644066969,1.8773277817477538,6.62041963545468,6.874683331478969,4.85929075870337,6.23203890187773,17.719887703577925,15.64463560520558,11.918038934263821,16.650785529931614,3.4934470983559884,4.070274297830607,1.3767526580630716,2.032333579762451,3.98,0
2024-05-15,Brighton,Chelsea,M Salisbury,1,2,A,0,1,A,12,13,2,6,4,6,2,2,0,1,13,14,5,1.1608035292978307,1.444246706824591,1.8057417812613692,2.3101778539578786,6.781277403736126,3.5845609821638917,4.417802368775754,4.881704117501386,13.908259234746486,9.877275533117853,12.316010976500534,17.331745676311026,4.16518789246754,5.360755236189166,0.8099940327964779,1.9929607343741238,3.97,0
2024-05-19,Arsenal,Everton,M Oliver,2,1,H,1,1,D,26,5,5,2,8,1,4,3,0,0,8,11,7,2.7228964630869648,0.6530502202612292,0.7127856720979688,2.045853678134726,5.769004446929688,2.621669109577067,5.606604240930482,7.231996642271961,20.405856106927107,7.492229890214799,11.084281744239115,16.374658432446328,3.8997305985455957,3.8011696620141775,2.864612694819449,0.6622296091343085,3.43,0
2024-05-19,Brentford,Newcastle,S Hooper,2,4,A,0,3,A,10,12,5,7,3,0,4,4,0,0,15,11,8,1.1352283381118526,1.1554546544078375,1.8601171526479878,2.08145006262639,5.104122838611311,5.846621605703091,5.612147203396127,6.735304702479475,12.299269666622951,14.63842787228906,13.569305062925176,16.71427908841403,3.2749176449961497,4.421133618470216,0.8632985666043757,2.021555719841633,3.87,0
2024-05-19,Brighton,Man United,C Pawson,0,2,A,0,0,D,17,11,3,4,7,5,1,3,0,0,10,9,4,1.1315665154660401,1.545292789523049,1.4263922395101456,2.3446811706939483,6.275590455954834,4.023731840432321,3.623655465701558,8.785778071174612,13.561302909319133,10.445043783166676,11.565154529822562,21.80192694909072,4.316971956172179,3.8822683425008684,0.8733293551976558,1.3043465689528813,3.87,0
2024-05-19,Burnley,Nott'm Forest,G Scott,1,2,A,0,2,A,20,12,3,6,4,3,1,0,0,0,11,5,1,1.0144792294028853,2.144957813256533,1.2801683491062874,1.8896089917357801,4.988450579645901,6.080506595488375,3.593834929533771,7.082647133020511,13.943673541743284,14.722708542921463,11.426422836896817,13.065442014856613,3.828878270871002,4.1794304251722085,1.0165328204285489,1.461318532918136,2.89,0
2024-05-19,Chelsea,Bournemouth,A Taylor,2,1,H,1,0,H,16,22,6,5,6,5,2,3,0,0,5,9,5,3.2170255623336237,1.0990759071091505,1.1181771746128182,1.8503137637419722,6.607109958964719,5.466154085168088,5.2221119763468975,6.198645784079848,19.144527040554653,14.266190758308793,13.236571928065757,17.095973062193693,4.126147776724164,4.222908182361518,3.8185269421809913,0.8133961386081447,3.72,0
2024-05-19,Crystal Palace,Aston Villa,D Bond,5,0,H,2,0,H,15,8,9,2,2,4,1,4,0,0,10,8,5,2.5702222502623675,1.2550307335733577,1.4685032306617802,1.3436358147640142,5.932263228357797,3.6540272049872264,5.535942823863795,5.125980535798765,15.529428857034796,8.928087446259395,10.099228767037745,15.04562895507457,4.094944171785123,4.391696478588259,3.064257744340562,1.1908537292584092,4.22,0
2024-05-19,Liverpool,Wolves,C Kavanagh,2,0,H,2,0,H,36,4,14,3,10,2,1,1,0,1,14,11,3,2.4718790144509644,1.1832415489298218,1.2554559606560753,2.34863584818924,9.178249848640274,2.7308678800406123,2.5669932525241577,6.937394548676579,24.99428158962586,9.141501572118832,9.354079564290046,15.354529870309179,4.2407944740758845,3.846997219740573,2.4797676109396054,1.2056358976128425,3.7,0
2024-05-19,Luton,Fulham,M Donohue,2,4,A,1,2,A,15,15,6,7,4,4,5,4,0,0,15,20,9,1.4306091960485898,2.0602890481941247,1.2123727017724475,1.5381311047272568,6.897107055648861,5.681116697515711,6.52146084736135,5.275466988223759,14.296301956749721,13.777180168621122,16.13764942342984,13.253934090682607,3.491248982061134,3.2069484315009182,1.2948597272260784,1.1276930176400133,5.6,0
2024-05-19,Man City,West Ham,J Brooks,3,1,H,2,1,H,28,3,12,2,11,2,0,1,0,0,3,12,1,3.12227282454784,0.7994632815851243,1.4661374141049162,3.046520802912601,8.329136126406405,1.8371557654180555,3.9688416239903357,5.3571246639835355,22.33674243046662,5.213493843534931,10.867094846683827,19.822388393679766,3.0326257966766876,4.430567254942246,3.7805888786005526,1.3308979621251673,4.49,0
2024-05-19,Sheffield United,Tottenham,A Madley,0,3,A,0,1,A,6,18,1,9,2,6,2,0,0,0,11,9,2,1.1730462575475529,3.289544634547852,1.3491108519651822,2.4451771060132574,5.17522893092259,5.816779156130068,5.213378394158815,8.054379387210112,12.392494272990533,16.147210311993323,12.987562016358948,16.33630206596913,3.4469113123417734,4.084624291812399,1.2349856437484534,1.1193593415494962,3.43,0
2024-08-16,Man United,Fulham,R Jones,1,0,H,0,0,D,14,10,5,2,7,8,2,3,0,0,12,10,5,1.8670851339267733,1.436561065767449,1.7192194902825841,1.622108172404331,7.05307071379981,7.26110463590766,6.063008480485859,5.043561400542454,17.588998999047913,16.618338454187377,15.930801844816136,13.571404040566959,3.949184098031816,4.260241884694707,1.9178351053754032,2.085128678514559,3.98,1
2024-08-17,West Ham,Aston Villa,T Harrington,1,2,A,1,1,D,14,15,3,3,5,3,1,2,0,0,18,11,3,1.6667203256901826,1.5744569012409935,1.2015025797211567,2.0084294612131566,5.648912867504095,5.750816954692357,5.2566804257862625,4.557620303108054,14.745299773792256,14.736846402670022,9.717550718553117,15.037332779450114,3.8160477560753785,4.502297145168485,1.8621125534176883,0.7939024861722564,3.69,1
2024-08-17,Nott'm Forest,Bournemouth,M Oliver,1,1,D,1,0,H,14,13,8,4,2,6,1,3,0,0,17,8,4,1.4583195856211681,1.8057220583906848,1.09667992799118,1.8775427269258202,4.762394079252315,5.678931500084458,5.181708269380707,6.16251074002668,14.85526048319069,12.908614205421637,14.830700194633089,16.896607970873475,3.365408520802052,4.364266566551722,1.473945874075416,0.8755974383957876,3.43,1
2024-08-17,Newcastle,Southampton,C Pawson,1,0,H,1,0,H,3,19,1,4,3,12,2,4,1,0,15,16,7,2.7424123044093625,1.2124386251745745,1.24830755067075,2.3479656733825096,6.869150772860193,4.064737409790269,4.327538389577789,5.904943655251791,18.352121970422616,12.718439558117486,9.932899048845062,16.949271021675013,3.705509263991689,4.256573603303063,2.7441591112443273,1.4939225704694297,3.87,1
2024-08-17,Arsenal,Wolves,J Gillett,2,0,H,1,0,H,18,9,6,3,8,2,2,2,0,0,17,14,4,2.591460711243292,0.7161320134093528,1.0271911862085605,2.2852474970680685,6.17464009857682,2.3268201103874273,2.4639035457111405,7.494232035992934,21.422973420474225,7.039097075055001,8.380610320910097,19.108252605477087,4.463416078424715,3.692997688589581,2.576408463212954,0.8037572650752118,3.81,1
2024-08-17,Everton,Brighton,S Hooper,0,3,A,0,1,A,9,10,1,5,1,5,1,1,1,0,8,8,3,1.2768737833016355,0.5699021429643414,0.9004289685896496,1.61339295054147,4.660526413551349,6.275229837056364,4.233414040302238,5.663113023814622,14.889862576726347,12.511815756307564,15.417775484629928,14.410316267866127,3.460393613591569,4.84143808226138,1.265434495966203,0.7341926106822245,3.87,1
2024-08-18,Brentford,Crystal Palace,S Barrott,2,1,H,1,0,H,9,14,5,6,4,7,1,5,0,0,6,15,6,1.2924612436373755,1.6726502903171092,1.259213002387701,1.3923672550335655,4.72155092734503,4.783588040789747,4.009079754114757,6.9171253643771715,11.881216131565521,14.158708544445046,9.840036288456107,13.663893357233942,4.134032785173731,3.4825742072966954,1.2421990444376965,1.5613690710799057,3.95,1
2024-08-18,Chelsea,Man City,A Taylor,0,2,A,0,1,A,10,11,3,5,4,3,1,1,0,0,12,9,2,2.995748134698671,1.0810621015291964,2.630391469457392,0.5467735554619123,6.496726303790146,5.381398776783495,6.0552731117960175,4.408685331417778,18.572794715287568,15.672338227832304,14.357576426668267,9.350714285918285,4.285030036952773,3.1180119288659207,3.212351294787302,2.738237433798323,3.72,1
2024-08-19,Leicester,Tottenham,C Kavanagh,1,1,D,0,1,A,7,15,3,7,2,13,1,1,0,0,11,12,2,1.258082379222326,1.6417577287808085,1.6492725866843267,2.0005993445626156,3.16776865789167,6.018434533397845,5.356400538351788,6.9535828729946765,11.332679004045165,15.653495400591337,13.89891459392771,14.45697397032104,3.25049723242053,3.7056016030916408,1.3114083659197626,1.7462395610330232,3.7,1
2024-08-24,Brighton,Man United,C Pawson,2,1,H,1,0,H,14,11,5,4,4,4,1,2,0,0,9,13,3,0.9258271000505959,1.6279668474684503,1.530684584421342,1.918375401832012,6.407301313492748,4.201235184418637,3.873899986042618,8.461091071865633,14.186520710975357,10.545944937515017,11.462399136307585,20.928849114186157,4.259340677697051,3.903674103504486,0.5822195701317585,1.536231045968597,3.87,1
2024-08-24,Crystal Palace,West Ham,R Jones,0,2,A,0,0,D,14,18,2,3,3,3,1,1,0,0,9,17,2,3.0120001280874176,1.0268432731592838,1.3813851368234396,3.038062473097183,5.217306107583698,3.7169313645065274,3.6108703344293884,6.383102241992823,15.433169041936305,8.759344234050452,9.43671362503026,21.30922722143171,4.2594998160802175,3.8068276055903074,3.7095051628937346,1.2205986414167738,3.98,1
2024-08-24,Fulham,Leicester,D Bond,2,1,H,1,1,D,18,10,6,4,7,5,2,2,0,0,14,13,4,1.258111522198086,1.6877692812250613,1.208433904336975,1.9432183666329113,4.711681476900851,5.936078991899234,3.682291672480404,6.582700415044973,10.947314217905639,14.159036529770198,10.239755122494957,17.88837812721132,3.166508397408186,3.488336649048012,0.8456039497185178,1.106141132109773,4.22,1
2024-08-24,Southampton,Nott'm Forest,S Barrott,0,1,A,0,0,D,5,23,1,8,4,10,3,3,0,0,14,14,6,1.2086400102557495,2.3378145579500096,1.4111107123504716,1.727782954221963,3.8318257885119245,5.584513318115964,3.4858122426269724,6.521892267428729,10.867080239797845,15.43123131960135,11.530760495773553,14.32688614488498,2.8204735035952826,3.6010700083641636,1.5753258747311913,1.6408790584832769,3.95,1
2024-08-24,Tottenham,Everton,A Taylor,4,0,H,2,0,H,13,10,7,1,12,5,0,0,0,0,11,15,0,1.8059503141863185,1.5762994498532992,0.7650064714180747,2.037516643762335,7.76669378579936,4.351994137918338,4.769039634143752,7.371633649638681,15.628846315045756,9.449682747628573,9.978048436542602,18.12472095216208,5.196804338439084,4.382775316436834,1.4704445388452465,0.774819739422877,3.72,1
2024-08-24,Aston Villa,Arsenal,M Oliver,0,2,A,0,0,D,11,9,3,4,4,1,1,3,0,0,8,15,4,2.3524863315536386,1.987718739405716,2.4091165256941363,0.544430250697635,6.111701885622219,3.857028661473065,5.8731936541865055,4.329993267410874,13.960963020772162,12.960093057521375,15.19181302769147,10.27148632389002,4.701262727203055,3.0888108200906017,2.5221121137306763,2.1764604649847907,3.43,1
2024-08-25,Wolves,Chelsea,D England,2,6,A,2,2,D,12,14,4,8,5,5,2,3,0,0,13,13,5,1.144257002946717,1.6299314613458171,1.8410614658019382,2.0719636419965624,5.3603238324871105,4.905060062603794,4.705474733829531,4.721394239801078,12.195818169997542,15.001762028584128,12.440372646735536,16.362337140802826,5.310429934802081,5.295163359452649,1.0523212931661825,1.995307156249416,4.1,1
2024-08-25,Bournemouth,Newcastle,D Coote,1,1,D,1,0,H,16,14,4,5,8,9,2,2,0,0,19,8,4,1.759241963263468,1.3658939930996588,2.2491868538580992,2.066640956806037,7.0673305228124095,4.746638437009069,4.591756559920258,6.056158231297287,15.412337315665557,10.006673499655204,13.28397680175641,15.493500781787034,4.2617582992439855,5.071836751800977,1.8092938167117412,2.681037146561116,4.23,1
2024-08-25,Liverpool,Brentford,S Attwell,2,0,H,1,0,H,19,8,8,2,9,4,2,3,0,0,10,7,5,2.386082809585382,0.9681066706484291,1.7841464228412824,1.6221890454189765,9.327659002629487,2.5979827793149597,5.569831163582788,5.8359168085835,26.995321776861164,8.206682881969051,11.212279213930731,14.5397372099603,4.015195425095589,4.194021566411624,2.3198450739597303,1.928592263052995,3.99,1
2024-08-31,West Ham,Man City,M Oliver,1,3,A,1,2,A,10,23,2,8,3,11,3,2,0,0,10,3,5,1.5454984246862307,1.651828388809306,2.515774816327471,0.4473601623826338,5.530928686800828,5.250668320080812,5.4997688014770345,4.334378893053824,14.609790697623945,14.784692520592623,13.747107866578324,9.468766256921594,3.667675407896159,2.9147369931244236,1.5747417022784511,2.4921582891988754,3.43,1
2024-08-31,Nott'm Forest,Wolves,S Hooper,1,1,D,1,1,D,16,11,5,3,7,3,3,4,0,0,15,18,7,1.3749554765503753,1.6591686409420494,0.8404291159839787,2.233384305683562,4.259940052533833,5.737330901475693,2.3795574300660776,7.586189865537679,14.699696482782512,12.925236439307685,8.49322664812913,18.90675209251546,3.4808348629156103,3.7488163015338514,1.3159638946189807,0.5358381767168006,3.87,1
2024-08-31,Leicester,Aston Villa,D Coote,1,2,A,0,1,A,9,10,3,5,1,4,4,5,0,0,13,21,9,1.2111578965692107,1.5250734766345755,1.346683957134169,1.825078614379285,2.9554452118074863,7.287821264163153,4.846374813925649,4.638052990933014,10.54491223988459,15.53467700748236,10.677996229481657,14.848726782822544,3.023132094717981,4.22915215649334,1.2076055772734897,1.1959349907815153,4.23,1
2024-08-31,Brentford,Southampton,J Smith,3,1,H,1,0,H,20,18,7,6,2,8,2,1,0,0,10,7,3,1.421105788063028,1.5503491592801573,1.0213405404327451,2.1028788447186155,4.590358693006654,5.186575586260737,5.7225437085376045,5.376767424972574,11.357354034536984,14.12985219104675,11.58147739262262,14.413017566276121,4.473302542633493,4.755382800388949,1.494799362973922,0.9959483802824803,4.12,1
2024-08-31,Everton,Bournemouth,S Attwell,2,3,A,0,0,D,18,17,8,7,8,4,2,1,0,0,6,1,3,1.0447148684017482,1.011738203010275,1.0790947400243824,1.7179257917198416,3.9949760269383097,6.043369821532004,5.330547994374392,5.4053883952121335,13.818978263331978,12.05512189350073,14.497712699685707,16.369741674090736,3.3766856675470636,4.298009834922624,0.8436229973107904,0.9170649645558682,3.99,1
2024-08-31,Arsenal,Brighton,C Kavanagh,1,1,D,1,0,H,11,22,7,4,3,7,3,2,1,0,12,7,6,2.483922379167035,0.5859261674342756,1.2821692304557026,1.320048720592352,6.506523781645644,2.267398260563855,4.372793332843386,4.815274127110924,20.80061449555868,7.395624949017705,14.432725204694961,13.426622209425041,4.379158593212625,4.506631093016351,2.384272308808631,1.489461740454837,3.7,1
2024-09-01,Chelsea,Crystal Palace,J Gillett,1,1,D,1,0,H,13,9,7,3,4,5,4,2,0,0,9,13,6,2.4510665495958235,1.2481417519686693,1.212083356412305,1.50284595745025,6.042775978338911,4.948417096689455,4.552883541080592,6.386738831207387,17.014104463527193,14.822822020980585,10.596393474205291,12.815912581699104,3.8695699493308724,3.9402880769195674,2.1415675298581722,1.3742460473865987,3.81,1
2024-09-01,Newcastle,Tottenham,R Jones,2,1,H,1,0,H,9,20,3,6,7,12,4,4,0,0,16,13,8,2.4256100055525995,0.9919951958518918,1.5312230024810083,1.8186721555788006,6.165668677168133,5.507512707146005,6.746146165642512,6.052931266155755,15.560826523155935,13.860541679044974,14.09911197947107,13.101160257151962,4.304507696273498,3.395492160323229,2.1627727408295354,1.4974930406886755,3.98,1
2024-09-01,Man United,Liverpool,A Taylor,0,3,A,0,2,A,8,11,3,3,5,2,4,1,0,0,7,7,5,1.7094332606948284,1.1753680938562923,2.0652147006989825,1.3786080576703015,7.043421491229927,7.395449273721961,7.737408831387496,3.820855859646273,16.936453599422524,15.4150039554624,18.781534308127526,12.082312007433295,4.140241571958235,3.6585461982253236,1.6118900702502605,2.1017446639498356,3.72,1
2024-09-14,Bournemouth,Chelsea,A Taylor,0,1,A,0,0,D,19,10,7,3,6,3,6,8,0,0,16,9,14,1.6211428467903288,1.2993412475787198,2.5972322556337644,2.0588793409038058,7.2369745058813155,5.520285709302982,4.759024792652051,4.772049842428766,15.519227742456492,10.733022790355589,12.72394131163977,15.569184778932287,4.214146876793456,5.241497283647139,1.5395291745458093,3.3302047708329803,3.72,1
2024-09-14,Aston Villa,Everton,C Pawson,3,2,H,1,2,A,17,6,8,2,6,2,1,4,0,0,10,12,5,1.9247614607068757,1.9899516963122312,0.6259143586200654,2.394331868925116,5.7277560134699605,3.3375688036863407,4.811032436113123,8.213154968120637,13.422606003069363,12.240075997761949,9.982039630675704,17.192953324869812,4.5737603883374,3.585906921909211,1.681408075820428,0.5165464929485776,3.87,1
2024-09-14,Man City,Brentford,D Bond,2,1,H,2,1,H,18,8,7,5,12,3,3,1,0,0,9,3,4,3.2636702654550067,0.8657564245489996,1.4597533041731063,1.6908825518792598,9.03024828726357,1.7091703634975468,5.284404799234208,6.411209733563606,21.66343901655428,4.118123764600362,10.628223298508454,15.350701230635476,3.0879561225994534,4.340564391767098,3.680261723822465,1.2857281753293242,4.22,1
2024-09-14,Liverpool,Nott'm Forest,M Oliver,0,1,A,0,0,D,14,5,5,3,7,2,4,4,0,0,15,6,8,2.315885921445759,0.7920872417085304,1.336333462283563,1.4135151568918465,9.26808462691402,2.8528950508971733,4.6706829654813395,6.06318330398397,25.541626625260548,8.169104168838734,13.616909469079003,12.63041150520913,4.194250837218687,4.037413266976783,2.2132300493064836,1.4272526766756914,3.43,1
2024-09-14,Crystal Palace,Leicester,T Harrington,2,2,D,0,1,A,20,9,4,4,5,2,0,3,0,0,11,15,3,2.4643636345202924,1.2037808943129449,1.1705364967035934,1.9535423909928007,4.814159464063082,3.586580181940026,3.921877117030621,6.658573735782247,15.172592801750907,10.439463791395497,10.196162897716146,17.9086731921017,3.848681587702698,3.5813671694125904,2.4730034419291225,1.0707607547376836,3.69,1
2024-09-14,Southampton,Man United,S Attwell,0,3,A,0,2,A,6,20,4,10,0,7,1,4,1,0,11,14,6,0.9888853436798898,2.0945734029096212,1.4341964593736276,1.9332162407525357,3.8624031874550555,6.387336156441707,3.896827265772263,7.6499834463054,9.80032897314255,16.807383212338102,11.378326549698253,19.669058120831174,3.3985743269650803,3.7393696890538606,1.050217249788661,1.3574873639790597,3.99,1
2024-09-14,Fulham,West Ham,T Robinson,1,1,D,1,0,H,21,11,5,3,3,2,2,3,0,0,15,18,5,1.3930015255840684,1.562719218514701,1.4938605883944316,2.4856873704237072,5.127743058344452,5.76588131102819,3.499802979268447,5.767992623667383,12.229632029129263,13.402841402915945,10.99367508730529,19.980276558746322,3.31805366123127,3.4783134315108826,1.2304026331692257,1.4803990942778562,4.27,1
2024-09-15,Tottenham,Arsenal,J Gillett,0,1,A,0,0,D,15,7,5,4,7,6,5,3,0,0,13,10,8,2.2048685165617017,1.2896994940698991,2.334731688355577,0.44544291311300976,8.536385974628335,4.469813408512686,4.987158271795311,4.269994479834327,15.15087416468842,9.549740449362321,14.06602862161266,10.403943381703593,4.2519306383624675,3.2544816123354696,2.3136296925635205,2.117640309989859,3.81,1
2024-09-15,Wolves,Newcastle,C Kavanagh,1,2,A,1,0,H,12,14,5,6,4,7,3,3,0,0,17,6,6,1.2998466690728139,2.4244895321903375,2.0220619271100406,1.8727061996215288,5.294810395641008,4.922321872764524,5.393255523284672,6.409584076248239,12.160214859428535,14.819623442464327,13.414162863152043,15.585591566667835,5.2539881174834235,4.876957304433428,1.3682141954441305,2.1206914310407288,3.7,1
2024-09-21,Crystal Palace,Man United,D Coote,0,0,D,0,0,D,9,15,4,6,4,11,3,1,0,0,7,12,4,2.3799338693374845,1.3485480275030133,1.7188880575735224,1.5817223227954555,4.847948657798741,3.298111011990329,4.461040580071082,6.25907714355161,16.050303341274553,10.177743060351977,12.945903790417812,17.183774430164615,3.694375819899125,4.150393447439876,2.3153356279527455,1.9049915759860498,4.23,1
2024-09-21,Tottenham,Brentford,J Brooks,3,1,H,2,1,H,23,6,10,6,9,4,3,1,0,0,11,9,4,1.8039832678609111,1.2370268503923483,1.3761611913406355,1.7470861296833797,8.257043025643897,4.748029196746443,4.869055476022549,7.42736074826749,15.123442494010858,9.086151202889232,10.150361069953101,15.83239539062407,4.933397903599201,4.278643146601674,1.542419795042333,1.1904854502156639,4.49,1
2024-09-21,Liverpool,Bournemouth,T Harrington,3,0,H,3,0,H,19,19,13,6,3,9,1,4,0,0,10,12,5,1.8948156868227857,0.8298895674207768,1.4284643398517534,1.7692287660631532,8.855705538136087,2.6978231987543664,5.088551145268157,5.877290074571215,23.443148722689543,7.592903319064354,14.952822657984749,16.666249112955988,4.886205340697905,4.0619309475106204,1.4754866995376423,1.611376705829221,3.69,1
2024-09-21,Fulham,Newcastle,P Bankes,3,1,H,2,0,H,22,15,11,4,6,0,6,0,0,0,16,8,6,1.3215461873151189,1.460405895303935,2.0180506669963902,1.7140323198640335,4.740877893489286,5.0811706790266555,5.685390929232186,5.971477810765078,13.824255890119016,12.965957996428333,13.520678723186041,14.933665723405031,3.62386429239441,5.081146917978219,1.1536017554430174,2.080460954027152,4.09,1
2024-09-21,Aston Villa,Wolves,T Robinson,3,1,H,0,1,A,9,10,4,4,6,5,3,6,0,0,11,16,9,2.1202594080898693,1.991778660910181,0.869442008609396,2.009132578011995,5.777254927998244,3.0943744369962163,2.4923651880272577,7.479609873004423,14.073041378869751,11.105516544676924,8.949003693813635,18.378251627854308,4.651258511896238,4.3399407045272875,2.120938717213627,0.6905587844778699,4.27,1
2024-09-21,West Ham,Chelsea,S Barrott,0,3,A,0,2,A,15,12,7,5,6,5,5,2,0,0,17,9,7,1.4463168771229116,1.896950538989186,2.306826344703906,1.6845375829153337,5.07075976133841,6.296001519342012,4.439202052122915,4.995313543013401,13.771646800881586,16.278385027559636,12.228679176069924,16.192969463966,3.9099162814193678,6.833952576703345,1.3831611348522974,2.553469847221973,3.95,1
2024-09-21,Leicester,Everton,D England,1,1,D,0,1,A,12,16,2,5,6,1,1,2,0,0,11,12,3,1.1727652747973514,1.6114243764931389,0.8757481514032214,2.5044533648475706,2.5999071541156153,6.690031267675294,4.299935548116145,7.810763091623631,10.264017079152755,14.528364838105219,9.258032309745209,17.15787089657667,4.109843189098699,3.8430147952532896,1.1384037181795035,1.0110309952990608,4.1,1
2024-09-22,Brighton,Nott'm Forest,R Jones,2,2,D,2,1,H,14,4,3,3,9,1,3,4,0,1,12,11,8,0.9172892143760434,1.2385562573365259,1.275161946137028,1.1564284410589707,6.52059015352846,3.7710747243395977,4.184945611142565,6.233569257429105,15.39758843749164,9.786954754599812,12.049686828958256,12.879508946047693,4.570302486680304,4.758118951969879,0.7032086978363392,1.2848351049038729,3.98,1
2024-09-22,Man City,Arsenal,M Oliver,2,2,D,1,2,A,33,5,11,3,8,2,3,4,0,1,7,10,8,3.0339119987658427,0.8901643512470865,2.0920531608986868,0.36445327964326424,9.57020323015353,1.9438666984366448,5.17131134262742,4.766359198948189,20.99735908923883,4.82391955621546,12.781295940264663,11.239590172715818,3.253782308547226,4.117303274835195,3.1201744825483,1.7450935399932326,3.43,1
2024-09-28,Newcastle,Man City,J Gillett,1,1,D,0,1,A,11,16,4,6,5,6,4,4,0,0,14,10,8,2.3482263558501826,0.9934506150197974,2.603815772840587,0.5478401488675797,6.317365305488579,6.687965130286976,6.499810996904711,4.091764510207472,14.367948783434937,14.976807006159467,15.429452158877776,9.565354225597538,4.976415494912428,3.2938757820538727,2.1085151605530226,2.66143885946592,3.81,1
2024-09-28,Arsenal,Leicester,S Barrott,4,2,H,2,0,H,36,5,16,3,17,0,2,4,0,0,11,6,6,2.2141182672407993,0.6612123308048953,1.3213491306283798,1.9619892899249167,5.868973901586429,3.1278714411933364,3.5724423933239304,6.357012699452468,19.018684303367706,10.050966290442688,9.978677165684832,18.2889171727509,4.673857077763422,3.4756632852174842,1.9228482058724121,1.380507169837759,3.95,1
2024-09-28,Brentford,West Ham,S Hooper,1,1,D,1,0,H,8,19,3,3,7,7,2,3,0,0,2,11,5,1.7081795337365906,1.450284953972172,1.4040677398345751,2.2155623509451297,4.119380987839679,5.698110987755906,3.2271114850455564,5.264721157361877,12.928755545213377,14.833520504874791,10.994825071614823,20.165680850332144,4.205427420775067,3.754983760771463,1.9965329086697499,1.3202660628519012,3.87,1
2024-09-28,Chelsea,Brighton,P Bankes,4,2,H,4,2,H,15,15,7,5,8,2,3,2,0,0,11,8,5,2.187236225816133,1.203025062604292,1.2308657258352358,1.2618580348497337,5.671362104919635,4.957795807876552,4.850467348432234,4.485224233232542,16.28426717205847,13.76412693939751,15.808593568507298,12.985418101052531,4.2569209293493815,4.778152755728348,1.761045019905441,1.3263078269698882,4.09,1
2024-09-28,Everton,Crystal Palace,A Madley,2,1,H,0,1,A,8,17,2,5,5,8,2,1,0,0,13,11,3,1.2184031018199135,1.3732404055141503,1.1735227400118184,1.4114194051654079,4.723162319877531,5.671847976605872,4.634177455654527,5.952786247302535,14.579164154752531,12.954190783381891,10.306140069013999,12.849383026722883,3.3081973534447284,4.314781213509726,1.2290819982072005,1.2494973649243968,3.43,1
2024-09-28,Nott'm Forest,Fulham,J Smith,0,1,A,0,0,D,11,14,1,2,6,5,2,4,0,0,11,15,6,1.3067594819196204,1.5392806438069908,1.332697862387094,1.4164510947356248,4.758295524454095,5.239471781835509,6.339701887793956,5.872142121043683,14.936192539579277,12.575079095065451,13.78837255763327,13.16763119722856,4.12089210118108,4.504791786020416,1.210642586887634,1.2600571904172555,4.12,1
2024-09-28,Wolves,Liverpool,A Taylor,1,2,A,0,1,A,8,10,3,6,2,10,2,3,0,0,16,8,5,1.2453290841916953,2.347309604949881,2.235175691287441,1.1279520072487992,5.059390286197766,5.3000815924487785,6.694243423113808,4.035245737504804,12.131084880345824,14.67060097463677,17.36670966304981,11.340073342369422,5.389626663188076,3.9024469283167784,1.2454761302960848,2.4011631092998957,3.72,1
2024-09-29,Man United,Tottenham,C Kavanagh,0,3,A,0,1,A,11,24,2,10,5,3,5,3,1,0,16,14,9,1.3986271637763172,1.50711940237535,1.434636986641265,1.8516408598172407,6.671890251811766,6.414458340384372,7.70139246953932,6.225125608835177,15.311643595198708,14.612275835664791,15.172000881415286,12.355494637047784,4.296561311053424,4.232675537285792,1.0745933801668306,1.3316620271257806,3.7,1
2024-09-30,Bournemouth,Southampton,M Oliver,3,1,H,3,0,H,14,9,6,3,7,4,2,5,0,0,19,12,7,1.326293309206507,1.2448977859164145,1.017460414183368,2.2659929586488157,7.011996576401388,5.06190224393572,6.136629657586628,4.762805282590583,16.152302176707156,10.599702379262474,12.748489921175624,15.428839881752147,5.993974159721244,4.436219988980328,1.0263527366200291,0.9972989201883753,3.43,1
2024-10-05,Crystal Palace,Liverpool,S Hooper,0,1,A,0,1,A,9,16,5,4,3,8,4,2,0,0,7,15,6,1.947218563959335,1.1033574450854815,2.192416469115738,1.1046880028981976,4.69377615446506,4.69845464690106,7.295290151807719,3.6652010097203593,14.7684298393955,11.054517163672996,16.027307731530538,10.732787200956116,3.749943859888451,4.102002058272696,1.5435570853018212,2.267442072866596,3.87,1
2024-10-05,Arsenal,Southampton,T Harrington,3,1,H,0,0,D,29,8,6,2,13,1,0,3,0,0,10,9,3,2.538824079161228,0.9046283023896552,1.014285774686454,2.399449571992283,7.892797092391304,2.5591674686597035,5.748149245265494,5.1695703591568,22.10619665069042,9.132608663374642,12.066942276739786,15.169049279092945,4.914974004146933,4.90236456028923,2.615232137248283,0.998199280125608,3.69,1
2024-10-05,Brentford,Wolves,A Madley,5,3,H,4,2,H,19,17,12,6,10,3,2,3,0,0,9,10,5,1.5794188585833089,1.3684144791521715,0.893179828320273,2.1892903145856404,4.64313299025649,5.934819477913346,2.948298849638505,7.210589861025745,12.032612884441132,15.591066702198491,9.14009395621212,16.673114745967002,4.349896015086832,5.187224323244852,1.6643552724374655,0.7937058563185811,3.43,1
2024-10-05,Leicester,Bournemouth,D Bond,1,0,H,1,0,H,6,17,2,2,0,9,4,1,0,0,12,14,5,1.1413532212625996,1.5002556519367556,1.1686741338311057,1.993065164010562,3.2181095019156816,5.65547402227816,5.799913743172049,5.3540066012633725,10.579652200325288,14.79593644671282,15.688869758462845,17.090680865875317,3.9080523274105476,4.232534543000516,1.0922691454517477,1.074251104835202,4.22,1
2024-10-05,Man City,Fulham,P Bankes,3,2,H,1,1,D,20,11,7,4,8,3,2,1,0,0,4,10,3,2.845927974485102,1.091952677324971,1.2722069849439317,1.1589130121007742,9.284711696546008,1.9540727545967822,6.096118288778742,5.895389145327506,23.17965772112901,4.855934186531452,13.826850501518946,12.773514108069245,4.116731092212329,4.776649429393591,2.746782988365529,1.1733714602758127,4.09,1
2024-10-05,West Ham,Ipswich,A Taylor,4,1,H,2,1,H,23,9,13,2,5,5,0,1,0,0,12,6,1,1.1833501379117788,2.097505012589483,0.6710963455149501,1.4784053156146177,5.239712554028422,6.060364848744631,4.946843853820598,6.455149501661128,13.994983775289498,15.500496739327016,7.46843853820598,15.096345514950167,4.471749758036888,6.863787375415282,0.9221074232348594,0.6842105263157894,3.72,1
2024-10-05,Everton,Newcastle,C Pawson,0,0,D,0,0,D,8,14,2,3,0,10,1,2,0,0,12,8,3,1.360511647286666,1.3053785047561768,1.8329505215951218,1.9478446558224984,4.7734964500975945,6.095148399676112,4.651683352802042,5.97666366402926,13.382952334316853,13.689792555021869,13.789646263123249,16.218453941176843,3.252161463695532,5.248211136487531,1.4860546654714701,1.7203073026847637,3.87,1
2024-10-06,Aston Villa,Man United,R Jones,0,0,D,0,0,D,11,10,1,4,6,3,1,5,0,0,12,11,6,2.2802122638336795,1.811455244510906,1.406362915456513,1.2941364084345655,5.817754037277926,3.440851857253753,5.6499424477677405,5.848335791180817,13.150670098837212,10.904513510351588,13.319375877208564,15.695815248895276,5.441938885531698,4.1230491807044585,2.4139591448090885,1.2699943839906924,3.98,1
2024-10-06,Chelsea,Nott'm Forest,C Kavanagh,1,1,D,0,0,D,22,16,8,9,11,3,6,2,0,1,12,11,9,2.516829682269097,1.3479296155656384,1.4069859070797346,1.3098460819314004,6.094750868307979,4.420014681795179,3.6057098168705473,6.736691101289016,16.050764019427127,13.988831161526214,10.58571622685433,13.083289043057865,4.3920262325342145,5.347709410664552,2.5073633466036367,1.5232234176421133,3.7,1
2024-10-06,Brighton,Tottenham,D Coote,3,2,H,0,2,A,11,13,4,3,4,7,2,2,0,0,14,10,4,1.1141457465148576,1.3770005922316917,1.7192484807168316,1.5149788414185863,6.971392002561428,3.2672428905995803,6.846593727284537,6.0023754691007145,15.143481415732031,8.734781025695625,16.77709183948456,12.109041034548376,5.193883934026967,5.099461916225961,1.1354724652242314,1.8877746847505272,4.23,1
2024-10-19,Southampton,Leicester,A Taylor,2,3,A,2,0,H,14,18,7,4,10,6,5,3,1,0,10,10,9,0.8437984233696967,2.030251237202895,1.4447409260288862,2.332538878691334,2.949206661541358,7.135328618451413,2.922903579227547,8.292112720255988,9.453110734437892,16.590065165346488,9.073457793075502,21.509133055720095,4.622193341341219,3.934636305794088,0.8000965554548246,1.5870047798974554,3.72,1
2024-10-19,Newcastle,Brighton,P Bankes,0,1,A,0,1,A,21,10,6,5,9,4,2,2,0,0,11,9,4,2.103094259195335,0.9946414124441545,1.3707083393674577,1.75970209341114,6.077844309630927,6.562880544838171,4.332200490248205,5.1242744559498155,13.755594379349033,15.162842120199734,15.661576536886647,13.351705766791337,5.5261582038641786,4.818488623581278,1.739010107035344,1.5508718846465948,4.09,1
2024-10-19,Man United,Brentford,S Barrott,2,1,H,0,1,A,23,8,11,2,9,2,2,2,0,0,14,5,4,1.1443312826676042,1.778552273690423,1.3077678438120433,1.9748899960273696,6.367910166401717,5.793647652114411,4.711044456912893,7.713296845230365,14.527708293879801,16.31913499713677,9.395745512684215,17.135603920056518,5.151732093248933,4.227980457305979,0.7163955867778827,1.1269903001420492,3.95,1
2024-10-19,Bournemouth,Arsenal,R Jones,2,0,H,0,0,D,13,6,4,1,7,4,1,1,0,1,12,11,3,1.6306849512579307,1.2003590148163754,2.075316220371685,0.6618254493819175,7.009814797712266,4.868777504990905,4.594709205167096,5.354293966690242,15.760869915987598,10.308769662857774,11.366514675789153,15.196028838882691,6.176936837204139,4.823248225981309,1.6842351974116154,1.8300623599954895,3.98,1
2024-10-19,Fulham,Aston Villa,D England,1,3,A,1,1,D,10,14,4,5,6,11,3,3,1,1,8,11,8,1.6267214089070088,1.3766952384721944,1.5626562308632628,1.7341435233915634,4.969810536712275,4.157316012190318,3.839308628456693,5.071754538069932,15.310763592359818,13.335785997935416,9.908410598753218,14.006172364618143,4.055891516271959,5.079019322984605,1.7690678369787505,1.642637773680679,4.1,1
2024-10-19,Tottenham,West Ham,A Madley,4,1,H,1,1,D,22,11,7,4,13,5,1,3,0,1,10,15,5,2.021440883869801,1.1939310537940597,1.3306008684695108,1.9945509855991561,8.39212612949956,4.612023870517771,3.913091304459907,5.580226442606389,16.555544045421374,8.525032729217898,12.45031161196394,17.953738589201155,4.763689171731081,3.981350379230699,2.0282798633615613,1.2135107085679329,3.43,1
2024-10-19,Ipswich,Everton,M Oliver,0,2,A,0,2,A,13,11,2,8,5,8,1,1,0,0,12,10,2,1.1328903654485052,1.6710963455149501,0.8983393995475748,2.230916353763131,7.18936877076412,4.664451827242525,3.6999471884274824,7.481533395683583,11.53156146179402,10.61794019933555,10.483844776858145,16.22007606585957,4.730897009966777,3.6897393579539024,1.263157894736842,1.0073539968660405,3.43,1
2024-10-20,Wolves,Man City,C Kavanagh,1,2,A,1,1,D,3,22,2,7,1,18,4,1,0,0,8,5,5,1.2007237903422057,2.2841623958181887,2.312212867038755,0.6300510416084649,4.503137434377334,6.15461232339806,6.408936258348557,4.256898257150723,11.379978440552385,13.821400686730431,15.533188143513673,9.826198945855605,5.318785442464648,4.149534842312951,1.1636507535307223,2.107625906310607,3.7,1
2024-10-20,Liverpool,Chelsea,J Brooks,2,1,H,1,0,H,9,12,5,2,1,6,4,3,0,0,12,13,7,2.0957583154130273,0.6790005354929324,2.4328579348232715,1.3782579824594212,7.791031665141271,3.843673675623809,4.541165328664975,5.177983831732503,22.63530339507363,9.666921167780131,12.1871011386372,15.976065896788079,4.906895281449921,6.864143021238289,1.9836577996917677,2.702313231481317,4.49,1
2024-10-21,Nott'm Forest,Crystal Palace,T Robinson,1,0,H,0,0,D,20,20,6,7,6,6,2,3,0,0,9,12,5,1.0691033461965793,1.4412034110409946,1.1419731468060335,1.518434072721865,4.984120315818721,5.195919820611448,5.246145270764679,5.779552361574278,14.220329887452897,12.834224867997026,11.523205669665119,11.967676906927146,4.462639398995918,4.0757300526185665,0.8070950335944739,1.1663315766162636,4.27,1
2024-10-25,Leicester,Nott'm Forest,C Pawson,1,3,A,1,1,D,11,20,1,5,6,7,5,2,0,0,16,9,7,1.1156525114748852,1.2274805798627042,1.3329722884698652,1.2534981118004835,2.6329958579883836,6.263572590978017,3.4955566774270053,7.512007674556595,9.74698414311441,15.196677209680495,11.570346719606748,14.70486372793329,4.106589226576475,6.011907452977919,1.061512763633941,1.3488156047511661,3.87,1
2024-10-26,Everton,Fulham,J Brooks,1,1,D,0,0,D,10,14,5,3,4,2,1,0,0,0,8,8,1,1.1131458668514607,1.0680369331229314,1.404533626660379,1.493657717225191,3.9055879120575128,6.805121493639822,5.533184972526179,6.2780475121398585,12.404233623691045,13.746193914669808,13.312875201176665,14.087426978498227,3.2063139199518753,4.4536207005715855,0.9907031103143095,1.448914306855538,4.49,1
2024-10-26,Man City,Southampton,T Harrington,1,0,H,1,0,H,22,5,8,2,12,1,1,3,0,0,9,9,4,2.873941073021035,1.2570522081474946,1.0116883485646455,2.508641086166837,9.051127726806293,2.1442413649527485,4.8848452137668374,6.593291714176787,22.60153807380917,5.973037180853467,11.32749465577827,17.683779735117326,3.9136890537907667,4.556478424566882,2.831188658910353,0.9987995200837495,3.69,1
2024-10-26,Brighton,Wolves,M Oliver,2,2,D,1,0,H,19,14,6,7,9,6,3,3,0,0,12,10,6,1.4570283746281554,1.4902732239071534,1.2762380822084731,2.700328493711803,6.4311388535652965,3.9459260737853987,2.9576990597977306,7.717755394931574,14.390121077975687,9.510275467371317,10.569167934774914,17.09618483727785,4.976814104688412,5.153183533569673,1.756981643482826,1.5291372375457266,3.43,1
2024-10-26,Aston Villa,Bournemouth,A Madley,1,1,D,0,0,D,18,11,8,3,9,7,7,6,0,0,12,14,13,1.8656281716459722,1.4820997103811266,0.9561414634955482,1.8124683791459073,5.850889670397876,3.360696965567694,6.381874837183951,4.380337990809507,12.759639130070038,10.740056490929128,15.927309203065002,15.07375249206346,5.543404553529691,4.37210422991717,1.609306096539386,0.7161673888304559,3.43,1
2024-10-26,Brentford,Ipswich,L Smith,4,3,H,2,2,D,20,11,9,5,5,5,0,1,0,1,7,10,2,2.201345705638048,1.665067824513477,0.7794554455445545,2.3091584158415843,5.617113513367689,5.401213359796959,4.964356435643564,5.975742574257425,13.299416658958426,15.84723762970621,7.9730198019801986,17.700247524752474,4.468097310386997,4.931930693069306,2.7762368483118034,0.8153846153846154,4.4,1
2024-10-27,Chelsea,Newcastle,S Hooper,2,1,H,1,1,D,17,11,7,3,7,4,6,3,0,0,13,16,9,2.241042437896671,1.2846696787157332,1.499686754851375,1.5936910442639254,6.986614441920181,4.161830166659087,5.624104665098212,4.889997427397019,17.132443403989964,14.35449826206755,13.827892401180026,14.724189428863085,5.229839734158692,4.839445431710599,2.0049088977357536,1.1468715351231713,3.87,1
2024-10-27,Crystal Palace,Tottenham,D Bond,1,0,H,1,0,H,14,11,6,3,8,8,4,4,0,0,16,12,8,1.5931787872971146,1.0845651803383558,1.7702942169399316,1.7849827172309656,4.385816820807471,5.298735684215447,6.874485779844026,5.638307163161366,13.719624302189292,11.953695957089954,16.090347795423703,11.907397188578477,4.159045019905528,4.899559728318623,1.0290380568678767,1.9251831231670185,4.22,1
2024-10-27,West Ham,Man United,D Coote,2,1,H,0,0,D,12,18,3,5,6,5,5,1,0,0,6,7,6,1.6954683492756537,1.8979586253812712,1.150660539919459,1.0588388545323473,5.196128448647468,5.867571219319342,5.168134678604021,5.875911104816292,15.632259627135147,14.318588115209723,12.715852926073932,14.842030567125649,3.840522461978629,4.464313002428809,1.9480716154899145,0.8466629226604582,4.23,1
2024-10-27,Arsenal,Liverpool,A Taylor,2,2,D,2,1,H,9,9,3,4,1,3,2,2,0,0,14,14,4,2.6226742555295974,0.9219686128955324,1.975613451607681,0.9038356173127448,8.821379538268287,2.275682444122515,7.423419228781162,3.544255358689786,23.35961557515883,8.92667979352476,16.022342688904523,10.417734948998195,4.566796875348619,4.447092629938241,2.743488091498856,1.8449613819110606,3.72,1
2024-11-02,Nott'm Forest,West Ham,P Bankes,3,0,H,1,0,H,19,4,6,2,11,6,1,2,0,1,7,9,4,1.056536354020466,1.1791091278029924,1.2704916132458501,2.3591781180163123,5.168866102320309,5.34214818550999,4.110711088362746,6.929276324198798,15.27140878713852,14.137377970937884,12.186618563482371,18.689422560538897,4.56036269085156,4.166559420942439,0.8713966916475585,1.1423404723786212,4.09,1
2024-11-02,Southampton,Everton,A Madley,1,0,H,0,0,D,9,16,2,5,3,6,4,2,0,0,14,18,6,1.0540179069559232,2.2065700454834807,1.098641348265998,1.8252951552714711,4.2311752770866065,6.928904236496228,4.481775055736517,7.030345457437322,10.279821865654293,16.84641819134298,10.577691191075052,15.634607627804924,5.418162031944259,3.3825139873766235,1.2000643703104683,1.3382359979106964,3.43,1
2024-11-02,Wolves,Crystal Palace,A Taylor,2,2,D,0,0,D,11,19,6,7,3,6,1,2,0,0,7,9,3,1.1642285518420898,2.232496500158941,0.934341643423394,1.4241733221734907,3.866203287466686,8.308319403395448,5.383209781608057,5.819633754653882,9.856345834310785,15.308418902288189,13.06444116683554,13.428099443248906,5.260824446743724,4.243779151884117,1.1091005023538145,0.7775543844108393,3.72,1
2024-11-02,Ipswich,Leicester,T Robinson,1,1,D,0,0,D,14,20,2,6,4,6,4,2,1,0,11,10,7,0.7596534653465348,1.7794554455445544,1.7275166685822474,2.272076972425323,6.468069306930693,5.7633663366336645,3.4823783573238307,8.60263917967983,12.015346534653466,10.74381188118812,10.696473304280213,20.143829543719704,3.831188118811881,4.855615970149685,0.7384615384615385,2.058003186606843,4.27,1
2024-11-02,Bournemouth,Man City,M Oliver,2,1,H,1,0,H,12,18,6,4,3,10,2,1,0,0,11,6,3,1.6978478251780975,0.9820641973004159,2.255446885159085,0.6973144957628058,7.00802989882026,4.710783417744455,8.516402617968543,3.6647348745109003,15.258783800869772,9.52518568867841,16.708972242824895,8.585071732417086,5.5991856489537675,4.3041648874755705,1.789490135838418,2.0717506042070712,3.43,1
2024-11-02,Liverpool,Brighton,T Harrington,2,1,H,0,1,A,16,13,8,5,10,7,1,1,0,0,10,18,2,2.0783477107537105,0.737364080719049,1.3033068159300414,1.4397562241212805,6.556298503423688,4.235733049144118,4.271800394670126,5.828951902753493,20.156157058825833,10.091117364335972,14.632198874935971,14.742304866599781,5.287459816321306,4.669672494330706,1.989105199794512,1.3672479230977286,3.69,1
2024-11-02,Newcastle,Arsenal,J Brooks,1,0,H,1,0,H,9,10,4,1,4,6,4,4,0,0,16,18,8,1.7207134440129137,0.9956157011945858,1.6979859582413273,0.9051299390805824,6.609145400910021,6.096902214259044,4.486580247240458,5.653513277387417,15.072759178132948,14.224143452772696,10.390784630668959,14.796750825591287,5.248674864475384,4.4917485131736745,1.1593400713568913,1.2200415733303214,4.49,1
2024-11-03,Tottenham,Aston Villa,C Pawson,4,1,H,0,1,A,16,12,6,1,6,4,2,0,0,0,14,14,2,2.381178943352663,1.1586708584344227,1.823991489488412,1.6006628685383815,9.229921468037492,4.682564992492731,5.14125265305219,5.2405264582396,17.545445233651094,8.97502682644565,10.65233602377868,13.277777311545206,4.806654781453432,5.610106775449334,2.6855199089077124,2.095091849120456,3.87,1
2024-11-03,Man United,Chelsea,R Jones,1,1,D,0,0,D,11,12,4,3,4,8,6,2,0,0,19,14,8,1.2999074296848308,1.636997299739909,2.1723382825239237,1.491301997705458,6.846472005370245,5.103893459981621,4.806408024470201,4.418350326761546,16.06812513201478,14.806564836332432,12.1530827461658,14.707690143910158,4.942326235778339,6.888844292738598,1.144263724518592,2.134875487654207,3.98,1
2024-11-04,Fulham,Brentford,S Attwell,2,1,H,0,1,A,26,5,12,2,11,3,2,1,0,0,3,10,3,1.5127715115916633,1.6718429839596178,1.251809783817716,1.9794554733409007,5.1571186163288845,5.401446381267859,4.218124902718442,7.947244003054499,14.345165549250252,13.456552763287618,9.141972375867184,18.201862901525633,4.773005612478108,4.186529264908982,1.512711891314519,1.084660200093932,3.99,1
2024-11-09,Brighton,Man City,S Barrott,2,1,H,0,1,A,10,15,4,6,0,4,3,3,0,0,12,10,6,1.5557504969470273,1.5829508276478286,2.02718379521098,0.9341664262927917,6.898204557311507,4.319394092960234,8.786147620058781,3.5438739776893695,15.2282809551214,10.326589089993249,16.943704582794993,9.205967835250483,5.162847920070053,4.067043978151498,1.8379877623218848,1.7145004028047124,3.95,1
2024-11-09,Brentford,Bournemouth,D Bond,3,2,H,1,1,D,12,15,6,3,6,4,2,4,0,0,8,16,6,2.528375051198021,1.9077837244419693,0.9641171694907433,1.664720427688322,5.504910613096382,5.32826518799118,6.4942813368023895,5.220426806329738,14.517709352423578,14.965918215083057,15.0312745269632,15.605892678503679,4.019350571936899,5.941093199997906,3.1841578988794668,0.8107782617555312,4.22,1
2024-11-09,Crystal Palace,Fulham,M Salisbury,0,2,A,0,1,A,13,17,5,7,1,8,1,1,1,0,10,11,3,1.4853280892861416,0.8873714939779918,1.330981767585272,1.4039014140262747,5.0429410925494915,5.789874693580548,4.890785166777265,5.863855418981736,13.770601706239738,11.780296677032972,13.437807476367954,13.344255500803772,4.857400531773182,3.8256871832410897,1.0193587045785844,1.29927620456855,3.97,1
2024-11-09,West Ham,Everton,S Attwell,0,0,D,0,0,D,11,18,6,4,7,6,1,2,0,0,10,9,3,1.7508377451482064,1.7346934065192972,0.8988883584227273,1.6752414775823545,5.342286925284139,5.709830983859852,4.757815978781985,6.297555310320605,14.971848728207664,14.98793578903618,11.563565606001973,14.428315226574332,4.233154775881596,3.8584205766559028,1.9653810769932767,0.8921573319404619,3.99,1
2024-11-09,Wolves,Southampton,T Bramall,2,0,H,1,0,H,8,9,4,0,1,9,1,4,0,0,14,12,5,1.3161870102222328,2.1902244055321143,0.8277442857289847,2.2343416231513253,3.7087117669112004,7.8886249297901845,4.178506929727302,7.576333468164134,10.064282973490641,15.97961552407991,10.177036536727972,18.468550156505053,4.849765420555975,4.45530012945214,1.4060670015692114,0.6658663467184754,4.06,1
2024-11-09,Liverpool,Aston Villa,D Coote,2,0,H,1,0,H,14,12,5,2,2,9,0,3,0,0,11,15,3,2.064102671191773,0.7851160702098943,1.6741748419623539,2.036906021417965,7.182426102894225,4.738327084067255,4.933752152571714,5.378612568791455,19.40049207309687,10.62000516242782,10.897365859019418,13.772726934455608,4.689739797557913,4.953723668088935,1.992736799863008,1.730061232746969,4.23,1
2024-11-10,Man United,Leicester,P Bankes,3,0,H,2,0,H,13,6,3,5,1,5,0,1,0,0,9,5,1,1.2453788013473772,1.521179598771376,1.5952403880561872,2.040789336386438,6.328931595594759,5.630458331389734,3.9401295554016578,7.765792386220093,15.146647754872898,14.296280276106087,12.388030295658742,19.026765213340738,5.498266968695963,5.245505515967035,1.0961758163457278,1.7053354577336326,4.09,1
2024-11-10,Nott'm Forest,Newcastle,A Taylor,1,3,A,1,0,H,9,17,3,6,4,5,1,1,0,0,13,6,2,1.4099565975598136,0.9646872959515568,1.408834609677537,1.6675654062988845,6.229261940694641,5.461779004934286,5.328812882039247,5.273634292257117,15.949455745842505,12.293888591164317,13.313730101552096,15.137973205178278,4.458460337761077,5.5959099646845285,1.580931146777982,1.0979143567487806,3.72,1
2024-11-10,Tottenham,Ipswich,D England,1,2,A,0,2,A,17,8,5,3,12,2,1,5,0,0,10,19,6,2.67551007024582,1.1298216089288413,1.4169133938550225,2.7945530479794516,8.6426629680568,4.558462255755244,4.974588733554243,5.6956334189525695,17.264455166648723,9.525021996904927,8.841983490519794,18.360443912864454,4.296353867567297,4.090253132291523,3.123679939271811,1.6540284360189572,4.1,1
2024-11-10,Chelsea,Arsenal,M Oliver,1,1,D,0,0,D,17,13,3,3,4,3,4,2,0,0,12,12,6,2.197216536272847,1.2329115507962445,1.3892612116204892,0.9223790425711591,6.989048179965254,4.132406497426167,4.761747499027152,5.35287447344563,17.108362782981324,13.744589433923014,10.31973287343797,13.742796038056785,5.915323478675255,5.1296124755320145,2.0032725984905024,0.8133610488868789,3.43,1
2024-11-23,Arsenal,Nott'm Forest,S Hooper,3,0,H,1,0,H,19,7,7,0,8,1,3,2,0,0,10,1,5,2.5094607446447377,1.1179743367460684,1.6361224611086107,1.2073993002304135,7.399310407214791,2.407376556683321,4.132842183176379,7.237048005678497,20.748776151842772,8.940010741319936,13.103285152220073,14.031131629205847,4.463742889019589,6.191592784026111,2.495658727665903,1.8992104179160236,3.87,1
2024-11-23,Fulham,Wolves,R Jones,1,4,A,1,1,D,10,10,3,5,7,2,3,0,0,0,14,14,3,1.6013588594782546,1.549689231539221,1.4078311696539254,2.5729960291981,6.219464883244141,4.964818041444511,3.510844733558829,7.950890798015647,16.464234730574272,11.918991640763865,11.192955637431949,17.4423330788882,4.450639682048681,5.307150177265497,1.6751412608783094,1.6860914916971521,3.98,1
2024-11-23,Man City,Tottenham,J Brooks,0,4,A,0,2,A,23,9,5,7,9,3,4,2,0,0,19,9,6,2.533224484557601,1.028497241266936,1.4484225130448167,1.6422585743706373,9.58728636871984,1.9361974622611149,7.079124746820936,6.067705898239498,22.492167505390647,5.796121314350791,15.164829933673065,12.287870460220422,3.929381954470964,5.463276190543828,2.220792439273566,1.2834554154446758,4.49,1
2024-11-23,Everton,Brentford,C Kavanagh,0,0,D,0,0,D,27,9,5,2,10,4,0,0,0,1,8,10,1,1.0925738892650902,1.0556665805665466,1.2060260058757084,1.9831908565822636,3.9227537477268357,5.931462964011711,3.996646772654748,8.502292740860737,11.967100199419333,13.792340479665874,8.388883514014585,19.619711612028212,2.8051658995002464,3.9707958189615002,0.993802073542873,1.0564401333956137,3.7,1
2024-11-23,Leicester,Chelsea,A Madley,1,2,A,0,1,A,4,16,1,7,2,9,4,3,0,0,15,12,7,1.094624699038357,1.5497581113354606,1.959185848919012,1.401974353963912,3.245180847906294,6.397469012530397,5.387061161600356,4.342286624349087,9.974806108090133,16.070012076505876,12.125249517161356,14.033564604372241,4.632665991096993,7.090872620779589,1.0410085090890462,1.756583658436136,3.43,1
2024-11-23,Aston Villa,Crystal Palace,T Robinson,2,2,D,1,2,A,17,13,5,6,10,1,3,2,0,0,10,11,5,1.7082412176124686,1.3944452099354643,1.1280977251634603,1.5288690909144957,6.423455234835426,4.0223884841155035,5.495353467465441,5.306973027252647,13.712432098656501,10.78731895124815,14.143633776131155,12.986626778678922,6.899149298468544,4.017637468171129,1.4062040643595894,1.1850362562738952,4.27,1
2024-11-23,Bournemouth,Brighton,S Attwell,1,2,A,0,1,A,19,6,5,4,7,0,2,2,0,1,13,10,5,1.752794412644455,0.9853258357526062,1.2481601173122505,1.5416187377154462,6.2791668167222685,5.672631207642757,4.767836729834465,6.5873243502497525,14.666171653517258,11.066336686822456,14.335435417232626,14.970976728991035,5.126521893726061,4.184277453003911,1.8596600924392452,1.2448319487318185,3.99,1
2024-11-24,Southampton,Liverpool,S Barrott,2,3,A,1,1,D,7,27,5,11,3,10,3,4,0,0,11,9,7,1.0441964305245217,1.8053739066986871,1.9800473698841157,1.103138249738762,4.007324342308682,6.7600118898671555,6.619161117001702,3.0816634349239607,10.047126061646699,16.692523366721808,14.745552997685758,10.159964935777175,5.523951171364579,4.365803053764896,1.1333762468728394,1.8966409212740412,3.95,1
2024-11-24,Ipswich,Man United,A Taylor,1,1,D,1,1,D,11,11,6,4,4,3,0,0,0,0,11,10,0,0.8286504186192429,1.5556949863728162,1.123267712089146,1.2299590777318508,5.759553734240505,5.831297425540676,5.137564734371994,5.898472724091241,12.58508656693006,13.40101174486775,13.676607023354407,14.325297691646922,4.740867826121056,4.743528844534554,0.8388625592417062,0.8977752817736391,3.72,1
2024-11-25,Newcastle,West Ham,C Pawson,0,2,A,0,1,A,18,15,2,6,8,3,1,0,0,0,11,8,1,1.5896746245755768,0.8145946488171071,1.039493117952358,2.4756911976353044,6.134755286620049,6.079283628310838,4.454218193181732,7.669407966204144,13.968621049393485,13.456117303429252,10.698142331140446,18.745891190823148,5.748915841860227,4.1362758872193295,1.1062267142379274,0.7615603149190788,3.87,1
2024-11-29,Brighton,Southampton,R Jones,1,1,D,1,0,H,22,10,5,2,7,6,2,4,0,0,20,16,6,1.6365231396327489,1.4769597605079536,0.6772448381974432,2.1917339175760957,5.643985457342591,4.261322435548541,5.055144867147965,6.38063260884592,14.277684349955974,11.176300225207543,9.963029201907181,16.565171248098927,5.315057400015667,4.554336789688047,1.8919918415479233,0.44391089781052834,3.98,1
2024-11-30,Brentford,Leicester,M Oliver,4,1,H,3,1,H,13,7,6,3,5,4,1,1,0,0,9,10,2,2.6141253190772837,1.9245503741962195,1.3051957435667119,2.2151918389818714,5.594927156239417,5.086761645877327,4.132833895518704,6.535644339541069,14.059942535886707,14.972114923280653,11.226566487467423,17.930986177897093,4.379469813853065,4.473592926945127,3.1227719325858163,1.1368903051511745,3.43,1
2024-11-30,Crystal Palace,Newcastle,D England,1,1,D,0,0,D,16,1,4,0,8,9,3,3,0,0,12,11,6,1.2152684174069608,1.0896676004255157,1.6981374285736057,1.546189869214944,4.307860841420925,6.191715687074698,5.269028717400009,5.042064404404031,13.630492295101718,12.729333712604433,13.983961040032087,14.021977997284305,4.519691320066321,4.942108106243609,0.679572469719055,1.7319429044991894,4.1,1
2024-11-30,Nott'm Forest,Ipswich,T Harrington,1,0,H,0,0,D,12,7,5,3,8,7,1,3,0,0,5,16,4,1.3354081242095612,1.334798316923839,1.568361126342612,2.3284456342934554,5.823882260587506,5.377806896550234,4.2019852917459595,7.333095184336999,14.685733391936221,13.149670454496128,8.623291294390866,18.007089636486793,4.011402122176452,4.586280359965165,1.3872874277260232,1.780451127819549,3.69,1
2024-11-30,Wolves,Bournemouth,P Bankes,2,4,A,1,3,A,10,12,3,8,3,4,4,1,0,0,13,11,5,1.44051665360416,1.7920017579121863,1.1524870702164813,1.9075340674836665,3.2162186832189064,8.090693138801038,6.040709258998433,5.362188133745427,9.688958769694974,14.710594429096268,15.025587417025866,14.950179864397592,4.877080800586968,5.951805094955186,1.6040446677128084,1.207185514918536,4.09,1
2024-11-30,West Ham,Arsenal,A Taylor,2,5,A,2,5,A,12,16,5,7,2,10,4,1,0,0,10,13,5,1.4325035869383158,1.4192945828151486,1.3184864408181376,0.9364919449294894,5.64368932402471,5.7625889905612375,4.441429749061283,5.106897278893254,14.249694362427766,15.535583866494177,10.807054203970251,14.335014982511483,4.008944800622269,5.287864764006897,1.310254051328849,0.8755740325912528,3.72,1
2024-12-01,Tottenham,Fulham,D Bond,1,1,D,0,0,D,8,14,3,6,7,11,0,1,0,1,4,14,2,2.3708718539051343,1.2880358731470405,1.4526218394080226,1.1486457863614739,9.25308792653864,4.093287266950852,5.456098782013872,4.979515211443636,17.216372405643217,9.247745250397955,14.085480937907429,13.281663389237538,4.606107731943572,3.6755617555527307,2.415786626181205,1.532850803047582,4.22,1
2024-12-01,Liverpool,Man City,C Kavanagh,2,0,H,1,0,H,18,8,7,2,7,4,1,3,0,0,9,8,4,2.052447639233851,0.6423676836161566,1.8404230918382933,1.127954362621068,6.240166744183548,5.513176760468596,7.9159388997351785,2.8995332084685264,18.418584353336723,10.870913332627994,16.590303724327452,9.350337330058078,4.382514357884852,4.418490552671055,1.9951578665753387,1.4763336018698077,3.7,1
2024-12-01,Man United,Everton,J Brooks,4,0,H,2,0,H,11,8,5,2,2,2,2,3,0,0,12,12,5,1.5644008602435489,1.2446014701567485,0.7354540997679099,1.3706520962748765,5.360034872673041,5.51582953568007,4.983667635128782,6.4252725357446945,14.756348135211242,12.787865572752754,12.733826488464905,13.804985140874523,4.680400188720887,3.7023440970294743,1.730783877563821,0.5947715546269736,4.49,1
2024-12-01,Chelsea,Aston Villa,S Attwell,3,0,H,2,0,H,17,10,8,4,3,4,2,2,0,0,21,6,4,1.9795407868634598,1.1905639930824905,1.3697793944178134,2.030195835226514,6.44558483571487,3.9265143922847767,5.67306999579898,4.764319330606473,17.088660457396195,13.609209527180258,11.097844808056943,13.814049312959467,5.9307192109244316,4.598501157619706,1.668848398993667,1.1533741551646441,3.99,1
2024-12-03,Ipswich,Crystal Palace,C Pawson,0,1,A,0,0,D,9,13,2,3,4,7,2,4,0,0,14,13,6,0.8731558236299714,1.4113618036964164,1.2866254228159253,1.6145292623187277,5.302536851272457,5.095911685965874,4.678016415024645,6.160250719583514,12.17338483372577,12.777386059413608,13.935700347443113,13.71633105283667,3.5095006934812756,4.196248850347042,0.8977443609022556,1.456690837515931,3.87,1
2024-12-03,Leicester,West Ham,J Smith,3,1,H,1,0,H,8,31,6,10,3,9,2,2,0,0,9,7,4,1.0774201526903635,1.6316205375313655,1.2141307453388754,2.025565493199935,3.018783598275373,6.870657994382376,4.189814866452658,7.729515613004042,8.888474213229964,16.057282566902085,11.480298326777406,18.610274600990742,5.063091747704613,3.566043867011522,1.027339006059254,1.1743735432793874,4.12,1
2024-12-04,Aston Villa,Brentford,L Smith,3,1,H,3,0,H,20,9,10,1,10,5,2,2,0,0,11,15,4,1.761288272743106,1.5045460887172633,0.98674784144463,1.6226095352598493,7.073736147657693,3.4728632659504513,3.9972564523246756,8.774604031860381,14.310171759759964,11.18962462519955,8.499995961546885,20.961586565637827,6.553849401366022,3.4306493785799024,1.604136042906394,0.7042934222609049,4.4,1
2024-12-04,Everton,Wolves,M Salisbury,4,0,H,2,0,H,13,6,4,2,3,4,2,0,0,0,10,8,2,0.8939240770337075,0.8637271885776456,1.879134627003301,2.2869967307423256,5.0277076906679214,5.580287854572771,3.2361456714806445,7.778001549668868,14.700354903764534,12.921005784787862,10.976054596958038,16.08918151338722,2.476953894339273,4.887668296903453,0.6625347156952476,2.457394327798104,3.97,1
2024-12-04,Man City,Nott'm Forest,M Oliver,3,0,H,2,0,H,17,12,7,3,8,2,2,4,0,0,7,15,6,2.0726381817531303,1.5687705087018835,1.338602107940227,1.5333744065949821,9.480507021328773,2.129616119296058,3.563151139311679,7.375786854509684,22.58450069282111,6.378644753332522,11.993434516256382,14.934694478360909,4.305857989628579,5.97490783875855,1.4805282928490415,1.266140267301364,3.43,1
2024-12-04,Newcastle,Liverpool,A Madley,3,3,D,1,0,H,17,16,6,5,5,6,2,5,0,0,9,17,7,1.3006428540164758,1.0301229098749947,2.165493315872914,1.2662040341560914,6.473890713266333,5.519413837735326,7.233859139616829,3.0668155366049494,14.701599092745965,13.73682326830212,16.973634429914195,9.585425815524061,4.885476536237865,4.844747987276044,0.737484476158617,2.264427280849362,3.43,1
2024-12-04,Southampton,Chelsea,T Harrington,1,5,A,1,3,A,6,26,4,13,5,7,1,0,1,0,7,14,2,1.217979459456035,2.0225793530525356,1.9666066041908363,1.3288881025704484,3.8241738698544796,7.3491025414013045,6.0439591791196285,3.9164162986066313,9.493101350460787,18.566616085328082,12.82974965525005,12.209280000599879,5.792324553179676,7.074350324912733,1.4222508312508872,1.8377224389574245,3.69,1
2024-12-04,Arsenal,Man United,S Barrott,2,0,H,0,0,D,14,5,6,2,13,0,1,3,0,0,12,8,4,2.5986497065317833,0.9147062610065916,1.1008553992000178,1.1881483333408593,7.5085267046099196,2.151489891743849,4.748916573101141,5.553295840520647,20.430816828806087,8.587281490441265,13.189951166180114,13.720698068180324,4.561244188886509,3.8810689930413362,2.6637724851106026,0.9318501878490929,3.95,1
2024-12-05,Fulham,Brighton,P Bankes,3,1,H,1,0,H,6,13,2,3,5,6,2,2,0,0,7,8,4,1.4920205315911954,1.995201720470706,1.3848582875608981,1.443142596554373,6.361380817761611,4.425758473215684,3.9009572625166213,6.6623562919251045,15.288915525792518,11.570082941867492,12.819901596802541,15.70352646693156,4.186886160001247,4.332590653956091,1.4500941739170596,1.4965546324878798,4.09,1
2024-12-05,Bournemouth,Tottenham,S Hooper,1,0,H,1,0,H,21,12,8,4,5,9,2,2,0,0,15,8,4,1.6159026671687498,1.1698390509144871,1.9123457256143686,1.3436660849843642,6.410246579002999,4.641092749850121,6.337465648991481,6.600850318443177,15.45425577977699,10.145049731742084,14.043951683885945,14.235530515602868,5.1035145459267985,5.560862344685127,1.5731067231737714,2.1889702769631203,3.87,1
2024-12-07,Crystal Palace,Man City,R Jones,2,2,D,1,1,D,12,12,3,4,6,8,1,0,0,1,4,10,2,1.1761287028647454,1.0733643993957735,1.505800691956594,1.2865081241339362,4.9791589094683575,6.702312864706591,7.203949967282346,3.645072668662407,14.061311902977463,10.59672745846063,15.028430228665119,10.92300336191714,4.78883836850416,4.342401356831454,0.7863816464793704,0.9842224012465374,3.98,1
2024-12-07,Man United,Nott'm Forest,D England,2,3,A,1,1,D,17,11,7,3,5,3,0,2,0,0,10,13,2,2.0072370933409305,1.0183102805454767,1.0951907602312558,1.8000655392008527,4.749119405590409,4.876587764577801,3.278907805735769,7.489293745093662,14.073375707094169,11.917344508672201,11.994628383528006,15.310249542461703,4.738509248711615,5.9794705962415104,2.487189251709216,0.844093506507879,4.1,1
2024-12-07,Aston Villa,Southampton,D Bond,1,0,H,1,0,H,18,4,5,0,14,1,1,3,0,0,18,15,4,1.9865085999463938,1.4128104308643408,0.7359277500919236,1.975054450402883,7.605784151891214,3.7505245065430906,5.226937163836695,6.4932451596179,15.34468604569084,10.791511033725053,9.969751182974912,17.55332454370603,6.0895131194473056,4.817185341283717,2.0694240286042636,0.6292739318746814,4.22,1
2024-12-07,Brentford,Newcastle,T Robinson,4,2,H,2,2,D,11,16,8,3,3,4,3,0,0,0,10,7,3,2.8661032002153406,1.7564498615724864,1.5712033432360888,1.4468826144655917,5.486758296295394,4.88916809676367,5.947387172045505,5.579870907747336,13.867225201486018,13.52263564913742,11.623240713030361,14.38161838242336,3.946837794392643,5.134452098162648,3.4151812883921155,1.4879619363327923,4.27,1
2024-12-08,Tottenham,Chelsea,A Taylor,3,4,A,2,1,H,13,17,5,8,5,10,2,2,0,0,17,11,4,2.1216224113621065,1.2356657113337524,2.518132708374355,1.2690902622462783,8.843435552328437,5.34905329177177,6.217784793070342,4.113431528550727,15.540668234001158,10.11179161898197,15.224340766906364,11.080319934540931,4.132269934819348,6.151741121033014,1.9438577507874688,2.8918149593049525,3.72,1
2024-12-08,Leicester,Brighton,S Attwell,2,2,D,0,1,A,10,16,3,7,5,5,1,2,0,0,9,10,3,1.4269810494384487,1.516780136071351,1.3148840493712677,1.7262075955346945,3.0153683895564822,7.257812110248434,4.282601418898818,6.360109675737083,8.72693301994802,18.774147467507543,12.85264676293312,13.93924882442656,4.869801827822672,4.272119622431569,1.6848926707097016,1.3310364216585864,3.99,1
2024-12-08,Fulham,Arsenal,C Kavanagh,1,1,D,1,0,H,2,12,2,4,0,6,4,2,0,0,10,9,6,1.7661993418977342,1.814255474550263,1.9878525815895842,1.1298570571471105,6.113856378067561,4.7119849623629895,5.452078944634168,4.542006831550112,13.600017327074273,11.830068549131418,11.75122622203996,13.910466779072419,4.152906768314988,5.23552571294818,1.9667294492808152,2.250382688394172,3.7,1
2024-12-08,Ipswich,Bournemouth,M Salisbury,1,2,A,1,0,H,18,22,5,6,6,13,2,1,0,0,9,13,3,0.6627603456481351,1.3122401338066494,1.6702786945878645,1.9243480685355554,4.988677794279486,5.554720480580994,5.669626778201111,4.932647948677387,11.408726566732422,12.83102707647787,14.475414735822785,14.050039378253494,4.109610980589086,5.778728898865965,0.5798931520155416,2.138123687699361,3.97,1
2024-12-09,West Ham,Wolves,J Brooks,2,1,H,0,0,D,19,19,4,5,11,0,5,4,0,0,12,17,9,1.5356847589770126,2.0703319694255278,1.537473765771347,2.5984518888014727,4.981200317319939,6.5330274009200435,3.375028284779016,6.909273944435607,13.840658999910127,15.620023168427883,10.071317344659553,15.527512114506065,4.18913666558076,4.362637666796017,1.5401693675525667,1.6382628851987342,4.49,1
2024-12-14,Arsenal,Everton,C Pawson,0,0,D,0,0,D,13,2,5,0,8,2,0,3,0,0,6,9,3,2.48980429898582,0.7483960220174063,0.6017351647259906,1.8487153794244027,8.506976453006768,1.760309888575425,4.441182578869843,5.620677482244044,19.26157733708394,7.935048454078056,11.873130713010644,13.29498781274145,4.459199784946069,3.938281547715843,2.4425149900737346,0.3965143697513154,3.87,1
2024-12-14,Liverpool,Fulham,T Harrington,2,2,D,0,1,A,16,12,4,3,5,4,3,4,1,0,10,7,8,2.0429117042706406,0.5255735524996074,1.3703267418636267,1.121619208271075,6.37831825331141,5.238053697038947,6.464083487540605,5.346877053679715,18.34247810282964,10.34892905983951,14.069938908091814,12.32135841503999,4.312966288752125,3.370913357907544,1.996771911050226,1.355233868697434,3.69,1
2024-12-14,Newcastle,Leicester,T Bramall,4,0,H,1,0,H,27,4,11,1,5,2,3,3,0,0,7,16,6,1.609616898608112,1.3882824017292321,1.2497054616134462,2.539703271972211,6.205910567927087,5.606793145069658,4.108682214275901,6.256435539361835,15.119490191203882,14.14830997083025,10.458097820955611,17.034440865300503,5.269935370289715,4.023847568934307,1.49165631743908,1.0912602034338712,4.06,1
2024-12-14,Wolves,Ipswich,S Hooper,1,2,A,0,1,A,16,10,6,5,7,3,0,2,1,0,13,9,3,1.5422409043457765,2.1934560071978804,1.190449097475674,2.0083436013732676,3.1769061930644265,7.346930706480136,4.876194437481204,7.493792454701044,9.74551172396315,14.217759049561783,8.232143301622218,16.559622344687597,4.8994297472403385,4.445010344662023,1.7360297784752061,1.1500728508984948,3.87,1
2024-12-14,Nott'm Forest,Aston Villa,S Barrott,2,1,H,0,0,D,17,8,6,2,4,3,0,1,0,0,12,6,1,1.2744175258367452,1.0920786504039308,1.1207285808840834,2.206523875485794,6.219587413434499,5.672786418256274,5.368875433338279,4.44353397902978,14.197359751524045,12.031414652853698,10.898236649477091,14.393313108078118,4.009328760787546,4.489682758968426,1.2581916169465497,0.7689161034430952,3.95,1
2024-12-15,Southampton,Tottenham,D England,0,5,A,0,5,A,9,18,3,9,2,5,1,3,0,0,8,15,4,1.1783467256443596,2.5639299933391535,1.5646464824640252,1.2811813386097952,4.037961004390746,7.285629184182856,6.821562831999558,6.3097866071778625,8.857990334287544,19.918144007937702,13.672324083288414,15.465434130067175,5.1028091744429664,5.2770691745278135,1.281500554166502,1.459313517975412,4.1,1
2024-12-15,Brighton,Crystal Palace,M Oliver,1,3,A,0,2,A,17,13,5,5,8,5,1,4,0,0,11,15,5,1.5207916529388952,1.3902397989860868,1.234511706532366,1.320978470203481,5.8905335704100485,4.5774456475519765,5.100195273318732,5.76747783853301,15.681741822893173,10.962427444494294,13.765573001606125,12.858816265864279,5.4395924254695345,4.524203623987363,1.594661227698615,1.3044605583439537,3.43,1
2024-12-15,Man City,Man United,A Taylor,1,2,A,1,0,H,10,10,3,3,8,2,1,1,0,0,5,14,2,2.241249431284056,1.2835394904575295,0.900699860380359,1.3357577359017074,9.211323910816992,2.106049550774644,3.8854771457345647,6.907242130427858,21.569136871176013,7.400709403341123,11.700869048978605,13.7714802405686,4.613883827689897,3.9026928137515537,1.9870188618993623,0.6212334585660613,3.72,1
2024-12-15,Chelsea,Brentford,P Bankes,2,1,H,1,0,H,26,9,8,4,8,5,0,2,1,0,11,7,3,2.1650788364540383,0.9740977998768436,0.9891573311908922,1.873044827557639,5.819114828988718,3.939875412649867,4.179573943181683,8.997403888050378,17.072540373291574,12.952989574813422,8.59090602715686,20.786752182215135,5.579679333886201,3.5341679471668934,2.1125655993291126,0.8028622815077995,4.09,1
2024-12-16,Bournemouth,West Ham,C Kavanagh,1,1,D,0,0,D,29,16,9,3,12,6,0,2,0,0,6,11,2,1.5039069535927558,0.9571155699812013,1.175197880275668,2.2027354138768636,6.153807403865816,5.433716250144777,5.064394032732924,6.869603633133909,16.462693661867938,10.482353805933739,15.029335201958318,16.68113365175334,4.902851510027493,3.6449449867094623,1.3820711465073772,1.116249028852925,3.7,1
2024-12-21,Crystal Palace,Arsenal,S Hooper,1,5,A,1,3,A,15,14,6,6,3,3,2,2,0,0,9,8,4,1.325923491321552,1.2418436075581483,1.8082430127160745,1.106246681991898,5.164766389345277,6.938255991491457,5.551700959462148,3.716187368161616,13.68652790270501,10.851867932753214,11.796457820194552,11.744927261192991,4.2817768227227875,5.374521044510017,1.1909210976529143,1.8335884589294476,3.87,1
2024-12-21,West Ham,Brighton,R Jones,1,1,D,0,0,D,11,12,4,6,8,4,2,2,0,0,14,20,4,1.6201057159252084,1.8757261475014597,1.439450591802915,1.775988035089476,6.075527584656384,5.345204180344025,4.413037530787813,6.112816995601819,14.778721044761431,16.23456443990409,13.424892833386865,13.22302173120762,5.063839131827293,4.040825134571039,1.6934462450350447,1.5540242811057248,3.98,1
2024-12-21,Aston Villa,Man City,P Bankes,2,1,H,1,0,H,11,12,6,6,5,4,3,3,0,0,14,7,6,1.8071433913833257,1.1559357947934226,1.595655115895469,1.4162339259462322,8.768368907113452,3.2504291178148623,7.3486863437850936,4.0732412948246015,15.827470424094605,9.556690786756432,14.477806524408777,11.118820941836821,5.709601625026173,3.9165101806883174,1.7129493524028419,1.3228149341643587,4.09,1
2024-12-21,Brentford,Nott'm Forest,M Oliver,0,2,A,0,1,A,7,10,3,6,9,5,3,4,0,0,9,14,7,3.07226670084027,1.8007318007449384,1.4415536459953338,1.8364208210633477,5.034619445855292,4.7275008202464255,3.22819232702017,7.036650537015888,13.34591040041185,13.973066505802887,11.813769140518746,15.617507000308343,3.7746850956170173,5.255859595858688,3.6101208589287754,1.5627290100443096,3.43,1
2024-12-21,Ipswich,Newcastle,S Attwell,0,4,A,0,3,A,10,15,2,7,2,1,2,0,0,0,9,7,2,0.7394839922630128,1.4687088178679204,1.649166375464885,1.9110857976585807,5.218758469918306,7.248557452080461,5.593316760205236,5.11080344755587,12.908273037944301,14.917012604359204,12.419015166877307,13.76677864714175,3.8571691349872657,4.746369879948205,0.725614591593973,1.6586412908885284,3.99,1
2024-12-22,Everton,Chelsea,C Kavanagh,0,0,D,0,0,D,5,12,4,5,2,5,4,1,0,0,20,12,5,1.4586651869268599,0.7066858723897266,2.7875631379110732,1.5838011386977484,4.659033543555288,5.292962773320474,6.905460318107032,4.274625803791288,14.39119944865666,11.66264102313537,15.547187915626694,11.429352690397435,2.390234999393592,5.760515443964625,1.7750231437968345,3.2612099728699695,3.7,1
2024-12-22,Fulham,Southampton,T Robinson,0,0,D,0,0,D,16,5,5,1,6,5,1,3,0,0,8,15,4,1.6268900691912995,1.6662087042726006,0.6021224150783726,1.7977714394329678,5.00224372208349,4.9461700214153,4.45840147100849,7.858112629497189,11.49091870371309,11.860965243419642,8.884339528249669,17.634538438771518,4.488742628066172,4.6686058668108865,1.6444862995193894,0.41951595458236973,4.27,1
2024-12-22,Leicester,Wolves,A Taylor,0,3,A,0,3,A,9,8,5,4,6,1,2,0,0,0,15,16,2,1.5311665386246152,1.604638483266574,1.4397512582331524,2.4896424492733518,3.3762112813766483,6.847299929165836,2.7613867491263737,7.653042353723226,8.958400244467368,18.269755927413456,11.694714268675842,16.15887357840835,4.52983712347566,5.205794494950225,1.7899284471401773,1.425508590132489,3.72,1
2024-12-22,Man United,Bournemouth,C Pawson,0,3,A,0,1,A,23,10,7,5,13,1,1,3,0,0,11,11,4,2.0059212581251433,1.3786175194854755,1.7302338966396518,1.75626831661914,4.794734061299592,4.535389972892366,7.002552495811675,5.126730972270443,14.605489240327756,11.750554590032753,15.84365519364138,14.768284403024946,4.240598452420795,5.273455961254584,2.3247928344728104,2.092082458100689,3.87,1
2024-12-22,Tottenham,Liverpool,S Barrott,3,6,A,1,3,A,9,24,5,12,7,5,1,2,0,0,7,9,3,2.2813274351112374,1.7382719696589262,2.317221812759466,1.5814396827244879,8.14462905486905,6.194680006412072,7.009521101126912,3.418303641391294,15.078728533013308,11.364193202662346,16.79660997777047,10.933530291453028,4.108220854611852,5.236612012480809,2.2959051671916466,2.5096181872329084,3.95,1
2024-12-26,Liverpool,Leicester,D Bond,3,1,H,1,1,D,19,4,7,1,14,1,3,2,0,0,17,5,5,2.0351095758485283,0.793651101221618,1.0224857950924262,2.805212342514182,6.127714922549854,5.012953014091291,3.7252846184072035,6.027992219693235,17.916572972867986,10.649123790580225,9.28389567628134,18.84636462880753,4.983336086474086,4.383148788440651,1.9978479407001508,0.7275068022879448,4.22,1
2024-12-26,Wolves,Man United,T Harrington,2,0,H,0,0,D,7,11,4,4,4,4,2,2,0,1,12,12,5,1.443651644298077,2.158282186026213,1.1005726225914554,1.2747108719109161,3.872014191184703,6.556579631163222,3.542663102852469,7.105925388937102,10.882691464867158,13.450893731170716,11.391620116201848,13.085756527690842,4.554078867599581,3.5567486492622185,1.4906865189834704,1.0808223057107083,3.69,1
2024-12-26,Southampton,West Ham,L Smith,0,1,A,0,0,D,18,16,5,2,2,2,1,2,0,0,15,8,3,0.9641014028293549,3.0068527711757045,1.143343718703067,1.9840562372655959,3.667421838143794,6.870059342349693,5.234504216730134,7.802403017147539,8.883810329380058,19.569389797277374,15.2058197191283,18.92092764030437,4.902297981565776,3.3458640657403507,0.8543337027761383,1.0774993525686167,4.4,1
2024-12-26,Nott'm Forest,Tottenham,C Pawson,1,0,H,1,0,H,10,13,3,4,2,7,3,2,0,1,12,13,6,1.406354537881865,1.0753354372751247,2.189256242778526,1.0482392659108404,5.815986524866711,5.186777637150892,6.490369573988337,5.526189004784146,14.706980633213247,11.298358353187954,14.459174287570994,14.28990059568816,3.4621244675504155,5.044874768061317,1.5054610799276027,2.639542345316943,3.87,1
2024-12-26,Chelsea,Fulham,S Barrott,1,2,A,1,0,H,12,14,8,7,3,1,1,3,0,0,13,13,4,2.1350645011187597,0.9788072910334181,1.4848130365351995,1.281325152356043,6.215639424488238,4.132625346835161,6.016067338522516,5.283808361990443,18.69571492845505,12.234264163222917,13.693585564954239,12.990203786897311,5.1106467053075155,4.212567295912418,2.075043732886075,1.5701559124657258,3.95,1
2024-12-26,Bournemouth,Crystal Palace,T Bramall,0,0,D,0,0,D,18,10,4,4,5,2,2,2,0,0,13,12,4,1.4122785306730088,0.9649135030369345,1.5555095934141279,1.262618745558982,7.2168556588057475,5.536687019955287,5.081977950026443,6.173390978200478,18.742427250051755,11.485660498541968,13.62637790375214,13.611758798966983,4.375008613759413,4.610712060124358,1.254714096660413,1.8696403722293033,4.06,1
2024-12-26,Man City,Everton,S Hooper,1,1,D,1,1,D,24,8,5,3,8,5,1,4,0,0,5,10,5,2.0155677057186097,1.4138050438731515,0.4923287659103346,1.5125852943727076,8.991083189232885,2.0867678133485867,3.9973311796794944,6.053281597057937,19.465657339516653,7.873307716230718,10.07801595211974,13.241353662406816,4.138632199940573,3.7676848945228794,1.6580125745995744,0.2643429131675434,3.87,1
2024-12-26,Newcastle,Aston Villa,A Taylor,3,0,H,1,0,H,22,4,8,1,9,6,2,1,0,1,15,10,4,2.0442320287246547,1.1358674075323927,1.098777928765112,2.168974078148218,5.986654090551823,4.951012541895577,4.938170788509296,4.362891433533667,17.279582986954562,12.303162615217188,10.371284506204509,14.867256201988896,5.402674400217705,3.8551949542849915,2.3277708782927213,0.8459440689620636,3.72,1
2024-12-27,Brighton,Brentford,A Madley,0,0,D,0,0,D,24,8,7,3,5,3,0,2,0,0,6,12,2,1.426102256969751,1.6829234858866136,0.991128729785744,1.8961276361325723,6.274072939575968,4.6542737153054565,4.328742639935827,8.816057334169608,15.921425139277424,11.332895199565588,8.665286910445285,21.734617472904656,5.359666526109536,3.4370462920652356,1.396440818465743,0.8685748543387684,3.43,1
2024-12-27,Arsenal,Ipswich,D England,1,0,H,1,0,H,13,3,5,0,5,1,1,1,0,0,7,12,2,2.0371125866245867,0.6123240115106382,1.374625829246447,1.7789405725781524,8.414798911690793,1.8038899109173592,4.449351161061771,7.381452291536107,18.12310867592795,6.85594868357887,8.634339220286524,16.43230556429853,4.193890720457166,4.116263527352641,1.628343326715822,1.4448850118953214,4.1,1
2024-12-29,Tottenham,Wolves,C Kavanagh,2,2,D,2,1,H,13,11,3,3,5,5,1,2,0,0,9,10,3,2.4119951792917163,2.5131316418402028,1.7234328587387466,2.0369801680676343,7.93651467311813,5.9774654512974665,2.4411346003980383,7.352489186747614,13.973505120154488,13.661612710201267,11.02294801173792,14.857260149616005,3.906726145893832,4.622922745802293,2.5306034447944312,1.9503390600883264,3.7,1
2024-12-29,West Ham,Liverpool,A Taylor,0,5,A,0,3,A,7,22,0,13,3,6,0,0,0,0,7,10,0,1.5073592177116448,1.7165032053656504,2.986817878806748,1.8393597527383132,6.425431673856491,5.100621592535194,6.6441536107318955,4.0695211922634735,14.091680827937928,15.464643602540855,18.10631731713734,10.581979312568173,4.870413827567477,4.82995526350256,1.4622974966900297,3.6730787914886074,3.72,1
2024-12-29,Fulham,Bournemouth,R Jones,2,2,D,1,0,H,11,16,6,9,1,7,1,3,0,0,7,16,4,1.3310913510903295,1.3632611307727467,1.9611189679538592,1.4369212065833814,5.183654275613764,4.955957307576972,5.911091826484414,6.558349186154516,12.310753118166017,10.613514808770635,14.781087258846986,16.26507994483072,4.399880174725895,5.041899952906544,1.0963241996782842,2.394721640335695,3.98,1
2024-12-29,Leicester,Man City,M Oliver,0,2,A,0,1,A,11,14,4,5,4,4,2,1,0,0,11,6,3,1.252772129622292,1.8583410263906721,1.4873541814975213,1.52237321628843,3.8532646202800978,5.784152605229613,6.739834257469401,4.241742884173061,8.965963849773525,16.402524271098308,14.027296229626227,11.097217133385305,4.069865923024283,4.295326526285968,1.1932856314253604,1.2152099561095724,3.43,1
2024-12-29,Crystal Palace,Southampton,M Salisbury,2,1,H,1,1,D,19,7,10,3,8,7,2,3,0,0,18,19,5,1.2666646724003026,1.925144796540967,0.49264541851118787,1.4709033262806477,4.77117248498182,6.222209419582739,4.556874105167905,7.520273371454571,13.925341020642945,11.424255603726902,8.178094727274075,17.337349105557557,4.23054467113338,4.547040948527405,1.1272807317686095,0.2796773030545793,3.97,1
2024-12-29,Everton,Nott'm Forest,T Harrington,0,2,A,0,1,A,13,11,2,7,5,4,4,1,0,0,13,10,5,1.1934533220824577,0.578197525814091,1.5430974861784224,1.5024993601643566,4.175572876165358,5.23969681198907,3.5503650010649377,7.393651782817102,12.683708558199946,11.72397902186061,11.483966497143774,14.05056194400908,2.8647377494555792,5.573001454131996,1.183348762531222,1.7084860074677142,3.69,1
2024-12-30,Aston Villa,Brighton,C Pawson,2,2,D,1,1,D,20,13,4,4,12,3,2,3,0,0,9,14,5,1.8422082306848495,1.1275838309949988,1.3595504810778711,1.6348992959195334,8.083210897208641,3.386714738087098,4.337939794980586,6.455941191637628,14.949748494481142,10.00092884290003,13.165821399003654,12.818835946091356,5.762401331631614,4.033402382540581,1.8086329016018945,1.3693495207371498,3.87,1
2024-12-30,Ipswich,Chelsea,J Brooks,2,0,H,1,0,H,9,20,6,5,4,7,4,4,0,0,9,5,8,0.5785981532469096,2.0194291984201698,2.2807334566529947,1.2958372840372592,4.518469264957653,5.8890900141961104,6.559012973994207,3.861057459656542,12.27553459777106,14.935067757567554,14.902244633019354,10.260379428248546,3.4531141214867636,5.62223990329103,0.4772833967972459,2.174139981913312,4.49,1
2024-12-30,Man United,Newcastle,S Hooper,0,2,A,0,2,A,10,12,0,4,2,3,1,1,0,0,13,8,2,1.6412082878401981,1.6734143456525834,2.0765906875494404,1.5636156390418403,6.2866006539485735,3.8925917708660607,4.758168225691047,4.5452027986095755,16.131763983589885,11.432271924853001,12.888285154886896,13.08190977542492,4.196853277542712,4.247029882248988,1.5498618896485397,2.439094193925686,3.87,1
2025-01-01,Brentford,Arsenal,P Bankes,1,3,A,1,1,D,5,14,2,5,4,3,1,2,0,0,6,8,3,2.513671766257761,1.8369624465729233,2.388562487643054,1.0869291026924977,5.755599004899239,4.777046213374764,5.08775531232632,3.5859714779491974,12.192106466653424,13.25068949852877,12.197101868553736,12.336758691392527,4.361107025565043,5.1246081175534695,2.406747239282977,2.8890589726196327,4.09,1
2025-01-04,Brighton,Arsenal,A Taylor,1,1,D,0,1,A,11,9,4,3,2,5,2,3,0,0,17,14,5,1.166810927381053,1.3769373855779299,2.4997329479921473,1.0711238107881682,6.042423305139802,4.353496664397048,4.708163425212778,3.661249393457876,17.39025698957511,10.726914230492989,12.52490153930471,11.002802523004593,4.748818042929511,4.738315720184244,0.9309605456438284,2.9260393150797555,3.72,1
2025-01-04,Tottenham,Newcastle,A Madley,1,2,A,1,2,A,13,14,4,4,9,10,1,4,0,0,11,15,5,2.337086962478337,2.4198349767023926,2.062665107549445,1.2793218773927413,7.402602897286763,5.799744454466253,4.4385012653375915,4.0824386386016,13.796504183554127,13.177683111044882,12.726778757921846,12.521562525601057,3.7418668413657006,3.838478981495684,2.353735629862954,2.292729462617124,3.43,1
2025-01-04,Aston Villa,Leicester,J Gillett,2,1,H,0,0,D,13,4,5,2,7,2,0,1,0,0,10,11,1,1.870897644205528,1.286204957707387,1.018397461473716,2.8406283429418178,8.79535439322861,3.3164029652761675,3.229777446871109,7.477450745970846,15.867976070317996,10.546214525273824,8.323185670595334,18.87429838211656,5.623782903263469,4.495303752745636,1.8724219344012631,0.8183378681921801,3.81,1
2025-01-04,Bournemouth,Everton,J Brooks,1,0,H,0,0,D,19,9,8,0,9,3,2,2,0,0,15,14,4,1.1554800317943337,0.7894606205169634,0.5846326302634758,1.4193879644786196,6.813758682502691,4.893601468484495,4.179634608684971,6.4072304114341145,18.60742965630581,11.21551875413188,9.700194855141362,15.197471254827317,4.306819763622253,3.991742195189627,0.8364760622264958,0.5095619421116958,4.49,1
2025-01-04,Crystal Palace,Chelsea,T Robinson,1,1,D,0,1,A,13,15,6,1,6,6,0,2,0,0,9,12,2,1.3999983725935594,1.7569366463334823,1.8660546330847163,1.4238668728540904,5.358232051950035,6.363625893274162,6.639192435833347,3.8863197405272607,14.84800631913782,10.619845468221108,15.829109274852879,10.031219524871338,4.370445644494381,6.0545599347066466,1.4181871545124065,1.4494266546088743,4.27,1
2025-01-04,Man City,West Ham,M Salisbury,4,1,H,2,0,H,10,17,7,4,7,1,2,1,0,0,8,13,3,1.8309190247308567,1.3385677602267694,1.117281223374238,1.6233187254742116,8.81088623868935,2.616446413452967,4.646412517963546,6.74742060913809,20.29008331002574,7.89634267781683,15.350216139478905,18.753486244610283,4.29524453334847,3.2829796876920865,1.4386750497330494,1.0516662350457446,3.97,1
2025-01-04,Southampton,Brentford,S Attwell,0,5,A,0,1,A,8,20,1,11,2,2,2,0,0,0,10,4,2,0.7888099283303873,2.641969803129662,0.8109231871399535,1.5513765464645177,3.364253694458665,5.984592439685047,4.087152641310726,8.122227499552524,10.54130229494052,18.920408685134895,8.544325439842117,22.14650593433969,4.556425008923607,3.1757646854623096,0.5695558018500789,0.579049902891821,3.99,1
2025-01-05,Liverpool,Man United,M Oliver,2,2,D,0,0,D,19,13,6,4,6,9,2,4,0,0,10,13,6,2.210544205281938,0.8311690842848375,0.9004685015678873,1.4065816276294065,7.559039538058552,4.283325164815141,3.625815269221888,6.5412116597743575,18.113559712777022,9.440192145017337,11.320416455926166,11.979255297567954,4.986365889051824,3.8191579960215805,2.3318986271334343,0.7205482038071386,3.43,1
2025-01-05,Fulham,Ipswich,D Bond,2,2,D,0,1,A,15,7,4,3,9,2,1,5,0,0,10,14,6,1.452711281612014,1.4790320019703356,1.0755553528258273,1.6094703624395845,4.422988759991757,5.3276019718238175,3.6988930559305206,6.863331610075384,12.07243402418767,11.592877171301343,7.408504175523683,15.685555984524795,4.327174583093262,3.655838640891799,1.3975494664526689,0.9503938240050078,4.22,1
2025-01-06,Wolves,Nott'm Forest,P Bankes,0,3,A,0,2,A,13,11,6,3,5,3,1,2,0,0,10,8,3,1.5448058947449979,1.765867227766871,1.6261761190591932,1.2292997410538506,3.8952843391520147,6.09174695277433,3.6321221809377957,6.95841382352953,10.176747534557924,13.005276671713709,11.395966817285366,13.85953815354046,4.63515544029745,5.468812538536382,1.6604576793223138,1.805657338654702,4.09,1
2025-01-14,Brentford,Man City,A Taylor,2,2,D,0,0,D,18,21,6,8,4,5,0,0,0,0,4,4,0,2.2384583191824725,2.048424126239458,1.5805625151165554,1.245578077198053,5.43639872344404,4.45394643382079,6.24168255835468,4.197789631098939,10.884448851215613,13.386927968873925,14.022333278626304,11.079541290386071,4.113632662433955,4.059812604880476,1.9378314928545717,1.476806637406382,3.72,1
2025-01-14,Chelsea,Bournemouth,R Jones,2,2,D,1,0,H,26,7,10,3,9,3,2,3,0,0,15,16,5,1.9286891292086248,1.1644786999244328,1.9681887101629123,1.5393058837214775,5.630977688081579,3.5630570796829306,6.109088115959195,5.547673960060247,17.478312166583656,12.555307055191395,15.002722292738461,15.307729896204561,4.9087109328094005,4.85245117320511,1.7166958219240498,2.2631477597595064,3.98,1
2025-01-14,West Ham,Fulham,C Pawson,3,2,H,2,0,H,4,21,3,5,0,3,3,3,0,0,9,18,6,1.2332938966316607,2.313502641673015,1.5784835593695852,1.2301750340952298,5.8026258950466945,5.2641449445789394,5.104053480462241,4.868569742824949,12.802284272512889,16.652890258278894,13.749297379053159,12.810166415983522,3.984884012404319,4.173918628229335,0.974864997793353,1.7134372749774929,3.87,1
2025-01-14,Nott'm Forest,Liverpool,C Kavanagh,1,1,D,1,0,H,6,23,3,7,0,9,2,1,0,0,7,10,3,1.332465971940929,0.8798042300197815,3.352851006064793,1.5049306937079605,5.1221151743902285,5.516480858434729,6.527034767837043,3.87506278606577,13.851097367548832,11.607772545247173,18.81425965079663,9.930710321178651,3.92359337252867,3.9517815448881644,1.3369740523932483,4.115385860992405,3.7,1
2025-01-15,Newcastle,Wolves,D England,3,0,H,1,0,H,17,13,5,7,4,2,0,2,0,0,10,13,2,2.2180080302975442,0.929346052632252,1.773717795122397,2.030256500931121,6.534535186421973,5.141737541736548,2.9063828697568357,6.92476386638107,18.13784065925248,10.793496626141833,11.018775645833895,14.519576475245202,5.147642681114134,4.327845873488103,2.551847252195148,1.9668927067255513,4.1,1
2025-01-15,Arsenal,Tottenham,S Hooper,2,1,H,2,1,H,14,10,4,2,10,4,3,1,0,0,16,9,4,1.8485466544098348,0.5009923687005068,1.7912096376167184,1.0394684899477042,7.793926358013091,1.6577281032166906,6.583029655068499,4.885063706115663,17.19163433478824,6.154867077330376,14.193869861274198,13.509918638698014,3.7950014829571996,5.218533907932062,1.4188955511438812,1.7596948968779613,3.87,1
2025-01-15,Everton,Aston Villa,S Barrott,0,1,A,0,0,D,10,11,3,3,8,5,2,1,0,0,17,10,3,0.9764618004910486,0.836707076684246,0.8990001157227303,2.32006970621172,4.32546872272428,5.01429738281312,5.131230652693623,5.206002114952145,12.74121609532153,11.592346467283884,9.21286909613993,16.16411876143232,3.2529672647363768,3.881523145444563,0.7888991750208143,0.5639627126413755,3.95,1
2025-01-15,Leicester,Crystal Palace,A Madley,0,2,A,0,0,D,21,9,4,4,4,3,0,0,0,0,7,6,0,1.0249950488317865,1.8840972407201213,1.2726896562790875,1.0330516919346173,3.879943818875746,5.459760752557649,4.521618300835903,5.960047155639346,9.335789140076423,15.965701043585973,12.967036440922582,14.409620866719038,3.8753445643337896,4.499673499395921,0.7955237542829405,1.246426914819535,3.43,1
2025-01-16,Ipswich,Brighton,T Harrington,0,2,A,0,0,D,5,11,3,5,1,9,2,2,0,0,13,14,4,0.8771723740866862,1.5952356455296093,1.4759958518803153,1.701281244239886,4.409561599495055,6.1224435054640445,4.094678006291814,7.46395191631866,11.587488361868628,15.998988000351101,13.135672052765628,14.124502179486168,4.40821553177802,4.209147409519837,0.9938130116329168,1.5795663471581,3.69,1
2025-01-16,Man United,Southampton,J Brooks,3,1,H,0,1,A,23,13,9,5,5,4,1,3,0,0,7,10,4,1.3428067714127445,1.732793557433782,0.584891839679619,1.5671028608537036,5.507218691930529,3.730302352788839,5.001079456779875,7.607496521174938,15.016897769084986,11.535495214546016,7.9638953756696615,17.639649706085766,3.797425396118806,4.629397259002776,1.033241259765693,0.519784868703435,4.49,1
2025-01-18,Newcastle,Bournemouth,S Attwell,1,4,A,1,2,A,13,19,5,10,7,6,1,6,0,0,7,18,7,2.3601883929743535,0.7603740376564575,1.9739728914149175,1.6230729451620574,6.073710592328346,4.5705125158716235,5.543769033229089,6.175403286921697,17.93096053276922,11.194679070588323,13.547603795886552,17.25188332702984,4.575343993509842,4.879279672208862,2.7012315014634325,2.1754318396333203,3.99,1
2025-01-18,Brentford,Liverpool,A Madley,0,2,A,0,0,D,11,37,6,8,2,15,2,3,0,0,6,14,5,2.19510220976406,2.0396197292155804,2.9250599003657483,1.4131251100964475,5.175235009652814,4.553229018067574,6.976664824434496,3.1705058933295516,12.178186957047588,14.771124524160312,19.57530337500154,9.216035694461826,3.3656985646381647,3.7787303493716897,1.9585543285697367,3.0769239073282697,3.43,1
2025-01-18,Leicester,Fulham,M Salisbury,0,2,A,0,0,D,8,17,4,2,5,2,3,1,0,0,8,8,4,0.8386320918050024,1.9051704946559134,1.6551230232287852,1.551961857661848,3.9017722413146245,5.01253099476757,4.721497748039229,3.983373961865171,11.456557264485214,14.699208443717545,15.067608856158959,11.208315656327567,3.1707356266320392,4.505933904042702,0.530349169521679,1.8089581833184807,3.97,1
2025-01-18,West Ham,Crystal Palace,T Bramall,0,2,A,0,0,D,7,12,0,7,2,4,1,0,1,0,13,10,2,1.554513196562022,2.256502159876678,1.4049279048229706,0.8452241055732866,4.747602977419926,4.852482216606305,4.244960419104922,5.6036749341209,11.201868908342314,17.44327386837331,12.245757064950087,15.607871656562947,4.351268747012896,3.681551018784303,1.6499099985289023,1.4976179432130239,4.06,1
2025-01-18,Arsenal,Aston Villa,C Kavanagh,2,2,D,1,0,H,18,8,6,4,10,1,2,3,0,0,10,18,5,1.8760836272163703,0.5917210318396604,0.9173637316334179,1.898238837040297,8.195030669389581,2.083595734439378,5.107370533258646,5.714001746668944,16.611337164441835,6.85398217654773,9.537801998147147,15.043369859858762,3.832273941793885,3.7212462047810946,1.6125970340959208,0.7093084750942504,3.7,1
2025-01-19,Ipswich,Man City,S Barrott,0,6,A,0,3,A,8,17,4,9,4,7,0,1,0,0,4,7,1,0.6979770244187062,1.6779239428075259,1.6568238780008164,1.3827457031164394,3.713030790858743,6.710292322254048,6.015922087289351,4.161827879048638,10.24174684593468,14.977757248936186,15.290999988450727,12.337806543254613,4.324822202122572,3.321664839215417,0.6586673824522128,1.6512044249375881,3.95,1
2025-01-19,Nott'm Forest,Southampton,A Taylor,3,2,H,3,0,H,14,10,5,4,2,8,0,4,0,0,4,18,4,1.2720136487588876,0.901659439710984,0.6603661400983621,1.8276299221998773,4.190760425240465,6.1498895159503535,4.8190647943706315,7.133405682709861,12.423531494789186,13.6792224799202,8.879551847138616,18.614260005532383,3.7556562909712983,4.514961258101117,1.224649367865801,0.6798565791357931,3.72,1
2025-01-19,Everton,Tottenham,D England,3,2,H,3,0,H,12,11,6,6,3,8,2,1,0,0,14,14,3,0.7989232856304769,0.8663967000552178,1.6473533352655123,1.214110588272195,4.993565339968481,5.0116978585821075,6.113387884575213,5.815052152940714,12.242813152952932,11.484647106150042,13.431348043918211,13.599024343603876,3.206973215130901,4.996982281219461,0.5259327833472094,1.5064632645853075,4.1,1
2025-01-19,Man United,Brighton,P Bankes,1,3,A,1,1,D,10,6,1,3,4,2,3,3,0,0,13,12,6,1.6441146390434875,1.5995583616852775,1.5712693358506808,1.391957373553368,5.414997109165356,3.7793382899290715,4.98655475576803,6.288687900767512,16.468370939975134,11.801768818871768,12.747368033006895,12.465501739786818,3.8342571432432004,4.1711206067934965,1.6888275065104623,1.7197108981054001,4.09,1
2025-01-20,Chelsea,Wolves,S Hooper,3,1,H,1,1,D,19,9,7,4,3,6,4,2,0,0,8,14,6,1.9416547424946213,1.3163916684350223,1.4512236421124705,2.2065735053774342,6.243527218938121,3.4606830619196476,2.741585980032466,6.392988604027392,19.02771000405084,11.545251194657833,11.378998265112148,14.970562582461032,4.92530894555693,3.9046011581378837,1.8111305479493667,1.3112618044837006,3.87,1
2025-01-25,Bournemouth,Nott'm Forest,C Pawson,5,0,H,1,0,H,16,18,10,4,3,9,2,3,0,0,9,12,5,1.1272090810094662,0.6459129115819092,1.8759756831884862,1.0057787033432424,7.211283174731811,4.549287711252367,3.517184707899705,6.602319475273302,18.67881076382229,10.812670742472958,11.323968987185184,13.703250103022755,4.251030693237554,5.019913444118986,0.890984041676675,2.203771560039695,3.87,1
2025-01-25,Brighton,Everton,T Robinson,0,1,A,0,1,A,16,3,1,1,9,1,3,4,0,0,8,11,7,1.1364816668868343,1.30840331328009,0.4783357849963999,1.3431356048609788,5.307437226143808,4.471042729176677,3.965155582061767,6.8786430789835835,16.228392045205528,10.412929814902814,9.572886695587863,15.888840139706476,4.794487491130803,3.9932436142940966,0.9539736970958856,0.33970796140779713,4.27,1
2025-01-25,Liverpool,Ipswich,M Salisbury,4,1,H,3,0,H,16,3,6,3,3,4,0,2,0,0,10,11,2,2.172263439460421,1.0436838030325009,1.2697406501574953,1.6915035204207673,7.275577794796671,5.140902435014384,3.342030095872276,7.312151977919988,18.27473067924699,10.087429957540872,7.322695355030454,15.541550723529033,5.170663006029935,4.148244186105659,2.2212657514222895,1.30643688065489,3.97,1
2025-01-25,Southampton,Newcastle,S Barrott,1,3,A,1,2,A,12,17,5,9,3,8,1,0,0,0,10,5,1,0.6453897336076371,3.070703187245513,2.051271451333102,1.2285360801736867,3.1162072088817983,5.260120037569095,5.449682879928635,4.9765407277161104,10.079246662906076,19.116698299448792,12.958273535268827,12.608551159587135,4.091619788545642,4.049664626752137,0.3797038678997504,2.195152975078083,3.95,1
2025-01-25,Wolves,Arsenal,M Oliver,0,1,A,0,0,D,9,9,4,3,1,5,0,1,1,1,20,10,3,1.2639320867138377,1.990255011715864,2.2270542230372383,1.058192208488161,4.096141738459941,5.529611125193346,4.761224622017667,3.359204041285896,10.690066181062036,12.640680901554989,11.884010333563035,11.002292973354056,4.337854441640253,4.785894681396262,1.1069717862148756,2.2840262100531703,3.43,1
2025-01-25,Man City,Chelsea,J Brooks,3,1,H,1,1,D,15,10,6,4,2,4,3,2,0,0,6,8,5,2.2252973964889176,1.2770099836705304,1.708590150219952,1.3468001666813572,8.4816341847568,2.322547056149057,6.522975626275881,4.270625252309886,18.419159011978635,9.55155315299075,15.678362130024295,10.570997807206808,4.0597455197502725,5.3173672000072845,2.292450033155367,1.2996177697392495,4.49,1
2025-01-26,Crystal Palace,Brentford,T Harrington,1,2,A,0,0,D,16,13,5,6,4,7,2,2,0,0,8,11,4,1.3272713938545275,1.6193117979428477,1.5725746200530868,1.2693076748756489,5.4749171364682345,6.297512092766321,3.7076697931847193,7.009093614458936,14.512005161407869,11.416237222119674,10.627178377020352,19.574410220428046,3.93945551603117,2.9619889784373488,1.2787914363416042,2.0526999352635595,3.69,1
2025-01-26,Tottenham,Leicester,R Jones,1,2,A,1,0,H,15,12,6,3,6,4,1,5,0,0,6,16,6,2.093980235663708,2.343501342576431,1.0150524636330454,2.6877866046419907,7.693038741746714,6.563427300918543,3.0061812235461565,7.3906413936816335,13.651685237298684,13.327195276587,7.537150773682005,17.80624258367354,3.9706183307419876,3.8597930589401015,1.902490419908636,0.8788919121282165,3.98,1
2025-01-26,Aston Villa,West Ham,P Bankes,1,1,D,1,0,H,14,14,4,4,4,3,2,3,0,0,13,16,5,1.8943708004190007,1.2341676913074542,1.0959573638966609,2.0554426073957015,8.4689263131873,3.0770569653240174,3.983428402576043,6.793344136218678,15.346525862064254,9.355993671339288,15.650176850989135,17.161943240123033,4.783095080662673,3.231528833738254,1.9149479562675087,1.0344441566971632,4.09,1
2025-01-26,Fulham,Man United,A Taylor,0,1,A,0,0,D,9,4,3,1,3,0,0,1,0,0,7,9,1,1.5522184392538285,1.5737535684206194,1.1003833258609508,1.5144758806034315,5.2551736081087626,4.72258271442932,4.602939796990299,6.442809536666988,12.604719377922022,10.757807604984833,11.625795291892066,13.25575437521563,4.631325019370603,4.215674736704291,1.598366310968659,1.147032135871426,3.72,1
2025-02-01,Newcastle,Fulham,C Kavanagh,1,2,A,1,0,H,11,15,4,4,4,7,4,4,0,0,10,15,8,2.1128814059595857,1.3493969553201177,1.7178280024136054,1.2697866400193007,6.24212685267743,4.830419337971505,4.226679389214591,4.168215278779985,17.03442223061442,12.613828367631697,15.418953116903468,10.624984845637323,5.016190551684851,4.413945812466099,2.134154334308955,1.8726387888790545,3.7,1
2025-02-01,Wolves,Aston Villa,A Madley,2,0,H,1,0,H,8,10,5,3,5,8,2,3,0,0,20,13,5,1.034126246750034,1.8102086412361083,1.1142066946711853,1.9167408671536779,3.53320686218532,5.433318190819264,4.360575871298471,6.493274176765211,10.38278141282487,11.978738902125833,9.258201627528317,15.580938990320506,4.0946081731561685,3.9537469009072748,0.737981190809917,1.139538983396167,3.43,1
2025-02-01,Ipswich,Southampton,M Oliver,1,2,A,1,1,D,15,9,6,4,1,2,0,3,0,0,11,14,3,0.5585224923795676,2.541466828757552,0.9039361689978689,2.0407883248634673,3.770366713633228,6.768175386043797,5.397417210768565,6.200058289876465,9.793849928968974,15.38179764948377,9.083269890659018,17.775302827352455,3.660528811238408,4.421331847653828,0.43740625207406925,1.11990438609084,3.43,1
2025-02-01,Everton,Leicester,D Bond,4,0,H,3,0,H,13,9,7,1,5,6,0,0,0,0,7,13,0,1.199119062355764,1.072506396349787,1.1941340461273189,2.3809159491888083,4.631098905031058,5.5550255348812625,3.186875760695159,7.137797204252881,12.19866530580579,11.396529448179663,8.348578867436446,17.29601605465378,3.169341720485624,4.248922054870137,1.3506218555648066,1.2525946080858743,4.22,1
2025-02-01,Bournemouth,Liverpool,D England,0,2,A,0,1,A,14,19,3,7,3,3,2,3,0,0,15,9,5,1.831390670039073,0.5284678984204331,2.7568671868054087,1.1561932651711586,6.4455542366435985,5.358551551558218,8.435453076361684,2.9576866344257455,18.19172812501315,12.119528004667634,22.743430117027057,9.5403928494143,4.38721423828363,4.000779382571431,2.2606560310065933,2.71794927155218,4.1,1
2025-02-01,Nott'm Forest,Brighton,S Hooper,7,0,H,3,0,H,14,10,9,5,4,6,1,3,0,0,8,13,4,1.5862098447558586,1.101368439555878,1.8310385530780025,1.3206923950172915,3.7924189733783753,6.486291291256624,4.443544788543504,5.872562818988008,12.710177513196975,13.010237041124817,11.520573818911641,12.017228686587979,3.800084803868676,4.503644139953123,1.8164329133027006,2.146473932070267,3.87,1
2025-02-02,Brentford,Tottenham,J Gillett,0,2,A,0,1,A,20,13,4,2,10,3,0,1,0,0,4,11,1,1.7959923300624072,2.032416135100142,1.7114709123502458,1.5388177625410373,4.597918993528343,6.452643765737986,6.456408278177454,5.3032244753711035,11.963970938949796,18.812742166201215,12.989284751633523,13.308292637156065,3.662844568301297,4.633894584220142,1.305702885712696,1.6709755097235384,3.81,1
2025-02-02,Man United,Crystal Palace,J Brooks,0,2,A,0,0,D,17,11,2,3,11,0,3,1,0,0,12,13,4,1.5270028839817942,1.8541841195597812,1.5131228340511096,0.6915469914461093,5.1577249019886,3.4558222302855377,4.200422159919928,4.948461292583168,15.292303471153952,10.746901738301647,12.201073961062178,14.042804041672236,4.228028580178343,3.37581446191089,1.4592183376736414,1.6650786288086827,4.49,1
2025-02-02,Arsenal,Man City,P Bankes,5,1,H,1,0,H,12,7,7,4,5,2,2,0,0,0,6,7,2,1.8986138774031884,0.8477717600262277,2.4464922807321865,1.131337388074172,8.523206919909711,1.886578323020172,6.1948453479780605,4.132404627682327,16.863821322971006,7.062349058993658,15.60172726993311,11.54911442758862,4.044587776116563,2.899543950316966,1.7417313560639471,3.100802949958392,4.09,1
2025-02-03,Chelsea,West Ham,S Attwell,2,1,H,0,1,A,22,14,3,5,4,3,3,1,0,0,11,10,4,2.1340811579874632,1.2588659090318424,1.0785105700041842,1.863543946482071,5.65379498187506,3.9223770627477066,3.804623233790565,6.2854633708836705,19.022671821364252,11.082478238060169,15.350144688409628,16.58704445414193,5.120707324207151,3.5530690542030903,2.2074203652995776,1.0229627711314422,3.99,1
2025-02-12,Everton,Liverpool,M Oliver,2,2,D,1,1,D,10,6,3,4,2,3,2,2,1,1,9,20,6,1.7083701528347246,0.8775052292005092,2.6192549680751904,0.9459763033648263,4.698171832825634,5.635929984817503,7.447188859492642,2.965379973785842,12.344362526052594,10.960796811905263,22.062806444807986,10.3512305305239,2.5930977589642663,4.182455862358731,2.233747903709871,2.478632847701453,3.43,1
2025-02-14,Brighton,Chelsea,K Kavanagh,3,0,H,2,0,H,13,8,5,0,2,9,1,2,0,0,12,15,3,0.9298486311345556,1.2523299821249192,1.5797555746932734,1.6473819609954183,5.978812293511028,3.839944034623719,6.0642527753097575,3.8577842885021094,16.186866217717462,9.065124358728683,14.645932629725198,11.376270950416771,5.195489775968053,5.2596640714973315,0.6359824647305903,1.1997451798261662,3.0,1
2025-02-15,Leicester,Arsenal,S Barrott,0,2,A,0,0,D,6,11,2,5,3,7,2,1,0,0,9,10,3,0.6861533817998698,1.9224122396196313,2.0039534504338516,0.8657936210058309,4.101450209248996,4.464797555490309,4.80463832803521,2.9302578427738992,10.828091697882352,15.117534586874756,11.35964480713875,10.638239697674106,3.3215111134515465,4.461186550551344,0.3535661130143276,1.8560174733687802,3.95,1
2025-02-15,Aston Villa,Ipswich,R Jones,1,1,D,0,0,D,25,4,6,3,16,1,0,3,0,1,7,11,4,1.7317579241326584,1.191591746521468,1.2146360076122162,2.163100490510275,7.656394238841116,3.0630466076923004,3.4764451213841516,6.431233239103801,15.101702972808889,10.200358476453347,6.439622736083286,15.6352061792059,4.822532339568684,3.709384756107964,1.6099653041783393,1.2030965339607878,3.98,1
2025-02-15,Fulham,Nott'm Forest,T Bramall,2,1,H,1,1,D,24,8,10,2,8,4,0,0,0,0,13,8,0,1.2699966311732518,1.4694346366405084,1.534874220061379,1.7320326417884464,4.845141645389645,3.863930479169815,4.514103983000555,5.947323541861974,11.949315219117358,9.529114121704023,12.53784610017774,14.120859327554083,3.9710834665208252,5.016292658953295,1.0655775406453958,1.4691810388743842,4.06,1
2025-02-15,Man City,Newcastle,A Madley,4,0,H,3,0,H,11,3,7,1,7,4,0,1,0,0,5,13,1,2.366152418996402,1.2266445307756086,2.2237675547852893,1.18698406470668,7.303155211223647,2.6275385084696263,5.913376911691319,4.617169678616072,17.79749372079954,9.633088945490503,13.6931329082321,12.497905491837816,4.230700884270929,3.495180137284737,2.5283000221035783,2.463435316718722,3.43,1
2025-02-15,Southampton,Bournemouth,J Gillett,1,3,A,0,2,A,11,14,4,7,4,6,1,3,0,0,13,15,4,0.7098644039119049,3.057848047055997,2.3423576296962603,1.5097819813535782,3.0950786004073247,5.758280621153391,5.626723760032878,6.325336544501429,10.428474956279649,18.731843607059364,14.538992084891852,16.47877968987043,3.529506433507923,5.2648821153404635,0.5864692452667197,2.7836212273760546,3.81,1
2025-02-15,West Ham,Brentford,D England,0,1,A,0,1,A,13,14,3,5,9,2,1,1,0,0,10,13,2,1.2718744274971097,2.2098654025365847,1.6502884176036112,1.220342585047132,4.248038789007407,4.697485446630849,4.306275994795155,6.461985036129587,10.437892726826112,16.453587689289883,11.058601001607245,18.924516682830042,3.92376532930871,3.150718478765458,1.099939999019268,2.035133290175688,4.1,1
2025-02-15,Crystal Palace,Everton,A Taylor,1,2,A,0,1,A,17,11,6,6,6,2,0,1,0,0,9,12,1,1.2677675027883244,1.688527836163,0.5731838265708856,1.0989291248570803,5.2067503786394305,6.425237169544459,3.426036371210258,7.264344347447051,14.782549683310128,11.70419409699273,8.377816356014735,15.909051023925286,3.950463604261277,4.539926607824362,1.1858609575610695,0.5598053076051981,3.72,1
2025-02-16,Tottenham,Man United,P Bankes,1,0,H,1,0,H,22,16,7,6,10,5,1,2,0,0,13,9,3,1.8950747340100933,2.2810465516794056,1.0821318115902643,1.2391166223763002,7.385213509381499,6.0973495998598635,3.7660416301747395,5.8168441499774435,13.896833381222303,13.085887039311865,10.239287020706731,12.481980832193388,4.33959682396451,3.6310065874526756,1.6016602799390907,1.098021423914284,4.09,1
2025-02-16,Liverpool,Wolves,S Hooper,2,1,H,2,0,H,10,16,3,4,4,3,2,2,0,0,15,13,4,2.504579186439671,1.0357412931823098,1.3691829781530334,2.3508328711258697,6.498199993574436,4.933465623217874,3.334024905442857,5.776081571900235,17.861143272193416,8.798806295163622,10.946453116736476,15.70318758315968,4.5941788080242585,4.285582773909147,2.81417716761486,1.2075078696558004,3.87,1
2025-02-19,Aston Villa,Liverpool,C Pawson,2,2,D,2,1,H,9,17,4,3,6,8,1,0,0,0,8,6,1,1.5987110265042919,1.156756882907117,2.506663153724819,1.1376169788386323,9.173413494727045,2.6879472179022597,6.638609052688027,2.789856339112532,16.901393372926947,9.073020551888128,19.142296130936472,10.287370432945922,4.672981002480906,4.5129184386300025,1.406643536118893,2.3190885651343023,3.87,1
2025-02-21,Leicester,Brentford,T Harrington,0,4,A,0,3,A,8,14,3,6,5,6,4,0,0,0,10,10,4,0.5613981224928228,1.9365191163356148,1.5320540452055025,0.9984618998806243,3.9011863759524075,4.925743820203051,3.8869526800323135,6.9234427497638835,9.950256147254409,14.36889134074831,11.593401338093297,17.84733078685808,3.2630545009904512,2.941496734289188,0.23571074200949618,1.6900888601168813,3.69,1
2025-02-22,Southampton,Brighton,D Bond,0,4,A,0,1,A,6,18,1,12,5,6,2,0,0,0,11,12,2,0.7626163816270259,3.047330210119385,1.4981224466843288,2.353293795836774,3.25960992351583,5.8022296417429144,4.72653665013112,5.532096845932939,10.532388701357709,17.871507571507067,11.24410584699196,12.377732568071286,3.615050801277129,4.412072476538759,0.7243128301779107,1.430982621380178,4.22,1
2025-02-22,Everton,Man United,A Madley,2,2,D,2,0,H,9,9,8,3,7,9,4,1,0,0,12,9,5,1.7613937623394176,1.0815951911041712,0.8853805689052345,1.1956408719221607,4.207595127351357,5.156669979179383,3.990397702221016,6.577417957180817,11.918114786573447,10.058833739389174,11.28668940301179,14.21252980885997,3.212534540916711,3.5162781145494484,2.1558319358065807,0.7320142826095226,3.43,1
2025-02-22,Arsenal,West Ham,C Pawson,0,1,A,0,1,A,20,5,2,2,2,0,1,3,1,0,16,15,5,2.4625022754073997,0.875449622432453,1.0642359206067757,1.8883541385621767,7.882623829842305,1.907200446549104,3.6583280972407084,5.869924567277423,15.979490154399064,7.051012866206555,15.104663830713736,17.5712182108318,3.6728445361332698,3.6343292279066177,2.827820904042632,1.0153085140876281,3.87,1
2025-02-22,Bournemouth,Wolves,M Salisbury,0,1,A,0,1,A,8,13,3,5,6,7,3,3,1,0,17,9,7,1.4983959288461002,0.7960309363560719,1.3020587991307402,2.287045075257891,5.8190623252957,4.9297051692160725,3.2732931033889794,5.453157644077622,17.4295622775098,13.370577837373355,11.865279838885948,14.666244368050116,4.498634722982905,4.233658632288472,1.5071040194892453,1.1383385797705337,3.97,1
2025-02-22,Fulham,Crystal Palace,R Jones,0,2,A,0,1,A,10,10,0,5,7,7,1,3,0,0,10,7,4,1.4027246217197762,1.3840828168066195,1.601645957028739,0.5658111721264993,5.418752710417108,3.888670411676489,3.436709023577066,6.048741081134144,14.140350553990912,9.251093151723738,11.982696872555431,14.580476045611475,3.249067717948402,3.489302743994179,1.377051693763744,1.776719085872455,3.98,1
2025-02-22,Ipswich,Tottenham,T Robinson,1,4,A,1,2,A,17,10,5,6,4,4,2,1,0,0,15,14,3,0.645170952143691,2.4351935398235574,1.7639307475919823,1.2590327088137891,3.226628913689633,5.8323291742791055,5.827970395957859,6.157183679957603,10.815657104123105,14.129247004639822,12.991232978650974,14.524966729186755,3.530887316177592,3.973186463847068,0.6259060569398115,1.7806503398156923,4.27,1
2025-02-22,Aston Villa,Chelsea,M Oliver,2,1,H,0,1,A,12,15,6,7,2,3,1,3,0,0,15,16,4,1.6716726590950794,1.3100738154858773,1.2925272833520038,1.893312517851404,8.596429214685775,3.653775010313384,6.598025007334559,3.5200053210370177,15.46477637543313,10.514289563118629,13.437581221327228,11.671494419150868,4.0051662651820745,4.848816051298098,1.604429024079262,0.7998301198841108,3.43,1
2025-02-23,Newcastle,Nott'm Forest,J Gillett,4,3,H,4,1,H,13,17,5,5,7,6,1,4,0,0,11,13,5,1.9105393278149332,1.4676884205227865,1.4376208684901237,1.780755729797396,5.834467416186533,5.224888557698264,4.420627173822505,6.320550849811923,15.937254528821448,13.047677764627332,11.712753535226316,15.917131245331344,5.558701372089071,4.104206685751017,1.7561028895393032,1.3127873590860717,3.81,1
2025-02-23,Man City,Liverpool,A Taylor,0,2,A,0,2,A,16,8,5,4,7,5,0,0,0,0,3,10,0,2.663215621905093,1.0036182476759319,2.414542578999495,1.2944138940251941,7.2480360807297,2.877076966819833,6.886134683021009,3.3735188312787225,16.56158574509224,8.42707274775235,18.752787737908765,10.053303078145184,3.6433007109132967,3.874205986084963,3.0188666814023852,2.212725710089535,3.72,1
2025-02-25,Brighton,Bournemouth,M Oliver,2,1,H,1,0,H,11,19,4,5,1,9,2,1,0,0,12,14,3,1.3062397971717414,1.0246336168617063,2.4619332649548897,1.4170910188847172,5.255391861014603,4.7781360484229545,5.694594605246829,5.902532894592981,15.607435983903889,8.871465380266535,14.440990003729489,15.482602144990294,4.796309808151387,5.034895287698475,1.4239883098203938,2.8557474849927815,3.43,1
2025-02-25,Crystal Palace,Aston Villa,S Barrott,4,1,H,1,0,H,19,6,6,2,3,8,3,1,0,0,19,10,4,1.219082501428198,1.745159139671228,0.9116236549374446,1.931878891631785,5.3509775850506145,5.620648579164,5.0222893634169665,6.221769775174561,15.185722475228049,11.576158804386719,9.39307406177554,14.20258641710393,3.4140156668130337,4.143974741180305,1.123907305040713,0.7596926555974447,3.95,1
2025-02-25,Wolves,Fulham,P Bankes,1,2,A,1,1,D,18,11,5,5,7,5,1,3,0,0,8,15,4,1.209739660193183,1.4810797903256245,1.7691320517243596,1.2207344760862193,3.7998965293182043,5.899987620665563,4.730919989229133,4.137630652980225,9.949548419395791,11.618968184942739,15.342779749055625,10.693169485276528,4.259224872471762,5.065956297000255,1.1586541272066113,1.9150925259193998,4.09,1
2025-02-25,Chelsea,Southampton,T Bramall,4,0,H,3,0,H,19,7,10,2,4,2,1,2,0,0,6,9,3,2.1097027651039633,1.211799379108878,1.1032206600180254,1.8515539338421891,5.353104978730242,3.754672138656173,4.779704500540635,5.254592396137689,19.56400422907425,11.612936751592555,9.068129898527252,17.27070191294215,4.916942351805193,4.162907670321513,2.138280243533052,1.413269590727365,4.06,1
2025-02-26,Liverpool,Newcastle,C Kavanagh,2,0,H,1,0,H,12,3,3,0,4,2,0,1,0,0,12,11,1,2.412837514212964,1.0292428761008867,1.8194461741026178,1.6984415164500872,6.043981803195968,4.5819264114670775,5.5654901943783335,5.0504115628234825,16.43184446481786,10.108114269540632,11.74892689084682,12.225559034003783,4.486146295160523,3.041511013464666,2.542784778409907,1.6422902111458146,3.7,1
2025-02-26,Tottenham,Man City,J Gillett,0,1,A,0,1,A,11,12,6,5,8,3,3,0,0,0,12,15,3,1.7323338704291071,1.8663108077425747,2.183493679626626,1.8347306025687988,7.860629243279706,5.8978314872980695,5.432146180434656,4.290149243595319,15.370136428636478,13.6157257687219,14.03777682981126,11.631093624009115,4.096033760793661,2.735990501938672,1.4011068532927269,2.4005352999722613,3.81,1
2025-02-26,Man United,Ipswich,D England,3,2,H,2,2,D,10,12,6,3,5,6,4,4,1,0,9,16,9,1.2493659911197827,1.8806960982862364,1.1717521261187835,1.9307151412164538,6.219956756605272,2.8274909046772607,2.9816559185291545,8.343055325144203,15.602793754567006,10.792919604871402,5.952190578418958,17.50627484512581,4.186568837601192,3.7674491499526703,0.9728122251157609,1.1348718580815216,4.1,1
2025-02-26,Brentford,Everton,S Hooper,1,1,D,1,0,H,12,14,3,4,2,5,2,1,0,0,3,6,3,1.46944801097348,2.0265222876785316,0.8326049545688965,1.080942010861449,5.5801163194268435,5.824889855730828,3.1667570254368944,7.034463552078482,13.425068291090655,17.755879115658168,8.854577028768903,16.107405387460005,3.1786906263045736,3.8963035744346355,0.8704685904749254,1.0398702050701323,3.87,1
2025-02-26,Nott'm Forest,Arsenal,A Madley,0,0,D,0,0,D,6,13,2,1,3,11,1,1,0,0,10,17,2,2.5705785439696234,0.9011108405149298,2.003234641251464,0.7083765962461877,3.830162635267275,6.39787081094865,5.203795002660012,2.9429382352190387,12.944700988829123,12.462897185769174,11.294254841058535,9.794923374227773,3.83643461720199,4.195516263977299,3.5442886115783123,1.90401164891252,3.43,1
2025-02-27,West Ham,Leicester,S Attwell,2,0,H,2,0,H,8,10,2,2,3,3,0,0,0,0,12,6,0,1.0406245275361106,1.989889870947799,0.977018554476136,2.675295152977945,5.112031751601258,4.20703353864872,3.698353391094627,6.749106426565766,10.90373042102109,16.007480828874126,8.467019188208798,16.514921469106653,3.5739898087594626,3.476390023041337,0.733293332679512,0.8350630720569542,3.99,1
2025-03-08,Nott'm Forest,Man City,C Kavanagh,1,0,H,0,0,D,9,14,4,3,3,2,3,2,0,0,9,7,5,2.103183837884303,0.7372666205276377,1.9683130075183737,1.501143215500635,3.6792185523393233,7.234651630087374,4.989937777651671,4.96466757261277,11.681982724437283,12.560555750835755,13.667271946351512,11.516349327089543,3.5025254199259015,2.7839922295471555,2.3628590731502954,1.9336901999815075,3.7,1
2025-03-08,Brighton,Fulham,S Barrott,2,1,H,1,1,D,9,6,4,1,3,7,0,2,0,0,6,12,2,1.4323780180782404,1.0201547773538178,1.811108075623363,1.180600903137987,4.481684236362551,5.545747689434079,4.7798436663667525,4.6580618562532985,14.769720335786651,10.71301716158042,14.55318280458578,12.021685178350596,4.46970801912775,4.872145907414456,1.6159922065469292,1.9433950172796133,3.95,1
2025-03-08,Crystal Palace,Ipswich,S Hooper,1,0,H,0,0,D,19,15,4,8,5,4,4,3,0,0,8,7,7,1.7247038720544154,1.609675657788462,1.3343117159867677,2.140582879580039,4.923527108912689,6.0532579346096,3.5740640507288712,7.686916360349998,15.879227489675413,10.562311734507286,7.139189603921969,16.033023903300855,3.52055827437462,4.794437986230752,2.082604870027142,1.4247373010173812,3.87,1
2025-03-08,Liverpool,Southampton,L Smith,3,1,H,0,1,A,28,6,7,4,6,4,2,1,0,0,10,9,3,2.337776146677046,0.8421078044395438,0.9026349552613431,2.242180744896421,5.672348741556914,4.112485237519283,4.27430335418506,5.026484539675373,15.626054548003005,8.815729834249078,8.692106036521553,17.585119951053596,3.852301503114721,3.9514697748287095,2.361856518939938,0.9421797271514286,4.4,1
2025-03-08,Brentford,Aston Villa,J Gillett,0,1,A,0,0,D,13,12,3,4,6,5,2,2,0,0,10,5,4,1.3840937717533772,1.8398817505813785,0.9276920815940385,2.307900917924524,4.929185656986748,5.674909784603713,5.563691306828707,5.6359934421503795,13.165964797243694,17.072991560431557,8.7761514942781,15.074843447461413,3.1462014004319085,4.117797515052428,0.9136457269832972,0.8397951037316297,3.81,1
2025-03-08,Wolves,Everton,S Attwell,1,1,D,1,1,D,11,12,3,4,5,5,2,2,0,0,11,16,4,1.1716051758534245,1.5754289210107078,0.8630404179079041,1.0662252813560162,4.38173353418376,5.736353504949747,3.5000739357439743,6.119106526568909,11.413266914246826,11.506428512981,9.790108494477943,15.36060439483485,4.212093076650957,3.7333392853179994,1.1057694181377409,1.0265801367134215,3.99,1
2025-03-09,Chelsea,Leicester,T Robinson,1,0,H,0,0,D,20,3,7,3,12,2,1,0,0,0,12,13,1,2.4533931774715434,0.9914722154098768,0.7993786763606365,2.5525141186594,5.1070858873771305,3.435640835127968,3.5713799465195524,6.067450171824244,19.46145800380918,10.774220963878033,8.74574319330817,14.966752700964696,4.5684073726419605,2.844318608280825,2.758853495688701,0.5567087147045049,4.27,1
2025-03-09,Tottenham,Bournemouth,J Brooks,2,2,D,0,1,A,12,17,4,8,3,6,3,3,0,0,15,16,6,1.4173640712896416,1.7087997495310085,2.1961194046688393,1.5230775848791935,7.885969381228537,5.37095302750775,6.29559506734165,5.011137079797483,14.575566157491956,13.321957442924091,15.269925274060554,14.667559619555202,3.896754892337582,4.664903452457135,0.9340712355284846,2.237164989564014,4.49,1
2025-03-09,Man United,Arsenal,A Taylor,1,1,D,1,0,H,10,17,6,6,2,9,0,1,0,0,8,11,1,1.5676630882071563,1.9023877170906593,1.639010155801727,0.5795808496274987,5.99814643404221,3.4043107484608455,6.257650471831856,2.953313101691603,14.584103966403543,11.012388770768775,11.604390328949115,9.10493729629344,5.061738152403572,3.796331482985246,1.6485414834105072,1.2693410992750134,3.72,1
2025-03-10,West Ham,Newcastle,M Salisbury,0,1,A,0,0,D,9,9,2,3,3,4,0,1,0,0,7,15,1,1.2150564341214336,1.628091707406244,1.4886377740681498,1.7532703324271082,4.728025973077028,3.9875728921114493,4.917219240651094,4.859427639571822,10.375779427811207,14.91521157159985,10.158212887885425,12.184548299960543,2.924173470577133,2.6703271875127466,1.1555288884530082,1.0948601407638765,3.97,1
2025-03-15,Southampton,Wolves,R Jones,1,2,A,0,1,A,10,5,3,3,5,1,0,0,0,0,12,13,0,0.6239587476850116,3.220543036614221,1.2471390166831737,1.8712186919762157,3.576044733933367,5.838187917227749,3.9508761852151624,5.552583528398154,9.70831737457216,17.894869849768494,12.071592598410223,13.454199920117432,3.3214049680687316,4.736629797265732,0.4828752201184933,1.0922257198470224,3.98,1
2025-03-15,Bournemouth,Brentford,C Pawson,1,2,A,1,1,D,17,10,5,4,4,3,3,0,0,0,13,7,3,1.2259505190742757,0.8331175528206799,1.9807718475407934,0.816923228598311,5.851961266075615,5.306135932716465,4.271143406658387,6.573725608707743,15.715034822377506,13.303197628436664,12.030965078326723,16.056905586920692,4.953444746666525,3.1339520262017833,1.0047360124675782,2.4600592400782837,3.87,1
2025-03-15,Man City,Brighton,S Hooper,2,2,D,2,1,H,11,15,3,3,4,5,2,5,0,0,10,10,7,2.178994591255019,1.1847785694549695,1.953009281082007,1.925422190458963,7.202938610715829,3.263062979616627,4.95807544433614,5.435351963467109,16.459479244195244,8.349423155891188,12.472450256059792,11.218144811795959,2.980882388229903,3.973513838152812,2.01257778760159,2.2873217475867853,3.87,1
2025-03-15,Ipswich,Nott'm Forest,M Salisbury,2,4,A,0,3,A,11,11,4,6,6,3,1,1,0,0,4,13,2,0.7138209181972786,2.737941894335529,1.7216981503555324,2.1842665469607607,3.3762556117933715,5.4778223029470885,4.707794309163724,6.444090689699992,12.012162667663159,13.330347736364029,12.6740993276614,15.38672815794657,3.4281747664186137,4.267082984270912,0.7510326575525246,1.8751915731160629,3.97,1
2025-03-15,Everton,West Ham,D Bond,1,1,D,0,0,D,13,10,5,5,6,5,1,2,0,0,12,8,3,1.8047767152633603,1.2485778860248593,1.052556662109967,1.5450170164433075,4.715305111476037,5.855457265711333,2.993177522449905,5.166301906351213,11.387548454134729,9.866318511285431,13.26745219293404,18.01281490751003,3.5375282654097497,3.882633009002156,2.103887957204387,1.0102056760584188,4.22,1
2025-03-16,Arsenal,Chelsea,C Kavanagh,1,0,H,1,0,H,12,8,4,2,5,4,3,3,0,0,10,13,6,2.0147745811236906,0.8980951460233936,1.239340503798146,1.9127102421565432,6.81305584203691,1.560436722918018,5.94383863298501,3.2436407132496297,16.710491957318435,6.678101429452266,13.721657366977139,11.731222707434357,3.9141455337921536,4.694485857940225,1.8852139360284212,0.8665534132560738,3.7,1
2025-03-16,Fulham,Tottenham,A Madley,2,0,H,0,0,D,13,12,4,4,6,5,0,0,0,0,13,10,0,1.147683615850094,1.496067831899227,2.170488800608891,1.2119358518405001,5.706252404241185,4.454367067678193,5.4956121363230785,5.76496845854666,13.387559055508262,9.38725812161847,12.447372427547432,14.974972786311453,3.3856009487686105,3.7962434673195715,0.9180344625090185,2.5204335598771284,3.43,1
2025-03-16,Leicester,Man United,T Bramall,0,3,A,0,1,A,11,18,3,5,6,4,2,0,0,0,6,6,2,0.4593256703258545,2.3116977023630008,1.0880386508374904,1.3418879886809727,4.100970800921597,5.121063252410087,4.901234499596922,6.65425105722164,9.595663890301312,14.301820144346468,10.870927686087455,13.264797099731865,3.3970446786976747,3.7860457348133325,0.15714049467297278,1.1546761884063483,4.06,1
2025-04-01,Arsenal,Fulham,J Brooks,2,1,H,1,0,H,17,9,4,3,5,4,1,2,0,0,2,10,3,1.8302701091830755,0.7348051171324569,1.6636337843242042,1.3295826538227233,6.483409320576501,2.003993688747125,5.18350871633469,4.3565958685139945,15.85403886188993,6.918446627543343,12.998057648805482,11.47228751656064,4.293391805812977,4.349937221625943,1.5901426240189476,1.6289300115196435,4.49,1
2025-04-01,Wolves,West Ham,T Harrington,1,0,H,1,0,H,9,10,2,1,1,2,4,2,0,0,16,12,6,1.140404234341811,1.4708054793268672,1.043000905225691,1.4459230120328197,4.49414562048937,5.602471047584751,3.358054341781473,5.317883380097073,11.338127474215518,11.596168784634774,12.673369967519076,17.10139400216766,4.173530698525154,3.7221542777917525,1.0705129454251605,1.0068037840389459,3.69,1
2025-04-01,Nott'm Forest,Man United,J Gillett,1,0,H,1,0,H,8,23,2,6,3,10,1,3,0,0,5,12,4,1.9025990632008596,0.6032142043466916,1.435667992033115,1.0979083508771965,3.555720640565088,6.2828688159182695,4.737373679138978,6.535296317839422,11.194335170138578,12.82228057898563,12.16712267083803,12.853015802967468,3.774801527427984,3.4613101420094416,1.908572715116877,1.7697841256042324,3.81,1
2025-04-02,Bournemouth,Ipswich,R Jones,1,2,A,0,1,A,24,10,7,2,8,3,1,2,0,0,14,15,3,1.1848673991066734,1.0452842332158616,1.0761579527568474,1.9199104841334815,5.515231139580415,4.886826167137904,3.6564713075053983,7.167069639679165,15.948671721123036,12.702598590196999,8.660046957920162,16.60705472053734,4.598262535949843,5.221155466913609,1.0031573416439516,0.9481924690318122,3.98,1
2025-04-02,Brighton,Aston Villa,S Attwell,0,3,A,0,0,D,11,8,4,5,4,0,1,3,0,0,16,11,4,1.5355820162710117,1.0164902723278553,0.940838976038166,1.888282563194547,4.212287098615874,5.81015720423713,5.46120197684492,5.702176453617415,13.720680259693548,9.856104938097697,9.362305776449913,14.697599178877738,4.02067019102992,4.096379784735811,1.7439948043646194,0.8931967358210864,3.99,1
2025-04-02,Man City,Leicester,D England,2,0,H,2,0,H,18,2,5,0,5,0,1,4,0,0,11,8,5,2.1464501196511248,1.333000649861071,0.6540370044936119,2.2702386411217446,6.620586127690538,3.5788697151234135,3.2856743162352244,7.146096295319906,15.46684664010934,9.558618963066428,7.701061934563614,15.881889167567097,3.7116310553927443,2.508987734553507,2.0083851917343933,0.37113914313627827,4.1,1
2025-04-02,Newcastle,Brentford,P Bankes,2,1,H,1,0,H,21,12,4,3,4,5,1,1,0,0,12,12,2,2.2904412748696372,1.746290530764516,1.9842678775300577,0.8502099359154001,6.046382435138954,5.365817913313687,4.040026273602507,6.105775194268869,15.40320824149526,13.766281820015212,11.661698460743871,16.22837740969866,5.457119302656383,3.1095970965371853,2.504068593026202,2.306706160052141,4.09,1
2025-04-02,Southampton,Crystal Palace,A Madley,1,1,D,1,0,H,8,9,2,3,2,2,2,1,0,0,14,9,3,0.6923299288519369,2.998625976811222,1.6740739661109272,0.4629364117552629,3.8349458594627763,4.958516815794119,4.08458012155274,6.221697251231555,9.761350613621332,15.5503465369806,11.622206525773558,13.747662204542394,2.7175127636827776,3.5821567921678708,0.6552501467457164,1.8511460572483032,3.43,1
2025-04-02,Liverpool,Everton,S Barrott,1,0,H,0,0,D,17,5,3,0,11,5,2,2,0,0,7,11,4,2.4581804853711957,0.8708154767712332,0.8879421604635046,1.0541843209368262,5.7319216984916235,4.092033375858905,3.7727877695188377,5.91563260972991,17.875862844259885,8.303778947954424,10.191906955788335,14.567767220770019,3.697337591235649,3.781823052318971,2.5745710126266252,1.017720091142281,3.95,1
2025-04-03,Chelsea,Tottenham,C Pawson,1,0,H,0,0,D,11,8,5,2,4,6,5,5,0,0,7,16,10,2.189139868687892,0.8112045372961564,1.7758544675672463,1.3552202444693455,6.360343016732126,3.1746152249985173,5.405500837517788,5.80770146669633,19.559374731793245,9.360726222906454,12.366031985008924,14.615886820015394,3.9196060228591842,3.1060173724560145,2.1725689971258006,1.6802890399180856,3.87,1
2025-04-05,Aston Villa,Nott'm Forest,S Hooper,2,1,H,2,0,H,17,19,8,3,4,4,2,2,0,0,7,15,4,1.7313685399599013,1.253696757463451,2.13594481121665,2.1507627327937247,7.39707843430972,3.5349068252256024,4.397278786332941,6.363344986334813,14.834817027055252,11.329873288482831,12.369710312421036,14.589122040996621,4.0042269442288605,3.8548761661638924,1.7362860160528413,2.5834610490731675,3.87,1
2025-04-05,West Ham,Bournemouth,T Robinson,2,2,D,0,1,A,9,11,3,4,4,7,2,2,0,0,13,13,4,0.9941370798713922,1.5138932138109038,2.1604604736422877,1.609792836409382,4.413839428831855,3.9898323662995097,6.241849217276873,4.64546699970248,10.12563771072931,13.839718545965116,15.584491879171491,14.18253711684287,2.5743237445499405,4.9076541164366,0.7703525923020055,2.15810999300594,4.27,1
2025-04-05,Crystal Palace,Brighton,A Taylor,2,1,H,1,1,D,8,11,3,5,2,4,0,1,2,1,12,13,4,1.5929395301351617,1.3170073529390942,1.9615530482582326,1.9389817923527644,4.937431271091673,5.679938305755725,4.9656980909099,5.174378876138894,16.4466406800271,11.369164155880217,12.932004760349034,11.178482118276866,4.153184050091459,4.5237840558529605,1.7217365800180946,2.1915478317245234,3.72,1
2025-04-05,Everton,Arsenal,D England,1,1,D,0,1,A,5,14,2,5,3,8,3,1,0,0,17,13,4,1.6584536744080558,1.2033819062174194,1.5228264897475565,0.6560206960464854,4.948886003038707,5.6999195792119375,6.7562594828025055,2.779983444805259,11.680721465913072,9.890624236791393,12.585410280648505,9.267675971603715,3.4397958523705716,3.2879075710236214,1.7359253048029248,1.1795607328500088,4.1,1
2025-04-05,Ipswich,Wolves,P Bankes,1,2,A,1,0,H,6,22,2,7,4,8,2,2,0,0,12,16,4,0.9597954239809802,2.9793033992793236,1.3840228334374678,1.7128152915768595,3.8780319494145084,5.003952742315619,3.4143532361548337,5.452113794783518,11.818592257855059,12.884681856031953,10.785848474525336,12.826163563637692,3.1550443856553114,3.875424369478276,1.1683080193619244,1.3948171465646817,4.09,1
2025-04-06,Brentford,Chelsea,M Oliver,0,0,D,0,0,D,9,21,2,5,3,6,1,3,0,0,12,12,4,1.1324402250507102,1.6871758966442585,1.0140058641005432,1.7467629234540845,5.1238792773026605,5.55219884950233,5.5904134228417135,3.5629787691322066,13.135789363536443,16.150628968655678,12.681356015323002,11.780091306655933,3.3014375918923275,4.931852068371993,0.6090971513221343,0.5777022755040492,3.43,1
2025-04-06,Fulham,Liverpool,C Kavanagh,3,2,H,3,1,H,12,14,6,6,4,4,3,0,0,0,10,9,3,1.3026503134549836,1.2240553543571386,2.3391712001154072,1.05906591053248,5.759661086381588,4.553573108062736,6.543201100266972,4.032879051508437,13.317093735263494,9.862302351808427,16.797735398990685,11.13452071298434,2.7700368129671618,3.1698048894425686,1.2786896416727545,2.14181714005969,3.7,1
2025-04-06,Tottenham,Southampton,M Salisbury,3,1,H,2,0,H,13,12,8,4,4,1,1,1,0,0,16,20,2,1.5232978777524133,1.7617452502373818,0.9203377000705386,2.379966137185846,6.997611301492953,5.48532520566622,4.224429990572086,5.203487444652121,14.10728139609089,13.990692461146443,8.202631951733153,19.478735511132292,4.279163098216769,3.7784751784346313,1.2893808236856563,0.9614531514342898,3.97,1
2025-04-06,Man United,Man City,J Brooks,0,0,D,0,0,D,13,9,2,5,5,3,3,2,0,0,13,9,5,1.4644516164132662,1.7383172211494693,1.610437911044083,1.4100262661589018,5.271210710234146,4.421708806130306,4.446312720792299,4.607455282492728,13.750630508189081,12.101045370672727,13.72776795681546,11.058831262251584,4.323240297848715,3.186902737992386,1.432360988940338,1.2891267999876717,4.49,1
2025-04-07,Leicester,Newcastle,R Jones,0,3,A,0,3,A,7,16,2,5,12,2,2,0,0,0,8,9,2,0.3758118677294812,2.4368436411273358,1.3997945413771777,1.4344939046098946,4.4462490204995975,4.917233461896952,4.750452104030917,4.521349882956419,9.850997864039668,14.974216838856988,9.947628723981355,11.605539511357199,3.14303642039088,2.366631331675054,0.10476032978197088,1.0632400938425843,3.98,1
2025-04-12,Brighton,Leicester,D Bond,2,2,D,1,1,D,21,15,7,6,3,6,2,5,0,0,9,11,7,1.2563852827646693,1.3771284088625177,0.5351211223369419,2.2211043166400692,4.17368944386929,4.753764972892416,2.688278668725739,6.755896761657861,13.2260111157645,9.51863130903013,6.664504668658844,16.26700043254724,4.0169119744349375,2.9618992960912283,1.1626632029097463,0.24742609542415958,4.22,1
2025-04-12,Man City,Crystal Palace,J Gillett,5,2,H,2,2,D,21,8,9,3,1,4,2,3,0,0,10,16,5,2.119822824856738,1.0906368924977137,1.5515150614244355,0.5605843382907315,6.325934101017522,2.9281661229221343,3.7055655485634404,5.454115921820348,15.927419983674252,8.184324590023449,11.145441696069854,12.702632697823931,3.9458799571602126,3.476310101165189,2.005590127822929,1.567430704832202,3.81,1
2025-04-12,Nott'm Forest,Everton,C Pawson,0,1,A,0,0,D,10,13,5,5,1,7,0,3,0,0,9,13,3,1.738486196380479,0.4935362571626487,0.7264981293944264,1.0443326261054695,3.4546780944417055,6.958727100995324,3.995917268587484,6.840063055168939,10.613532991486249,14.672819517008474,9.247923861843889,15.009991367635916,3.8157476888457698,3.821491588726327,1.6057151432705166,0.6784800607615207,3.87,1
2025-04-12,Southampton,Aston Villa,T Bramall,0,3,A,0,0,D,7,25,2,10,2,14,3,1,0,0,11,4,4,0.7482699714984608,2.635239242573214,1.3152318938777652,1.5449584567680128,3.501319162366807,4.420604381775354,4.468256151224896,5.392689822056397,9.441104877421525,14.359373806806056,9.114613814189715,14.02530841119516,2.768874106655521,4.07885618730555,0.7701667644971684,1.595464490547391,4.06,1
2025-04-12,Arsenal,Brentford,S Hooper,1,1,D,0,0,D,14,3,3,2,13,5,1,3,0,0,7,9,4,1.861130089693625,0.7830223691285545,1.8053099865685482,1.0592627858706658,6.213698531853168,2.3669039314140288,4.214567043830285,5.722906773782484,16.06239543489962,7.29691088152067,11.723207864186188,17.095945614167007,4.058229656542846,2.907852062744548,1.7267617493459653,1.8711374400346694,3.87,1
2025-04-13,Wolves,Tottenham,A Taylor,4,2,H,2,0,H,13,11,5,4,1,4,1,2,0,0,12,15,3,1.1148761914347403,1.2033862981303498,1.4529718333127468,1.2906347447172684,3.858846409311352,4.947476303976526,5.5135915956007455,5.479028468895889,10.913013383007513,11.305956274933068,11.572207978422245,13.958452845027528,4.505616029961718,4.359468773986397,1.0470086302834403,1.1201926932787238,3.72,1
2025-04-13,Newcastle,Man United,C Kavanagh,4,1,H,1,1,D,13,9,6,5,7,2,0,2,0,0,7,9,2,2.2376337695907385,1.6106013414072937,1.174637444964952,1.0801068323270588,5.674312896142647,5.299305564484826,5.694214839611114,5.892515161600898,16.42080675763176,13.445139666317047,14.136736753791151,11.970649282986003,4.828552147706554,3.559253753702153,2.3360457286841347,1.179856083736155,3.7,1
2025-04-13,Chelsea,Ipswich,S Attwell,2,2,D,0,2,A,34,13,9,4,15,4,2,2,0,0,11,7,4,1.9729326172992265,0.6637128015120882,1.2528375413210882,1.7439827848718592,5.931189735928262,3.688321553752335,3.530924867115079,7.326362880123565,18.003124762301784,9.113321452202982,8.91630543075817,18.0209138690262,5.025132213490049,4.796371993155759,1.7817126647505337,1.299597468283872,3.99,1
2025-04-13,Liverpool,West Ham,A Madley,2,1,H,1,0,H,15,11,6,4,10,3,0,2,0,0,15,8,2,2.193056757648092,0.7124853882281885,0.8533643747782172,1.3648460998030143,6.689754128183998,4.257118218548437,3.1111353676518783,4.532813665415247,17.71661505252632,7.703091859461521,12.187302694995383,15.628413257221315,3.752367120747444,4.136308050324406,2.0497140084177503,0.6712025226926306,3.43,1
2025-04-14,Bournemouth,Fulham,O Oliver,1,0,H,1,0,H,12,12,3,7,6,9,3,2,0,0,11,10,5,1.15125433646795,1.2188730921826871,1.5429730321807025,1.4514767815036644,5.967018159637096,4.543758614660504,4.968325199077873,4.473578500006143,17.412584791088698,12.211205212356491,12.271137690218383,12.47732668370313,4.307662359858179,4.104493960062994,1.002104894428812,1.4192866743463852,5.0,1
2025-04-16,Newcastle,Crystal Palace,D England,5,0,H,4,0,H,14,11,7,4,5,4,2,3,0,0,9,15,5,2.5580639970604713,1.4995829143945227,1.633057778485659,1.3677508317067193,5.915346917853365,4.699431818450483,3.7590990858162696,4.644276653807355,15.79884188531155,12.636932444778346,10.57354319916641,14.211244952280705,4.314269932999604,3.753344631475948,2.89069715245609,1.7116204698881348,4.1,1
2025-04-19,Brentford,Brighton,T Robinson,4,2,H,1,1,D,16,12,8,3,4,8,3,3,0,1,7,11,7,0.9265419128416377,1.3804165094074394,1.786725219624181,1.9500760120314722,4.737719240897331,5.633617275882073,4.79011661815013,4.597219074937658,12.383827334312112,17.032333175678747,12.580731164186753,10.600576273043384,3.428448994013472,4.428550590238365,0.40606476754806115,1.7943652211496823,4.27,1
2025-04-19,Crystal Palace,Bournemouth,S Barrott,0,0,D,0,0,D,5,15,0,4,5,4,3,4,1,0,13,10,8,1.666950525366404,1.259369651851503,2.1312852680808176,1.6807409892528882,4.403352853039793,5.374494974504836,6.379697526149789,4.528107054464837,14.91088781437282,11.302043399621402,14.750931501754852,13.240239102374147,4.125332404352963,4.74262284845726,1.8144910533453966,2.105406661987633,3.95,1
2025-04-19,Everton,Man City,S Hooper,0,2,A,0,0,D,8,12,3,7,2,5,4,0,0,0,7,6,4,1.5387348233666123,1.1664033774593299,1.3176310153165964,1.153657851669369,4.594543089994298,6.1181160233691,4.18334676903337,4.678827049997262,10.466044824088508,10.63778347363697,12.868173774598569,11.411771036138836,3.541651152917173,3.516556788794176,1.4906168698686166,0.8594178666584478,3.87,1
2025-04-19,West Ham,Southampton,A Kitchen,1,1,D,0,0,D,12,15,4,4,2,5,2,1,0,0,14,13,3,1.1770212489228375,1.6022762666935915,0.9348217608971792,2.4926996157764614,4.338595895594779,4.537135577679925,3.6381697375283735,4.984671450538538,9.920976306814172,13.323406078106766,8.893062805988434,18.30078308814115,2.8335376116651765,3.4551159145679473,1.1802350615346704,0.974302100956195,3.0,1
2025-04-19,Aston Villa,Newcastle,J Gillett,4,1,H,1,1,D,23,10,9,3,7,7,1,3,0,0,9,12,4,1.7802106240723452,1.207570073845551,1.6907409911920328,1.173676828541119,6.779427803961519,3.619469221450765,4.2503698984981995,5.881104462742633,15.228486662278218,12.724441794871117,11.048059875637668,10.768168683073293,4.003458408907146,2.2999710889125073,1.824190677368561,1.7088267292283896,3.81,1
2025-04-20,Fulham,Chelsea,A Taylor,1,2,A,1,0,H,6,13,1,8,6,4,1,3,0,0,13,9,4,1.611259481477576,1.3651362603258204,0.829641159767263,1.429169661595969,5.439722568011024,4.452923408314262,5.6648837103125365,3.4606189919438948,13.07762204297196,10.614611342029914,14.193836754326622,11.27462015513967,2.811848319687669,4.762424417950907,1.8524597611152498,0.3851348503360328,3.72,1
2025-04-20,Ipswich,Arsenal,C Kavanagh,0,4,A,0,2,A,4,24,0,7,0,12,0,0,1,0,10,7,1,0.9674125225271722,2.793766049117924,1.4277671270628873,0.7185623882746766,3.9011398329638123,5.571579352779917,6.982394124463415,2.819986455224618,10.716210513865889,14.6116563315158,12.842608413908291,8.49173487841005,3.315128406404019,3.417378922989274,1.1121198031185042,1.1197071552333393,3.7,1
2025-04-20,Man United,Wolves,R Jones,0,1,A,0,0,D,12,4,2,2,9,2,2,3,0,0,11,18,5,1.1981876836006893,1.4222595415432953,1.4960186829783264,1.5832125100462213,5.221899671536465,4.163216293443767,4.2481072012200185,5.18809310228879,13.614152232662958,11.537218934229678,12.824785135090583,11.585042903791205,4.446287517602691,3.898074484335987,0.9549073259602253,1.5965447643764545,3.98,1
2025-04-20,Leicester,Liverpool,S Attwell,0,1,A,0,0,D,5,28,0,10,1,13,1,2,0,0,11,7,3,0.30748240754082146,2.539235750871138,2.277503708593444,1.4119630210955234,5.819658886311381,4.386827147428995,6.080800895780283,4.026901042085889,9.332634390778948,15.160722949201466,16.289056230655497,11.291880584861174,2.9352115263736764,3.1389312728839562,0.06984021985464237,2.0945447600397933,3.99,1
2025-04-21,Tottenham,Nott'm Forest,P Bankes,1,2,A,0,2,A,22,4,6,3,7,1,1,4,0,0,11,12,5,1.791789175283518,1.6232461125012607,1.929405327557811,2.1233507875312956,6.45259105962673,4.669811524081369,4.325044858603712,5.933637443886077,13.905957503960225,13.628748373827671,13.575241245842331,15.027472112144633,3.8647698036545273,3.8812628368992406,1.8595872157904374,2.0556406992185967,4.09,1
2025-04-22,Man City,Aston Villa,C Pawson,2,1,H,1,1,D,14,7,6,3,10,2,3,3,0,0,9,10,6,2.64349140718172,1.2559756409032437,1.6215533706582663,1.2640569164777165,5.357582436992757,3.123045011534025,6.201300503999702,4.775837121216457,16.84970726822202,8.150811027879339,12.002865875695043,12.747979596899787,4.137538148606995,4.064518698566928,3.0037267518819526,2.0636429936982608,3.87,1
2025-04-23,Arsenal,Crystal Palace,M Salisbury,2,2,D,2,1,H,12,15,6,4,3,6,1,1,0,0,4,6,2,1.7045609809738413,0.8224728478474658,1.3361381795475027,2.028159777735057,7.447571537904479,2.8456486757519577,3.80289925245189,4.708953626463155,15.68741444313696,6.515654350109267,10.651080800062182,14.172836778770115,4.047642446160712,3.9800092461104093,1.4845078328973103,1.1410803132587566,3.97,1
2025-04-26,Brighton,West Ham,D England,3,2,H,1,0,H,16,12,9,4,8,1,1,1,0,0,7,9,2,1.391587959923323,1.4903777901563078,0.8800253978017085,1.4803286282199664,3.960291361117574,4.980353161814058,3.0909289369757755,5.526847553971462,14.63946365373737,10.515243807862936,11.97142947565153,15.514156300266247,4.559291620652564,3.7478884010827986,1.4417754686064974,0.780801681795087,4.1,1
2025-04-26,Newcastle,Ipswich,M Salisbury,3,0,H,1,0,H,25,4,5,0,11,2,1,2,0,1,9,9,4,3.0020523654927254,1.2269314727967733,1.3943938177777795,1.7924874216632072,5.748920203919015,4.572262395693451,3.6197951367844396,8.780198635589922,15.471779721206648,12.339308361052938,9.689996066166163,21.048287511273745,4.438948128196346,4.645492552257661,3.593798101637393,1.5334209608227416,3.97,1
2025-04-26,Southampton,Fulham,T Harrington,1,2,A,1,0,H,7,26,3,5,0,13,1,1,0,0,10,12,2,0.6122208266516634,2.701559409106432,1.2624323589668953,1.36939005828697,3.22835192331927,6.162313432853187,5.701357299600921,4.751109802423718,8.997267434112834,16.294033955361073,12.22183990693827,12.390539976225982,2.992715275442301,4.267313310804269,0.5134445096647431,0.9461911162308575,3.69,1
2025-04-26,Chelsea,Everton,C Kavanagh,1,0,H,1,0,H,10,6,7,3,10,2,0,0,0,0,11,11,0,1.9778539596556934,0.9066741126600315,0.7762257427090925,0.8544539649910975,7.580064345221862,3.7449903627049124,4.542114134086741,5.778233398583073,20.91164756070857,9.819990285857822,9.93011952987458,14.099083837504613,4.838744536521078,3.672129480251589,1.854475109833689,0.7856533738410137,3.7,1
2025-04-26,Wolves,Leicester,S Barrott,3,0,H,1,0,H,20,8,6,2,4,2,1,4,0,0,7,17,5,1.6394441616632633,1.348225154405914,0.8014628521956088,2.1809035143272655,3.3390561480839422,4.7752078834182585,3.290410081521164,6.073006144608078,11.292465498829973,11.250327860774949,8.180049932933516,17.127546182395673,4.231867658250314,3.696099743119549,2.031339086855627,0.8316173969495212,3.95,1
2025-04-27,Liverpool,Tottenham,T Bramall,5,1,H,3,1,H,25,8,8,3,8,2,2,1,0,0,16,9,3,2.1579555286478986,0.7647607726884426,1.5524315009377772,1.7832466140422512,7.2916170197454475,4.028551267527647,5.238393121031963,4.6646596485529965,17.222685038235305,8.302529708949235,11.468170163165093,13.78418868971356,3.4337549139171197,4.1122926308891845,2.0331426722785,1.413461795519149,4.06,1
2025-04-27,Bournemouth,Man United,P Bankes,1,1,D,1,0,H,8,25,1,6,5,10,4,2,1,0,11,12,7,1.1237530069607609,0.997255442610932,1.1428851819392911,1.6109965042721999,5.973014975865674,5.3540002617009,5.022539407780489,6.093876043242502,16.428459103843547,12.172803509143952,13.202784607774078,12.157803960603053,4.433544407384165,3.2757530684897938,1.001403262952324,1.1199040558241034,4.09,1
2025-05-01,Nott'm Forest,Brentford,D England,0,2,A,0,1,A,14,11,5,3,4,5,3,5,0,0,10,12,8,1.4223915782239267,0.5856223857356673,1.6588899253841711,1.0484877292119081,3.0083642056255355,6.966231412089803,4.3573730979171446,7.046015208048113,10.50197934379318,14.368664530000515,10.137169381488864,16.53304616698469,3.6674270091908814,3.1064245012619525,1.0704767620145312,1.5807582933564057,4.1,1
2025-05-02,Man City,Wolves,P Bankes,1,0,H,1,0,H,9,6,2,1,4,5,0,0,0,0,7,11,0,2.526492968593532,1.209434614918987,1.4058334671831365,1.2953556877772878,6.201658364168027,2.9188550078334323,3.8393604341519594,5.881167089133514,16.331578669930988,7.9415726575308625,11.220278734292162,11.660489649148921,4.476167578792242,4.098424579666423,2.6691511679213016,1.3976965095843028,4.09,1
2025-05-03,Aston Villa,Fulham,R Jones,1,0,H,1,0,H,10,11,3,3,5,3,0,5,0,0,6,17,5,2.1838086955922695,1.169830060122716,1.3965356141063696,1.3022282056288768,6.819531839919815,4.2341111860137515,7.028383716937402,3.8872713494004136,16.6414890984148,12.229088737368198,14.726960814526256,11.4104414502673,4.0028296072827265,3.8550743804547416,2.5494604515790407,1.2974607441539379,3.98,1
2025-05-03,Everton,Ipswich,L Smith,2,2,D,2,1,H,8,12,3,5,3,3,4,4,0,0,12,15,8,1.25896485328475,1.3179664009296708,1.132217173003739,2.019526291367407,4.122807979018088,5.914822199341896,3.3152380964640478,9.19757001687829,10.01767303436955,10.885459207647965,8.620151909956146,21.791296199491434,3.6249873075866685,4.524125783831185,0.993744579912411,1.021761326881995,4.4,1
2025-05-03,Leicester,Southampton,D Webb,2,0,H,2,0,H,14,8,4,2,7,7,1,3,0,0,12,13,4,0.25157649538395144,2.259374605756709,0.9466723540383103,2.221299589142048,4.943356959059071,5.952859131954303,3.8857753278293354,4.442003721137554,8.5448824032882,17.495137788412606,10.003415417854876,17.155185755720282,2.9469912530393394,3.3723675370444255,0.04656014656975941,0.9828680673041308,3.5,1
2025-05-03,Arsenal,Bournemouth,J Gillett,1,2,A,1,0,H,13,9,4,2,2,3,0,2,0,0,7,16,2,1.7582771666731563,1.0365686953746682,1.7437726179775515,1.3751467993821616,6.6389221610260964,3.4191671028463313,5.947018283904154,4.613907152944396,15.016975448210761,8.05826266220345,14.796217412213535,11.74198969396859,3.6753438166623886,5.33488277315369,1.6563385552648733,1.4036044411801467,3.81,1
2025-05-04,Brentford,Man United,A Taylor,4,3,H,2,1,H,12,14,6,5,7,4,0,2,0,0,8,10,2,1.4853526728220627,1.4930680932035498,1.116906057746316,1.4999062298957755,4.603588422136379,6.0638688332382715,5.927532249836368,5.894989488363834,13.041313507289935,16.11736318206619,15.347732877750266,11.401839598193208,4.0778221350701855,3.952888879536446,1.6040431783654854,1.079936037216069,3.72,1
2025-05-04,Brighton,Newcastle,C Pawson,1,1,D,1,0,H,5,13,2,5,1,4,2,1,0,0,15,10,3,1.684026514961047,1.5830363744918967,1.5651517190799604,1.6875537728418277,4.694783846682323,4.2566525812555795,4.750302648151754,6.084540016568817,14.886833900454983,10.785199481280536,10.857503533116205,12.992138030888357,4.09396586778882,2.6090672569921005,1.961183645737665,1.4725511528189266,3.87,1
2025-05-04,West Ham,Tottenham,M Oliver,1,1,D,1,1,D,11,7,2,2,1,3,2,2,0,0,18,15,4,1.1448355670477506,1.492771490071183,1.451989409069413,2.3681108706274876,3.9133966385111996,4.621292746035367,4.649594367129609,5.271085171760144,10.298980617634594,13.628241339026669,10.837593764910455,15.823427125779707,2.863803500691003,3.9100576055030065,1.1201567076897803,1.2756411970127661,3.43,1
2025-05-04,Chelsea,Liverpool,S Hooper,3,1,H,1,0,H,17,11,7,2,3,6,2,2,0,0,10,11,4,1.800062329231194,0.7418242727000112,2.0452303052069647,1.1552424697894106,8.020052649545827,3.4277193851761374,7.338837106426818,3.476555393748428,18.927711624999958,9.125446592065808,18.418318750893704,10.147902287720974,3.958972795699338,3.1136710412521422,1.5696500732224592,1.7296965066931955,3.87,1
2025-05-05,Crystal Palace,Nott'm Forest,A Madley,1,1,D,0,0,D,20,12,3,4,7,4,3,8,0,0,9,15,11,1.3638686092833299,1.030393349716723,1.9422409291597864,1.9191019020389117,4.511834153339004,5.124586795359618,3.7204815163956404,6.127524665967194,13.108908197608699,11.974399150424771,11.834260267779399,16.29522486219053,4.829817427275629,4.084672868083178,1.2096607022302643,2.037093799475234,3.43,1
2025-05-10,Southampton,Man City,T Robinson,0,0,D,0,0,D,2,26,0,5,1,15,2,0,0,0,9,8,2,0.6827261559641954,2.5740031075540486,1.4416981044151462,0.9439018769913683,2.6413786376603547,7.40552961434601,4.331829175829693,4.191767582536536,8.634127771527535,18.05875568181337,12.71032399615924,10.791449024696771,2.8122215248257154,3.6044555551582285,0.6756296731098439,1.2396119111056318,4.27,1
2025-05-10,Bournemouth,Aston Villa,S Attwell,0,1,A,0,1,A,10,6,4,3,10,0,4,3,0,1,19,12,8,1.1012520980473353,0.997754461077923,1.5085436660147566,1.3978647508961926,5.796100314306827,6.198741084494921,5.437427679091999,5.725684924818041,14.895987326117373,14.505058594847693,11.093253891152793,12.975619671978382,4.900180208307459,4.4164243925000815,1.0009355086347862,1.7090953291321738,3.99,1
2025-05-10,Wolves,Brighton,M Oliver,0,2,A,0,1,A,10,7,3,2,7,4,1,1,0,0,8,12,2,1.8868179523943787,1.1030933062252815,1.8255024527243007,2.322789467316292,3.4592277584669286,4.270624627925192,5.373731783069579,4.48863378773264,12.875653602384519,10.659359154175009,12.475143678959988,11.582289685653949,4.371528085119732,4.896086850230208,2.3542260579037513,1.8629101474331218,3.43,1
2025-05-10,Fulham,Everton,M Salisbury,1,3,A,1,1,D,18,11,6,7,5,5,1,0,0,0,15,9,1,1.500121354422283,1.4805660722154474,0.6350937883809532,0.8809168806550739,5.54159122822728,4.370573668433141,4.079911560623127,6.545827332141313,11.790781214000674,11.048318524951478,9.215552337013184,13.353795861196508,3.0278759747324866,3.0044695695081898,1.56830650741014,0.5237689158940092,3.97,1
2025-05-10,Ipswich,Brentford,S Barrott,0,1,A,0,1,A,11,15,4,5,5,6,2,4,0,0,6,12,6,0.7855177335264756,3.020564508794685,1.7209099610012142,0.8578535288500707,3.1676399141024305,6.780263538693974,4.474214394382914,6.492194064225372,9.453415516016786,16.3768710159236,10.294047731539955,16.0724921546972,2.8798334487862363,3.9961658173700627,0.7410365677252934,1.7205055289042832,3.95,1
2025-05-11,Newcastle,Chelsea,J Brooks,2,0,H,1,0,H,15,10,6,3,2,8,4,2,0,1,9,13,7,3.0016792081274812,1.0038530214455326,1.0424336778442675,1.351138813420292,6.703661992522203,4.10457832007648,5.362177578787662,3.9223246333980355,17.204183421864492,10.823070465318168,13.976775524562662,10.315598301219474,4.359139376988456,4.623801795416689,3.3958654010915956,0.9234232335573552,4.49,1
2025-05-11,Man United,West Ham,J Gillett,0,2,A,0,1,A,20,9,5,4,8,5,0,1,0,0,3,13,1,0.9803353757806864,1.345485078841607,1.0836571452550563,1.756632516167959,5.908827009378797,3.7699042370016893,2.710760036358363,5.976511638598756,13.320670006237714,10.166815480880732,11.976624116482954,15.602491519093348,4.546962515192799,3.4300905074811796,0.6366048839734836,1.1872011211967246,3.81,1
2025-05-11,Nott'm Forest,Leicester,T Harrington,2,2,D,1,1,D,15,10,4,6,4,4,3,3,0,0,11,11,6,1.1637707646626987,0.8427860914857899,0.6557422818052728,2.3298302010351595,3.188664525047973,6.608729037055174,3.055789983282587,5.696095802491269,11.13799333727576,13.75617021078399,8.147313569852011,17.649810698554486,4.455180233303446,3.933172601386411,0.7136511746026595,0.5544115979663217,3.69,1
2025-05-11,Tottenham,Crystal Palace,C Kavanagh,0,2,A,0,1,A,8,23,1,10,4,8,1,1,0,0,12,10,2,1.647827505919625,1.6917468198571468,1.4568403296685535,2.023039818106658,6.552119958658014,4.002573059917683,4.202372118779501,4.398234782847972,15.377601605706046,11.878066837565509,11.441793388078496,13.777775543164056,4.071175295520054,3.6200075621723453,1.5730581438602915,1.4273868755058376,3.7,1
2025-05-11,Liverpool,Arsenal,A Taylor,2,2,D,2,0,H,14,15,5,7,3,1,1,1,0,1,13,10,3,2.674690891133458,0.8075315416264214,1.895445834905936,0.5879146802896725,7.420413926257712,3.659723761444413,7.8946861089979,2.307261641157368,18.636742315115246,8.247524306890146,14.87122508185562,7.67505580319487,3.3548903834946864,2.9778554789942073,3.0220951148523336,2.0798047701555595,3.72,1
2025-05-16,Aston Villa,Tottenham,P Bankes,2,0,H,0,0,D,18,3,7,1,9,1,1,2,0,0,5,12,3,1.9685707495561928,0.9571336841883428,1.3698095159833195,2.1193634380060677,6.488707866899708,4.00972733256955,4.3496681166335165,4.4945242264505945,15.433945618217093,12.005618056410874,10.139849439534531,14.946440370003168,4.184133316214408,3.9264107682438953,2.032973634386027,1.1837607980085108,4.09,1
2025-05-16,Chelsea,Man United,C Kavanagh,1,0,H,0,0,D,11,4,3,1,7,2,1,6,0,0,10,14,7,2.018232816227301,0.7887653143288852,1.4592867767195614,1.9544687364717228,7.107315798309384,3.89540677269453,5.577071838523448,6.095900491770385,18.57721860002072,9.46627448660735,15.102690534766694,11.510596035584129,3.9664322874382956,3.5978181718847995,2.0464333821483063,1.719957358144046,3.7,1
2025-05-18,Leicester,Ipswich,A Kitchen,2,0,H,1,0,H,9,20,3,2,2,2,1,0,0,0,15,12,1,0.5694717705156812,1.8485791033933396,1.2943734126364599,2.0158775558962625,5.317292166187991,6.143248436073252,3.2563318554999046,8.039475367464568,9.536722254848339,15.768748597411678,9.251719440173826,19.21421739382823,3.13844744454409,5.17363701497784,0.69770676437988,1.3480616722855348,3.0,1
2025-05-18,Brentford,Fulham,J Gillett,2,3,A,2,1,H,11,16,6,7,5,3,4,4,0,0,12,8,8,1.9425614107634148,1.7670557923228416,1.1426199740423253,1.2472776068023876,5.039299744857993,5.68861984530948,6.29595010079632,4.089585708361741,12.851983723616607,15.732387946066636,14.049331378402213,11.153997475620333,3.700036182433964,4.063242735472729,2.4026954522437065,0.8649738294359318,3.81,1
2025-05-18,Arsenal,Newcastle,S Hooper,1,0,H,0,0,D,12,14,4,5,10,7,3,3,0,0,9,9,6,1.6204085900285738,1.2117380246138547,1.4623968604052064,1.5625439951582885,5.795481762693027,3.3429549018391413,4.613883983974924,5.160078189434677,14.650252637088919,8.229487633812061,11.24704834777978,11.5390220159358,3.370735848039347,2.680145937995683,1.4375590368432487,1.3150341018792844,3.87,1
2025-05-18,Everton,Southampton,M Oliver,2,0,H,2,0,H,13,6,5,2,4,5,1,1,0,0,6,10,2,1.3936985171895708,1.441972510648307,0.774550057779946,2.1810632885025765,3.918661072430397,5.384854523329155,4.451998160208334,4.907094088950637,9.65082338939984,11.088102989377626,9.63915796319318,16.581515451438555,4.420444165863661,3.4864825635046093,1.3291630532749406,0.6552453782027335,3.43,1
2025-05-18,West Ham,Nott'm Forest,S Barrott,1,2,A,0,1,A,16,10,5,5,8,7,6,3,0,0,14,7,9,1.118501827415325,1.403176673118944,1.77092214029405,1.751990264422076,3.3836881553784326,4.3265122448622,3.7713037282044475,6.286158634112703,10.426438687974514,12.423106542369553,11.864395161427339,16.968829213251126,3.070384683710864,5.342021633336665,1.080104471793187,1.691395866269225,3.95,1
2025-05-19,Brighton,Liverpool,J Brooks,3,2,H,1,2,A,25,18,12,5,3,3,1,0,0,0,9,8,1,1.5596580568963154,1.4770297602668065,1.8551884303119228,1.490652931982763,4.023004961151073,4.209988475272923,7.095412176421536,3.389908957964724,13.089227725186001,11.187890487271426,17.069533514792333,11.393738243412757,3.895062981458326,3.274821762059898,1.6407890971584436,1.4864643377954636,4.49,1
2025-05-20,Man City,Bournemouth,T Bramall,3,1,H,2,0,H,12,8,5,2,3,1,1,3,1,1,7,13,6,2.248948790702353,0.9895374107935705,1.7903600282712941,1.3069373920766227,5.8013568408382055,3.297245008840386,5.4111897208063375,4.138645047689384,14.99856435774235,7.5885594448025415,13.742345821272997,11.970721852952702,3.662318922873641,4.728532465047926,2.1127674452808676,1.6024029608141364,4.06,1
2025-05-20,Crystal Palace,Wolves,D Webb,4,2,H,2,1,H,14,12,10,3,0,10,1,2,0,0,14,8,3,1.2977106798976494,1.0248672860963584,1.1502273805984398,1.2416546532909254,4.964227946547703,4.920116467616843,4.0503858111165645,5.53913670709346,14.361833987911904,11.979053850377447,10.271137140140661,11.176764255286562,5.951668811342674,3.3532564694847085,1.1397738014868428,0.9317976730562019,3.5,1
2025-05-25,Wolves,Brentford,C Pawson,1,1,D,0,1,A,18,13,6,7,8,3,2,1,0,0,7,9,3,1.5437601406639287,1.2661672515957327,1.5898353845083686,0.7018801145962943,4.1030045337911245,4.221420149804465,4.751630039739495,6.220885973625761,12.352807489500695,9.99402112186829,11.14967566561272,15.150220585558626,3.940341157782066,4.360499411103919,1.5694840386025009,1.4803370192695071,3.87,1
2025-05-25,Nott'm Forest,Chelsea,A Taylor,0,1,A,0,0,D,10,6,2,2,7,4,2,2,0,0,10,11,4,1.3158144462504389,1.0531913913723323,0.8529002806548014,1.4691135753746083,3.3361820087732177,6.134408419815908,5.841781658453255,3.5728110614436237,11.84018561482765,13.073221177930055,13.253725424541924,11.167307706470115,4.736060253748219,5.055837835389553,1.1424341164608103,0.6156154890382368,3.72,1
2025-05-25,Tottenham,Brighton,R Jones,1,4,A,1,0,H,4,23,2,8,2,11,3,1,0,0,13,8,4,1.3482225029183215,1.7477928529704971,1.8572292797055505,1.9004641069089154,6.08809814501151,4.729377962784302,5.123962366361213,4.945245829260508,14.036219486959089,13.900236516455438,11.479663003662056,11.294600650050238,3.6945979666422955,4.3695256013505706,1.0487054292401943,1.9086067649554146,3.98,1
2025-05-25,Southampton,Arsenal,D Bond,1,2,A,0,1,A,7,23,2,8,5,8,0,0,0,0,7,8,0,0.5585940914976251,2.1060024064049805,1.9144556832269977,0.8446574673411622,2.3429460712730905,8.786342813409822,6.641106808398388,2.4332140708471104,7.427922371279315,19.502618705133113,14.894638703486853,8.8250456645483,2.664544840989848,2.9818817555665844,0.4504197820732153,2.0532031801037065,4.22,1
2025-05-25,Newcastle,Everton,T Harrington,0,1,A,0,0,D,17,14,6,6,12,3,1,4,0,0,12,9,5,2.819555714570495,0.8213342891009067,1.0650767387107591,0.90256835703872,5.848450715659666,4.812836811885972,4.247200368857414,6.2647678154006785,16.803422797132363,10.673421288844255,9.53999736873176,14.198560255497613,4.839295856984726,2.640020554528696,2.930576934061064,1.3491792772626727,3.69,1
2025-05-25,Bournemouth,Leicester,L Smith,2,0,H,0,0,D,20,3,7,0,6,1,0,2,0,0,19,16,2,0.9010218067973502,0.9981627462591071,0.9001528471203999,2.269861056129474,6.560455778368683,5.0716824074377485,3.2274645817160095,5.387714657786207,14.00579608834088,12.95866393865214,8.484165746049477,17.16802679503223,5.463791229629106,4.308959510449011,0.6672903390439193,1.0362743986442442,4.4,1
2025-05-25,Liverpool,Crystal Palace,D England,1,1,D,0,1,A,14,8,3,5,11,0,1,0,1,0,7,10,2,2.5520198192301033,1.0243439899964888,1.5555966339997045,1.6552143942693853,6.6167022981377945,3.176137619892859,4.892849919801472,4.325828458228574,17.793698252404877,9.475247168071153,13.54328551283936,12.727270892202755,3.2903648588083385,3.3254607307939557,2.6813967432348895,1.618257917003892,4.1,1
2025-05-25,Ipswich,West Ham,T Robinson,1,3,A,0,1,A,14,10,4,6,4,0,1,1,0,0,10,9,2,0.6387337711445837,2.6429963748231957,1.2502649380973447,1.4372447839034876,3.5100396619871845,6.634461389330075,3.126985486967519,6.344418615762841,9.74241446413507,16.11958518419739,11.43541972819055,16.402038520759042,3.462876186246169,2.988255866918473,0.49385712711423047,1.4581340807978165,4.27,1
2025-05-25,Fulham,Man City,A Madley,0,2,A,0,1,A,13,20,3,5,1,6,0,0,0,0,11,5,0,1.4091901726213165,1.7568268667210816,1.1795711746554594,0.7722833527993532,5.443120067177515,4.485014852917527,6.271496610868772,3.6114462001648757,12.919730412588473,11.039533336041094,15.126628739655416,9.19300373720892,2.6591711447993216,3.3127363614369374,1.3788710049400819,0.8264079407370879,3.43,1
2025-05-25,Man United,Aston Villa,T Bramall,2,0,H,0,0,D,25,6,10,1,4,3,2,2,0,1,10,10,5,0.8020925790389606,1.4644877925441073,1.4160811806907152,1.143707521827522,6.289040282843763,3.9935580135293014,4.44880445835958,6.502833125298967,14.53509364927008,9.954667210266605,10.167207723175025,12.43459790996071,3.902060235559603,5.067983598050071,0.42440325598232237,1.472730219421449,4.06,1
2025-08-15,Liverpool,Bournemouth,A Taylor,4,2,H,1,0,H,19,10,10,3,6,7,1,2,0,0,7,10,3,2.26983439606847,1.019917809973859,1.6466566564644558,1.6147702742263197,7.413665520847787,2.5986580496038343,4.609146583647651,3.931616444532397,17.10393493015976,9.207020408829981,12.69827169419102,11.976045209778015,3.0557530650643905,4.959710871571319,2.120931162156593,1.4016019738576593,3.72,1
2025-08-16,Wolves,Man City,J Gillett,0,4,A,0,2,A,9,15,3,4,4,6,1,2,0,0,13,7,3,1.4448946600234842,1.2177732055966493,1.3287400527750028,0.6318681970067708,4.811549167735699,3.9993437577634823,6.222133590451316,3.1366377976388575,13.379569769534564,10.540562738947195,16.012696246194256,9.885184879536965,3.7693700372865417,2.7104206561911544,1.3796560257350006,1.2176052938247253,3.81,1
2025-08-16,Tottenham,Burnley,M Oliver,3,0,H,1,0,H,16,14,6,4,6,5,0,0,0,0,14,8,0,1.284909320236702,2.1572850636739935,1.3862653638587379,1.7028927702863454,5.344807569283798,5.869491066453394,3.7159136294637882,7.858852758129869,12.211452297919283,15.55473897670662,10.613194476619022,20.828232290254608,3.750125609362875,4.768347328643876,1.0324702861601296,1.4373709546600713,3.43,1
2025-08-16,Aston Villa,Newcastle,C Pawson,0,0,D,0,0,D,3,16,3,3,3,6,1,1,1,0,13,11,3,1.9742851587578345,0.7831093770574444,1.1965065207519439,1.4602632682281884,6.94530643895462,3.462504178316547,5.0477232618965155,6.040063977799862,15.900500962812096,10.368232946637619,11.747585014451115,11.62283619529717,3.968836348498166,3.2837557706241567,2.021982422924018,0.8766894012528562,3.87,1
2025-08-16,Brighton,Fulham,S Barrott,1,1,D,0,0,D,10,7,4,2,4,3,3,3,0,0,16,15,6,1.8215384115645847,1.5721152588999734,1.4803255136830686,1.3841362563204933,3.837004058145809,3.98999056952133,5.696686303478114,4.255115618965695,15.254822695627503,12.426455859733146,14.403998484923557,11.125997927934412,3.3686878911533245,4.779016953926661,2.093859398105629,1.5766492196239836,3.95,1
2025-08-17,Chelsea,Crystal Palace,D England,0,0,D,0,0,D,19,12,3,4,11,2,2,3,0,0,10,12,5,1.8330995759400115,0.6453534382424524,1.454579063650533,1.5360845037759652,7.087803834877832,3.5507873576656976,4.003240838797307,5.539314199475332,17.19954248368368,8.472406392908578,12.535415414297521,12.958676185746013,4.517990056258114,3.084467869382714,1.6976222547655375,1.4121719446692615,4.1,1
2025-08-17,Nott'm Forest,Brentford,P Bankes,3,1,H,3,0,H,11,10,5,3,5,5,1,2,0,0,7,15,3,1.0765728780604151,1.043520125091293,1.4825925618006677,0.7560837430249921,4.002337912655951,5.746329979903751,4.433151774896433,6.544361328137202,11.505602806813474,11.787167105803842,11.48609835193534,15.668362420595747,4.602229674603206,4.11313582293845,0.761622744272252,1.3202246795129982,4.09,1
2025-08-17,Man United,Arsenal,S Hooper,0,1,A,0,1,A,22,9,7,3,3,4,1,4,0,0,10,19,5,1.0198939294495735,1.1982172834090459,1.9300091954493075,0.8729015643367013,5.87285113832065,3.8129111010288685,6.888178299079341,2.8999024240555356,16.437803904859777,9.235636804620047,16.368340765145504,8.49321917834058,4.101685648325459,2.439721433522554,0.9496021706548815,2.0354687867358043,3.87,1
2025-08-18,Leeds,Everton,C Kavanagh,1,0,H,0,0,D,21,7,3,1,7,2,0,2,0,0,6,8,2,1.2828788021284139,2.669679677060201,1.0532446043375112,0.7384650185326344,5.893813904637691,4.16110505307216,4.020436664236709,7.307537308991428,13.865086815609875,13.663943164778834,10.350906942316163,14.707912938993866,4.080069829175654,3.0691077286882567,1.2877469046470837,1.2327861848417818,3.7,1
2025-08-22,West Ham,Chelsea,M Oliver,1,5,A,1,3,A,12,12,4,7,7,5,0,1,0,0,7,10,1,1.0969560404992735,1.5116900058495846,0.8796456843127093,1.2020020148113981,4.223017586085571,4.812600930169868,5.506912264246819,4.195936326275063,11.439813477306402,11.982541714168155,11.934866249510225,10.955069940541645,4.148496565067371,4.863867318855001,1.053402981195458,0.7437436593588246,3.43,1
2025-08-23,Arsenal,Leeds,J Gillett,5,0,H,2,0,H,18,3,5,1,2,2,0,2,0,0,8,11,2,1.507607027612205,0.9914220189804195,1.137438113322937,2.447450546287416,6.55993962804028,4.007872195909275,4.427500378710412,6.324302037104287,14.168388518721436,9.278671705907188,10.11263282444745,15.689386466859798,3.848783878181628,3.7877417123279127,1.2917060245621659,1.0897078985333597,3.81,1
2025-08-23,Man City,Tottenham,P Bankes,0,2,A,0,2,A,10,12,4,5,7,2,1,4,0,0,7,12,5,2.3855035567470586,0.9914396997501943,1.1207532390407138,2.0976609946181486,5.292019230735518,2.879564095946409,3.7406375467712376,5.3137016441295835,14.45337083528678,7.663366818868066,8.841694989158473,15.501633032921209,4.087351848221899,3.7579724458595343,2.408511630187245,0.7891738653390071,4.09,1
2025-08-23,Bournemouth,Wolves,T Bramall,1,0,H,1,0,H,14,6,4,1,8,3,2,4,0,1,13,16,7,1.1008381768772384,0.8166766549607611,1.3047314940291248,1.7431719916926602,6.458553629703139,4.331368537877347,5.132133851145696,4.5320209368730255,15.09566308893707,11.147978256829864,10.58547584358573,11.690079847932932,4.834004219750362,3.2890280201498436,1.1115268927367228,1.2878651153708012,4.06,1
2025-08-23,Brentford,Aston Villa,T Harrington,1,0,H,1,0,H,9,17,2,2,2,9,1,2,0,0,11,9,3,1.9530047931101924,1.9912275198000229,1.1586118737570836,1.2993970641318782,5.032154335001349,5.199779757088493,4.185385464545786,6.047772554670564,12.515259330089576,15.781044694725995,9.409533587705607,14.719216483796146,4.481847971703146,5.0556229437941695,2.268463634829132,0.981820146280966,3.69,1
2025-08-24,Crystal Palace,Nott'm Forest,A Taylor,1,1,D,1,0,H,8,9,4,1,1,3,3,3,0,0,11,11,6,1.7890360134082193,1.2021641441017874,1.8125731090532384,1.6152632884896911,4.061641042430544,5.843731660178265,4.358345739693834,6.597769512965883,14.296045989763895,11.982862241237932,11.52541057023607,16.792676549061277,5.415001751913686,6.007115775857693,2.093182534324562,1.7942639108555922,3.72,1
2025-08-24,Everton,Brighton,S Attwell,2,0,H,1,0,H,11,13,3,4,2,2,4,3,0,0,7,15,7,1.5039351510073384,1.1797956891521841,2.2468239581708005,1.7367433593375325,3.9334499684298874,5.314880973265098,6.192332850820994,4.40974658476169,10.259764594528312,10.16299335008208,13.574269741280185,9.968309615796139,3.980363406120425,4.302339128024545,1.5527753688499601,2.6057378433036096,3.99,1
2025-08-24,Fulham,Man United,C Kavanagh,1,1,D,0,0,D,13,10,4,3,9,6,1,1,0,0,12,10,2,1.152973716618382,1.8010401742038866,1.1939619068302978,1.780928965291848,4.635279862693163,4.760466763400631,4.9266951371911,6.26028222140355,12.934324886500495,12.668709480877105,13.084019517833438,11.417760392262618,2.175685367036354,4.216396689339396,0.9192473366267023,1.1466382387626972,3.7,1
2025-08-25,Newcastle,Liverpool,S Hooper,2,3,A,0,1,A,10,5,3,4,7,1,2,3,1,0,17,15,6,2.3069092183172693,0.8538189639806028,1.881517806757258,1.7650796730649068,6.966914227783064,4.483230117083071,6.350791776794101,3.319016419780278,16.83916410693255,11.278253784961233,17.238709240264892,13.867604030342685,4.868514792232014,2.861217803147442,1.9537179560407092,1.6576428918636423,3.87,1
2025-08-30,Chelsea,Fulham,R Jones,2,0,H,1,0,H,13,11,6,3,6,4,2,2,0,0,11,17,4,1.4998087425173892,0.5280164489664151,1.3929935850980413,1.3142932870252237,7.799112231595841,3.268826018695544,5.206379607367515,4.208730951939371,17.526898397149193,9.113787051502047,13.057816680066022,10.92127099207953,4.605628228224491,5.001013914624368,1.1317481698436918,1.3844328130826504,3.98,1
2025-08-30,Man United,Burnley,S Barrott,3,2,H,1,0,H,26,6,6,3,7,1,1,5,0,0,9,9,6,0.8344586687520688,1.162177777179663,1.1342148937142174,1.9387325276666636,5.350514565470254,3.846927264624473,3.94938593703044,7.520876549655678,17.449112290144136,9.19279374905031,11.228982728068996,19.9503641342342,4.265015531150607,3.9013674434568077,0.633068113769921,0.9582473030773949,3.95,1
2025-08-30,Tottenham,Bournemouth,S Hooper,0,1,A,0,1,A,5,20,1,6,0,8,2,4,0,0,17,13,6,1.5967439906258176,1.7650514140462172,1.7109014671496674,2.048452229685754,5.46393346629003,5.7114017809637225,5.043851037317929,4.307689497489327,12.900279155805787,15.272059161544117,12.20767251539786,13.253139158242064,3.068284586546025,4.603396662614993,1.6883135241067528,1.6010679825839789,3.87,1
2025-08-30,Wolves,Everton,M Oliver,2,3,A,1,2,A,12,10,4,4,2,2,0,1,0,0,15,10,1,1.182186538889271,1.7236326249366647,0.8617455845433913,0.7860168335494095,4.663994772967285,4.363099439734684,3.653084541886367,7.251621434388848,12.583284353466983,11.351369517171458,9.741651132001824,15.851928773188277,3.6294845753600495,2.8747245044543233,0.9197706838233337,0.8218574565611879,3.43,1
2025-08-30,Leeds,Newcastle,P Bankes,0,0,D,0,0,D,10,8,1,2,5,5,1,1,0,0,10,15,2,1.2314458391984888,2.184279092669012,0.9789598796795291,1.1947608546811013,6.094940422454818,3.7681733973736313,5.220864487750943,5.487325070367937,15.162355195424293,12.45230645258148,12.520751378785498,10.05504778940896,3.7018719804479114,3.2321638121069514,1.1918312697588531,0.5844596008352375,4.09,1
2025-08-31,Aston Villa,Crystal Palace,S Attwell,0,3,A,0,1,A,13,6,4,4,10,1,2,3,0,0,7,14,5,1.6153242192579247,0.64072585334368,1.190110141849283,1.256796410979079,6.227977992422998,3.92386705697065,3.6390152301766676,6.532166167477482,13.554955323121385,11.392190597107687,12.438067156733808,14.05709870215302,3.7926842843772093,3.43274644008385,1.3479882819493454,0.9414479631128411,3.99,1
2025-08-31,Liverpool,Arsenal,C Kavanagh,1,0,H,0,0,D,9,11,3,1,3,8,2,2,0,0,7,10,4,2.5844099617726894,1.1981145725632423,1.760916613731234,0.714192188320125,7.156635425042667,3.3989020440269133,6.363054969715379,2.9181019833964443,17.448674035249844,9.351198516935568,15.028642438447733,10.94899752011402,3.0456161440999914,2.905226629429745,2.7472874414377286,1.6903125244905362,3.7,1
2025-08-31,Brighton,Man City,D England,2,1,H,0,1,A,12,12,7,3,3,2,2,2,0,0,16,14,4,1.6721677906376515,1.4680943022889337,1.8144236816321755,0.5169830697841304,3.8666396840649466,3.809992283379618,6.1817456647409985,3.293612744197872,14.29940038322219,11.439827517356225,15.828569655185165,9.724242173474371,3.847108276637744,2.7630714462010393,1.729239598737086,2.14507019588315,4.1,1
2025-08-31,Nott'm Forest,West Ham,C Pawson,0,3,A,0,0,D,11,12,3,8,9,7,0,0,0,0,14,6,0,1.426289983466647,1.0356073053123473,1.2832352066367263,1.6563374182661692,4.183732618688623,5.610632423561386,3.3659985501550445,5.751222376595608,11.413674213279984,11.462224767209438,11.324537172939891,14.880703466030766,4.310912619952771,2.4797415285598876,1.5077484962271595,1.314726258132363,3.87,1
2025-09-13,Arsenal,Nott'm Forest,D England,3,0,H,1,0,H,16,5,5,1,8,4,1,1,0,0,8,11,2,2.1425875707774873,0.8111634692995722,1.6648312412238595,1.5033962497758153,5.730859692103335,3.642804522355565,4.111371609606915,5.579984264709843,14.865045154677588,8.137095027195805,11.066240963802185,15.193993991018639,3.512641353430083,6.0058219870225,2.5278040163747773,1.5295092738875269,4.1,1
2025-09-13,Bournemouth,Brighton,P Bankes,2,1,H,1,0,H,13,6,5,2,4,4,4,4,0,0,16,10,8,1.0825038012569195,0.668188681297524,1.838310509473583,1.784608203300218,6.738819077044633,4.089299396819443,5.430090511029578,3.971610840193265,14.896449861883719,10.211973957973301,13.469857060598331,10.155889686458194,5.227825106411858,4.79282292503881,1.0743512618222069,1.7371585622024064,4.09,1
2025-09-13,Everton,Aston Villa,S Hooper,0,0,D,0,0,D,20,7,2,1,10,3,3,3,0,0,17,15,6,1.5941287603030299,0.9652873811109758,0.9479551685315508,1.2449612340555825,3.5819136090215387,4.7121753391700345,5.060769929302609,5.311813905201367,10.3943528506475,10.678812743194857,10.789618395876882,13.679358936815188,4.529388243732687,4.6818733160422275,1.7018502458999734,0.6545467641873107,3.87,1
2025-09-13,Fulham,Leeds,C Pawson,1,0,H,0,0,D,5,10,3,3,3,3,1,2,0,0,20,15,3,1.125160308180708,1.6553964778053838,0.9306293603253709,2.911554538674949,5.428865496739711,4.985836486668945,3.986132782230298,5.538058371270254,12.946265818552956,12.18348948077541,8.81941545488327,16.10950172223137,2.143742566809471,3.462694898898952,0.946164891084469,0.7264719323333454,3.87,1
2025-09-13,Newcastle,Wolves,C Kavanagh,1,0,H,1,0,H,16,8,4,3,10,4,1,4,0,0,10,17,5,2.2511075420195734,1.244033699480678,1.067507585003497,1.608049810803725,6.972929822757471,3.8499155476167224,4.744473149270006,5.162562587426339,15.59567971850551,10.136753091876713,9.751752959347824,12.110065331933358,5.074239376347406,3.9637502012064894,1.9691453040271394,0.8585767435805342,3.7,1
2025-09-13,West Ham,Tottenham,J Gillett,0,3,A,0,0,D,7,14,4,5,2,13,0,1,1,0,8,7,2,1.0793276694235836,2.1459281893321505,1.2806162871754494,1.7162680848653353,4.727923481696227,4.846673488467352,3.424157991451609,5.620301346515659,11.541665572779682,11.985715947969418,9.415932266326806,14.501336113542212,3.576042641683829,3.9837956384927335,1.0356019874636386,1.1927825768926714,3.81,1
2025-09-13,Brentford,Chelsea,S Attwell,2,2,D,1,0,H,7,16,4,6,5,6,3,2,0,0,13,9,5,1.7797311606210302,1.6291860820627404,1.6288010176598902,1.1652743755968098,4.480853439463571,5.8907290267129815,5.4147463976237065,4.70576608732699,11.876121145612878,16.002672975206576,11.946708749650211,11.14505722489669,4.212421015291172,4.161345985132452,1.8456424232194097,2.162495772905883,3.99,1
2025-09-14,Burnley,Liverpool,M Oliver,0,1,A,0,0,D,3,27,0,4,1,13,0,2,0,0,9,9,2,1.1915124498947858,1.7333978828889218,2.0848782064033466,1.8077924599640918,4.661687176581843,5.062148329500353,5.377920540465268,3.9882861645170293,13.582125381723811,13.277172313275914,15.013489368827575,13.164403294528544,2.893703655489706,3.431905477757058,1.3406812535436352,2.1050952612424285,3.43,1
2025-09-14,Man City,Man United,A Taylor,3,0,H,1,0,H,13,12,6,2,2,4,0,0,0,0,8,8,0,1.9517756354729796,1.1748143005843326,1.1586961054367426,1.6389418800826245,5.602561190119289,2.719643350541039,5.121841476722978,6.758412728745431,13.643667043570174,8.451845582465227,12.523288693997397,11.705440322179495,4.253287876531631,3.8134154713625925,1.6056744201248299,1.097758825841798,3.72,1
2025-09-20,Burnley,Nott'm Forest,T Bramall,1,1,D,1,1,D,12,17,5,8,4,5,1,1,0,0,12,11,2,0.97487225993022,1.6000518513953388,1.362132468425028,1.7755079853929119,3.9959210693157763,6.505404498547886,4.091122079974193,6.019990299608423,11.658088706212837,15.772249890657022,9.963280105201855,15.340541595211715,2.7312109096401653,5.277485462876721,0.8937875023441921,1.0196728492375522,4.06,1
2025-09-20,Fulham,Brentford,M Oliver,3,1,H,2,1,H,14,8,3,3,2,10,4,1,0,0,11,13,5,1.1024038848858015,1.3544152520684916,1.3230578052088795,1.3160561485984565,4.98725351788137,4.624775249748196,4.438721436975086,5.670192154764497,11.501489984989526,11.786491330109627,10.449371458845418,14.306920081171773,2.2994257612848363,4.10879340144049,0.9641099273896463,1.1423220797835516,3.43,1
2025-09-20,Man United,Chelsea,P Bankes,2,1,H,2,0,H,11,5,4,1,5,5,0,5,1,1,13,14,7,1.228193457637289,1.314509090955795,1.6962917419592358,1.3170426714769339,5.65042100916743,3.329304123780268,5.521156143884773,4.759263162546708,19.00381915195275,8.612285792634655,12.683670797761804,10.391410454081488,4.580467253869697,4.313828533826791,1.4220454091799475,2.108330515270589,4.09,1
2025-09-20,Wolves,Leeds,A Taylor,1,3,A,1,3,A,16,6,6,4,4,0,1,1,0,0,11,9,2,1.3308798959781265,1.9556994212193946,0.7614228015308794,2.5639966609349916,4.1796320852687066,3.933444994634558,3.806834619385653,5.07658988410363,12.477232652463416,11.105665967730172,9.034068738737671,14.089577747682553,3.1513964690666865,3.378567946803776,1.2798471225488892,0.48431462154568466,3.72,1
2025-09-20,Liverpool,Everton,D England,2,1,H,2,0,H,11,9,3,2,5,4,2,3,0,0,11,10,5,2.296335422254798,0.9802755586033258,1.2505191159945483,1.0067410464080881,6.40088352692079,4.235465311693251,3.352523715031139,6.296781170230687,15.91255147798045,9.65098060582043,9.78862365362134,15.151578084689433,3.219140482147008,2.5338655024449257,2.164858294291819,1.547904971040792,4.1,1
2025-09-20,Brighton,Tottenham,C Kavanagh,2,2,D,2,1,H,12,11,4,3,2,10,1,2,0,0,10,13,3,1.7317736470951108,1.3829862470278047,1.5932315087891318,1.4042193410644128,3.709068831862265,3.4809027761524938,5.165220180951035,4.962064735741859,13.881327584801456,11.541677060013512,10.249399129927722,13.137456815371259,3.8749067718923436,3.6231055211338368,1.8194930658247241,1.7951883845951144,3.7,1
2025-09-20,West Ham,Crystal Palace,T Harrington,1,2,A,0,1,A,8,18,3,3,8,8,3,3,0,0,15,5,6,0.8830862742923367,2.3012139736364094,1.5191810263074503,1.0282879718151,4.231937392369664,6.329096495781009,3.159194277546912,7.162681411973157,10.715908193004717,12.351949413263796,11.267509487753793,13.864898937448826,3.289489433096538,3.717701633798667,0.6904013249757591,1.6276319754085609,3.69,1
2025-09-21,Bournemouth,Newcastle,R Jones,0,0,D,0,0,D,11,4,2,1,5,2,2,1,0,0,7,10,3,1.249322495266386,0.7285184471530507,0.800967173656875,0.9775316076109926,6.240848380068767,4.073063025732935,5.180707308018545,5.3987205118074115,14.551638308825215,9.44615498691537,11.698796579750132,10.04503910039029,5.731860541052065,3.0081340272991195,1.3829008412273922,0.3896397338901583,3.98,1
2025-09-21,Arsenal,Man City,S Attwell,1,1,D,0,1,A,12,5,3,3,11,2,1,2,0,0,11,10,3,2.2984807402756404,0.6636792016351819,1.6663466480870441,0.7866225125904525,6.143430658627339,3.7077491548831003,5.421428268476085,3.2402286087013037,15.071400581826031,7.5667141111529705,15.13246607906547,10.138016325207875,3.2376156518385852,2.987967547683194,2.6852026775831845,1.7633801305887669,3.99,1
2025-09-27,Man City,Burnley,R Jones,5,1,H,1,1,D,21,9,8,2,10,2,1,3,0,0,5,7,4,2.1423618842394956,0.961211699726399,1.2916315030923287,2.131691641799135,4.9475500623379975,2.9524354694437074,3.4131300802548643,7.4261710392974285,13.52663667160012,9.096964569741795,10.278251737695935,21.050305862322464,3.4799628053499174,4.282939751623195,2.070449613416553,1.3054982020657628,3.98,1
2025-09-27,Leeds,Bournemouth,M Oliver,2,2,D,1,1,D,19,12,8,5,7,4,2,2,0,0,12,13,4,1.0075449806228252,1.7871345746967244,1.581645722568071,1.6760036831249128,5.895858909591532,3.9921434861628398,5.581336543991023,3.5244675755305095,14.223738389280104,11.642790349117444,13.62446955069479,11.752557577912423,3.3924384792099143,4.857326373834503,0.7945541798230282,1.4007119883811456,3.43,1
2025-09-27,Chelsea,Brighton,S Hooper,1,3,A,1,0,H,13,12,3,3,5,7,3,5,1,0,9,16,9,1.590752607834269,0.43201345790740353,1.6858904163056394,1.8237703482925398,7.472000915609093,3.401766743036915,5.170074053563718,3.9767725056308354,16.7038259584074,9.456734861526728,12.111701226619132,10.673000654376475,4.495514004523443,5.375946031629283,1.4211654465624612,1.491439041468271,3.87,1
2025-09-27,Brentford,Man United,C Pawson,3,1,H,2,1,H,10,14,8,6,4,2,2,2,0,0,14,10,4,1.8197800468889391,1.6966068051568346,0.9480240855250475,1.886406993665732,4.575243738236283,5.910596479566928,4.917870298419184,5.893246775019828,10.989553523339199,16.002186979637038,12.428145294753959,11.94081480988426,4.355617217143999,3.120067201402151,1.8970949488129407,0.7318392172278654,3.87,1
2025-09-27,Crystal Palace,Liverpool,C Kavanagh,2,1,H,1,0,H,16,20,7,4,2,6,1,3,0,0,10,8,4,1.3463794784923728,0.9535148393914613,1.8876276227267732,1.4791029206321074,3.7768010274015342,4.903655074992919,6.763753174348483,3.4449614054200945,13.305617559910237,10.451337528001076,17.19285494580108,11.316329961747051,4.881116873369204,3.171559026339587,1.1525255708109163,1.736730174161619,3.7,1
2025-09-27,Tottenham,Wolves,M Salisbury,1,1,D,0,0,D,10,9,3,3,10,9,3,2,0,0,9,11,5,1.3064269003994653,1.6259511564573956,0.8734152961380106,1.4974952993594486,4.470491014377626,6.12751054952556,4.609114394380935,6.04209666553491,11.463864758786196,16.131684771561215,9.433252420163745,12.817326183161677,3.60132375450439,4.152159256195614,1.1255423494045018,0.5723844957203561,3.97,1
2025-09-28,Aston Villa,Fulham,A Madley,3,1,H,1,1,D,9,11,4,4,2,8,1,4,0,0,10,13,5,1.3216289056320283,1.0696847906089288,1.1397219838184067,1.4389672547026076,6.913800178032302,3.392254862923366,4.987037825626601,4.5344162852950385,13.454054354926052,10.411792303274341,12.683668133169748,11.299221781009681,4.012196233444749,4.819011355694949,0.898658854632897,0.9229552087217586,3.43,1
2025-09-28,Newcastle,Arsenal,J Gillett,1,2,A,1,0,H,8,20,3,7,7,12,2,1,0,0,8,9,3,2.0236334426700533,1.0178457533245742,1.4407499555624892,0.766157245172064,7.523306220556585,3.877203629964257,6.660681339905417,2.9329925319222196,15.669192497217752,9.748252528350134,14.29616199251592,10.594634333391701,5.060741307873104,3.1042763338702692,1.6460968693514264,1.126875016327024,3.81,1
2025-09-29,Everton,West Ham,S Barrott,1,1,D,1,0,H,12,14,6,3,3,5,3,4,0,0,7,16,7,1.304287166500676,0.7897805839277159,1.5953742610739552,1.3551851593398045,4.748838411487797,4.400870730952695,4.026726088815664,6.341909219293281,12.140834156675837,10.009937696623764,11.447348596473915,14.175121015178513,4.796772200358607,2.028879430871456,1.1345668305999823,1.876484172088242,3.95,1
2025-10-03,Bournemouth,Fulham,S Hooper,3,1,H,0,0,D,11,12,6,4,4,3,0,1,0,0,8,10,1,1.0221716100580651,0.5960597659170889,1.1143179834489119,1.7227914272098421,6.015238252171541,3.6961402510513914,5.5348492014694655,4.073613264263161,13.905882077871086,8.455939145171676,12.377546614506368,10.881181402695027,5.235155693010932,4.85191838622191,0.9219338941390579,0.9486368058145063,3.87,1
2025-10-04,Leeds,Tottenham,T Bramall,1,2,A,1,1,D,16,9,4,3,4,1,2,3,0,0,10,12,5,1.187992412759151,1.8258376077174938,1.6671894164949619,1.5125430975464134,6.096613019944509,3.9935719516547556,6.044271059672783,4.423507509510868,15.092154716507293,11.707737941680904,10.385872015788351,12.930646484708292,3.5029048622206154,3.5098136078742135,1.1963694532262803,1.8634589230634095,4.06,1
2025-10-04,Arsenal,West Ham,J Brooks,2,0,H,1,0,H,21,4,5,0,8,3,0,2,0,0,14,14,2,2.0623933322730363,0.7248284378775778,1.4871243951124642,1.2906060392738992,7.026443268692075,3.3972493076467045,4.2036849822677835,5.734289359490453,14.512964110795226,7.100038816872381,11.911467034814983,13.779644465825552,3.1944128059253587,2.9327195369517756,2.123468451722123,1.5843227813921612,4.49,1
2025-10-04,Man United,Sunderland,S Attwell,2,0,H,2,0,H,15,8,6,3,2,3,1,4,0,0,10,12,5,1.3685219202890986,1.2573256197082765,0.4019933554817276,0.5382059800664452,5.532162643523763,3.63306701124029,3.4019933554817277,5.534883720930233,17.548579301953126,7.955506555719125,8.817275747508305,15.332225913621262,5.020382299887297,3.3388704318936875,1.6146969394532984,0.47368421052631565,3.99,1
2025-10-04,Chelsea,Liverpool,A Taylor,2,1,H,1,0,H,12,12,6,2,7,2,0,2,0,0,9,8,2,1.4833430424642315,0.898920103268591,1.7262407817663197,1.5738114807898704,7.0225462023860645,4.055990973459347,6.6248889604307495,3.1822411491327247,16.030403054939814,9.919146706216914,17.703244957124983,12.167906334790416,5.314511460604571,3.3221846583479,1.2807769643749742,1.4911534494410794,3.72,1
2025-10-05,Aston Villa,Burnley,A Kitchen,2,1,H,1,0,H,15,5,7,2,6,4,3,1,0,0,9,15,4,1.626787287304839,1.0570148286435523,1.2386072804972406,2.653205330285812,6.020381961272216,4.230026708440382,3.156195821998389,7.8941427031501155,12.644226288062328,10.51873915753239,10.045840959184503,21.04115928791833,4.191796918790096,4.231495856803925,1.5991059030885981,1.2036654680410723,3.0,1
2025-10-05,Everton,Crystal Palace,M Salisbury,2,1,H,0,1,A,14,15,7,8,2,4,2,3,0,0,13,16,5,1.2489622269776213,0.8280022960509091,1.6066026581396247,1.0231447041975454,4.430867790301764,4.509803325638579,4.0393407750725645,7.314921155689104,12.115227946297413,10.735403572053713,12.491598675323043,12.798553673024193,5.197359074174077,4.132664974302792,1.0897112203999881,1.751754650272374,3.97,1
2025-10-05,Newcastle,Nott'm Forest,P Bankes,2,0,H,0,0,D,18,5,9,4,8,1,0,4,0,0,16,15,4,1.8375182707396218,1.196419253234268,1.2962898128440286,1.6345057013264903,7.42815963472689,5.354075701495801,4.256373586180474,5.65271716844589,14.274793857345125,11.612206619471488,11.242691273353104,14.7331668114368,4.686061068999187,4.681575498099286,1.4307312462342843,1.0131152328248565,4.09,1
2025-10-05,Wolves,Brighton,J Gillett,1,1,D,1,0,H,6,17,3,6,2,8,2,4,0,0,13,9,6,1.2707199147179773,2.145572254271655,1.9248194322107377,1.6739939208990127,4.146971706034903,3.2182731753691,5.502787862964653,4.162813868779074,13.11773580840516,10.177363061833667,12.091391912629904,11.096091445708037,2.942051655906346,6.0348649368666205,1.186564748365926,1.9942926943121808,3.81,1
2025-10-05,Brentford,Man City,D England,0,1,A,0,1,A,6,10,1,4,3,2,3,2,0,0,10,6,5,2.034365520881964,1.5699510058905095,1.5451927117223827,0.8254184195038925,4.470653954013803,5.1995788451409855,4.799350399689301,4.651096138454248,10.809634677460114,15.638152935884817,13.290199513930997,10.476558812508472,4.29095953287102,2.990155266292549,2.2647299658752984,1.5089200870591781,4.1,1
2025-10-18,Sunderland,Wolves,R Jones,2,0,H,1,0,H,8,16,2,3,3,2,0,0,0,0,5,12,0,1.867109634551495,0.7308970099667775,0.896430696906458,1.4070416083063806,4.7441860465116275,5.209302325581396,5.407457234064866,6.7617154556914505,12.26578073089701,10.35548172757475,9.354479252634436,12.30508505747558,3.521594684385382,4.306312119149351,1.7368421052631577,0.7149229971469041,3.98,1
2025-10-18,Man City,Everton,T Harrington,2,0,H,0,0,D,19,5,7,1,11,3,0,2,0,0,8,14,2,2.6619324522373913,0.9682641179782687,1.2049701856825736,1.1873335839447745,5.866177326376067,2.779265383591702,3.4702466762735247,6.061002774964418,14.885430007948798,9.079334647919799,9.645237534368247,14.396745703481624,3.5745150228312648,2.9822535942005164,3.046966408944369,1.365269980693861,3.69,1
2025-10-18,Crystal Palace,Bournemouth,J Gillett,3,3,D,0,2,A,20,8,7,5,6,5,1,4,0,0,8,16,5,1.4652195736541145,0.9619666867991671,1.657710585571348,1.7349124520466788,3.4537462942165473,5.102990516477239,5.293819111830133,4.156386291298237,13.795505277700714,12.18745798245419,13.3291097073938,13.070282158964257,4.720913805022626,4.701447931345221,1.4350170472072776,1.6004746589261964,3.81,1
2025-10-18,Fulham,Arsenal,A Taylor,0,1,A,0,0,D,9,16,0,5,6,10,0,0,0,0,11,4,0,1.4474214053367418,1.2899761069286382,1.5424317821166247,0.8086741098086518,4.444116443828205,5.602088968103271,7.63146655362686,3.672448437338184,11.955764592391361,11.098038271253746,15.333223451408099,10.12288263505309,2.7904393232403626,3.085317000384722,1.6427399515931058,1.4179166775513494,3.72,1
2025-10-18,Brighton,Newcastle,C Pawson,2,1,H,1,0,H,13,16,5,3,8,4,0,1,0,0,9,9,1,1.7805420750364174,1.4951705660730312,0.6553367780272245,0.7997985875336157,3.39832904335624,4.6661931839011785,4.602396886713696,5.326225873088241,13.539268022943583,11.443190321545668,10.299015379401574,10.21866835536471,3.7158328129084457,3.006655113240476,1.8796620438831493,0.2597598225934389,3.87,1
2025-10-18,Nott'm Forest,Chelsea,C Kavanagh,0,3,A,0,0,D,12,17,2,6,5,2,2,2,0,1,13,16,5,0.954786379734131,1.3213586429153008,1.5696932430566815,1.4412167315659314,5.412258011865016,5.524472436193286,5.426400481087442,4.803033496755152,13.27693340394592,11.458183497999912,11.286639739600862,10.502063099112544,3.976724657552657,4.802223347264505,0.6701104427448451,1.7388870101803926,3.7,1
2025-10-18,Burnley,Leeds,T Robinson,2,0,H,1,0,H,4,19,3,4,1,5,2,1,0,0,10,7,3,0.9794409669068106,1.4909508708784707,1.1684392397732726,2.2796319533912515,3.9966626974535355,6.2316929743118425,3.1146787853944056,4.880845113552357,11.720254762888151,15.995478500730522,8.48241662137129,14.436929298126744,2.5982626868809735,3.1279177498988324,0.9291916682304243,1.322876414386596,4.27,1
2025-10-19,Tottenham,Aston Villa,S Hooper,1,2,A,1,1,D,9,8,3,2,6,6,2,0,0,0,11,7,2,1.2507129183482375,1.5121418549556358,0.8163997405390311,1.0152219824666353,5.475856287385506,6.649781360206491,4.74316003440379,6.1343547653543595,11.197707529149639,14.835014809362072,10.44594289211813,14.677917968842314,3.8556285271448956,4.75398131094663,1.0836948996030011,0.6242430063054715,3.87,1
2025-10-19,Liverpool,Man United,M Oliver,1,2,A,0,1,A,19,12,6,4,9,4,0,2,0,0,8,14,2,2.2424562544169744,0.9838618206857742,0.9574742518204302,2.088878449945842,6.146177430383641,4.192653436716666,4.387348424451815,5.549020087661464,15.019360297594082,9.532620495330471,12.713937060167021,11.587939388889279,3.5429331226889302,3.2800549834260444,2.1099055295278792,0.8212261448185769,3.43,1
2025-10-20,West Ham,Brentford,A Madley,0,2,A,0,1,A,7,22,1,7,6,10,1,1,0,0,10,10,2,0.9043433153912983,2.246447796453921,1.2643200147867155,1.6222277978559716,4.917039686638685,6.63289713378646,5.449863125698639,5.002884403273272,10.222106701945705,13.378867704718067,10.004031135547333,14.251116422775205,3.7823095375888585,4.270830985937766,0.7936008833171728,1.0948813865223672,3.43,1
2025-10-24,Leeds,West Ham,S Attwell,2,1,H,2,0,H,13,9,5,3,3,4,3,3,0,0,12,11,6,1.1538118090243457,1.857503650132412,1.216738140818685,1.4195867597097662,5.715408811922724,3.4492835140025924,3.98483316679444,6.146236749644459,15.257218292383259,11.215419574977101,10.47301847964179,15.09243638422263,3.7751052925821322,2.7631341661974034,1.1309129688163333,1.056215187594774,3.99,1
2025-10-25,Brentford,Liverpool,S Hooper,3,2,H,2,1,H,17,18,8,5,5,4,3,2,0,0,7,10,5,1.6644808412711274,1.4663235392215455,1.5941970029522878,1.6513003026469852,4.2032622974923255,4.6178371748872005,5.784000056553309,3.8763791236529124,9.935155551926051,14.613034110934157,16.66629132611398,12.137377910211152,4.419875995189661,3.0817874471728706,1.509819977250193,1.3274356329607195,3.87,1
2025-10-25,Man United,Brighton,A Taylor,4,2,H,2,0,H,13,17,9,5,1,6,2,2,0,0,4,13,4,1.4833361168706474,1.0287209610409593,1.7566704441399381,1.5514495713559606,4.889951252279268,3.5179639180163536,5.956826434404327,3.769574982620136,17.085201245960945,7.963596272880159,12.98386611243602,10.169529362487445,5.016676427171785,6.028525857421392,1.7431312929688658,1.6628617962081205,3.72,1
2025-10-25,Chelsea,Sunderland,A Madley,1,2,A,1,1,D,16,10,7,4,9,1,1,1,0,0,15,13,2,1.5772806713283938,0.9172982663539601,0.26955445544554457,1.0198019801980198,7.018446892851667,3.68217443194975,3.2695544554455442,4.370297029702971,15.297602497769903,10.297483669614204,8.548019801980196,15.22277227722772,4.711873011802245,3.8861386138613865,1.5205179762499828,0.2769230769230769,3.43,1
2025-10-25,Newcastle,Fulham,P Bankes,2,1,H,1,0,H,18,12,7,5,4,3,0,2,0,0,11,18,2,1.8670604034020122,0.9788884794064943,1.0935328933322517,1.9550111924848121,7.532130610476022,4.562425572086165,5.073967479319142,4.0602290329696205,14.952104066696142,10.409987231280883,12.308901768183814,10.902784786327338,4.561322692523662,4.151569514030496,1.620487497489523,0.9657578705430043,4.09,1
2025-10-26,Arsenal,Crystal Palace,T Bramall,1,0,H,1,0,H,10,7,3,1,4,3,0,0,0,0,6,11,0,2.051049090014851,0.593041448862104,1.496311265490781,1.200754758398218,7.20345358389233,3.325022160631699,4.0321879068607025,6.3485718523782255,15.69242518433827,6.536395394295043,12.947671644520529,13.016998460261673,2.977246840700064,4.290362252073783,2.082312301148082,1.501169766848249,4.06,1
2025-10-26,Aston Villa,Man City,M Oliver,1,0,H,1,0,H,9,18,3,4,5,6,1,4,0,0,8,16,5,1.6946441443183597,1.0466484961384859,1.4460667639029772,0.675342342876913,6.016676150123083,4.188203670443606,4.290377598546769,4.350896839846276,13.072548782150935,9.515332035617252,12.691981419079735,9.662639026498617,4.1569247516552,3.3555815823729453,1.7327372687257323,1.3392800580394522,3.43,1
2025-10-26,Bournemouth,Nott'm Forest,S Barrott,2,0,H,2,0,H,13,8,5,4,6,4,3,1,0,0,17,7,4,1.3817785083357323,0.6695037994878553,1.0605996178623172,1.7009595310685193,5.648829527916556,3.5695686851259083,3.6643028024285718,6.079497925931313,13.377537330623039,9.100316957621587,10.10765101549662,15.327139350259667,4.465123666859575,4.557652081861573,1.6146225961052647,0.675410155210448,3.95,1
2025-10-26,Wolves,Burnley,T Harrington,2,3,A,2,2,D,15,11,7,7,5,3,1,0,0,0,12,7,1,1.2214981119260262,1.9372863893679533,1.1952239290990938,2.5344401512859207,3.756613213108963,4.0876780546228355,3.309615504286297,7.549751457762498,11.823602022010085,11.41784250805892,9.128410900154954,19.94276138617044,3.498042265233159,4.1894054977754385,1.1243764989106173,1.1357769786928174,3.69,1
2025-10-26,Everton,Tottenham,C Pawson,0,3,A,0,2,A,12,7,2,4,9,8,2,0,0,0,9,8,2,1.385514549667012,0.859274605933505,1.727700431820246,1.419353443227532,3.9888918273875227,4.41711181166775,5.1271308648444345,4.346506143963858,12.457913775050626,11.510784742597838,10.133895285051416,13.488710761530545,5.161475606057894,3.780756588898999,1.3931408135999923,1.9089726153756061,3.87,1
2025-11-01,Tottenham,Chelsea,J Gillett,0,1,A,0,1,A,3,15,1,9,6,5,4,2,0,0,14,12,6,1.205128751268445,1.600843336081753,1.8297490176590072,1.179177325209367,5.571155144449007,6.531639294436087,4.803418573967578,4.838845588338581,10.798124341090197,13.592284841095928,12.32543251666604,10.77441526355186,3.5182415214146543,4.838182738755671,1.055796599735334,2.1592580067869283,3.81,1
2025-11-01,Liverpool,Aston Villa,S Attwell,2,0,H,1,0,H,16,10,4,3,1,4,2,3,0,0,13,11,5,2.016555116718081,1.1686142173599583,1.0315997882207142,1.0124543492843634,6.665054262445333,4.157625539049301,4.971676392323251,6.109926626141474,15.743112972463788,9.981234951781763,10.001226001594455,13.645569244802646,3.2623998269937076,4.253257435049471,1.7399370196852528,1.0828286708703143,3.99,1
2025-11-01,Nott'm Forest,Man United,D England,2,2,D,0,1,A,17,18,3,7,8,5,1,1,0,0,10,7,2,0.7811880178742157,1.6265676361786467,1.1470243882996154,1.890900549489299,5.337301647758397,4.883656171602297,4.316921438021939,6.176470982292054,13.0447625730309,12.465791363901136,12.58413032164904,12.935586775902339,4.162775618218819,3.0473177131639426,0.44674029515918007,1.2141507632123847,4.1,1
2025-11-01,Fulham,Wolves,J Brooks,3,0,H,1,0,H,19,5,6,2,10,1,1,3,0,1,13,14,5,1.1842538490252568,1.2372531727729328,0.7334432970849596,1.5148522252319245,4.72700439330391,6.401709241005285,4.787919553684493,6.077767189409054,11.418352791001926,11.989304135175695,10.562755755001868,11.522342317908787,2.2830866649025556,3.523346277459528,1.0951599677287327,0.4766153314312694,4.49,1
2025-11-01,Crystal Palace,Brentford,P Bankes,2,0,H,1,0,H,9,6,2,2,6,5,0,3,0,0,7,11,3,1.7442705609198368,1.3325181991631614,1.398080026364551,1.3272772576965939,3.9167015145405175,5.084264967982719,6.277160827444373,5.184178167468774,14.923595229867194,11.426101983850758,12.18511661625584,12.932731478020381,4.771656749683505,3.8579525808221473,1.9566780314715182,1.396587591014914,4.09,1
2025-11-01,Burnley,Arsenal,C Kavanagh,0,2,A,0,2,A,3,12,0,8,1,6,2,1,0,0,10,13,3,1.1649980507601125,1.219867585347953,1.4438078214994485,0.6616424531334335,3.4518123033062,6.007747715777213,8.062108999436472,4.095639631546364,10.31656530059001,16.541757774835077,15.454455551437675,9.918722155471572,2.671306187433303,2.5243502717205373,1.2861277788267547,1.2786111183675664,3.7,1
2025-11-01,Brighton,Leeds,M Oliver,3,0,H,1,0,H,14,5,7,2,4,7,0,1,0,0,10,7,1,1.8204435160328856,1.4051395538476605,0.9559947157804111,2.2287895345394797,4.234996491989737,4.545067150179256,3.4574661160289435,4.175233503830456,13.441219291268315,12.271701174125507,10.39471374249637,12.539296626086449,3.222045027580024,3.1046598648822625,1.9197746959220996,0.881917609583069,3.43,1
2025-11-02,West Ham,Newcastle,R Jones,3,1,H,2,1,H,15,12,9,4,7,6,1,2,0,0,5,10,3,0.7399172576600761,2.201639106084013,0.7180028185335376,1.0180170266779396,5.113941562259144,7.245097656358397,4.492870179780459,5.812366624581069,9.636269118393662,14.946346307552853,11.335558040134051,10.724365019216975,3.4582532572638462,2.641808728155441,0.5290672555447818,0.5065065483956259,3.98,1
2025-11-02,Man City,Bournemouth,A Taylor,3,1,H,2,1,H,15,8,8,5,10,4,2,2,0,0,8,11,4,2.5415810970016186,0.7922160961129461,1.9017643848637145,1.9649294805627622,6.799599632870255,2.819398950305938,5.240397197169966,4.491590402423313,15.633533644629559,8.33763743745984,12.360175990898027,14.33023694140493,3.2882395634602726,4.7557303877652535,2.697977605962913,2.066983105959256,3.72,1
2025-11-03,Sunderland,Everton,T Bramall,1,1,D,0,1,A,17,8,3,2,4,1,3,2,0,0,10,12,5,1.910891089108911,0.49009900990099015,0.9858846968605365,1.3350911144847162,4.169554455445544,4.151980198019802,3.384747280386012,6.959002272540912,10.86039603960396,12.215099009900989,8.800648889766183,15.233701032093002,2.3613861386138613,2.803662031197884,1.8461538461538458,0.9101799871292408,4.06,1
2025-11-08,Chelsea,Wolves,A Kitchen,3,0,H,0,0,D,20,3,8,0,10,1,1,2,0,0,12,14,3,1.4723205490663807,1.1141531273963037,0.6000899700852081,1.7848790938920371,7.378729276663971,3.194506352473477,4.099206906232583,6.790900429072844,15.425311134785161,10.243395729580097,9.551345615779361,12.88191644454588,4.218805190524201,3.791828772984372,1.3470119841666552,0.31774355428751294,3.0,1
2025-11-08,West Ham,Burnley,M Salisbury,3,2,H,1,1,D,15,16,6,7,7,4,2,2,0,0,15,13,4,1.150841393423006,1.9831592681930839,1.5233663293363742,2.437268830780438,5.456861278872986,7.018716263856896,3.253321553826024,7.086158452043491,10.611492916929052,14.410646977874347,9.468701171830883,19.044073947208286,3.3749344830552817,3.6095112980215704,1.3527115036965212,1.7571846524693897,3.97,1
2025-11-08,Sunderland,Arsenal,C Pawson,2,2,D,1,0,H,6,17,2,7,2,2,2,1,0,0,13,13,3,1.6493990313915414,0.6364777161232134,1.5449336723308273,0.5413438250591218,4.120879982745436,3.2471324091684477,7.687180089725366,3.5327960610894467,12.622909354718535,11.005058724338737,14.826372722692957,8.660772670233928,3.1188604145016767,2.6108320406653105,1.5213270142180093,1.5190740789117108,3.87,1
2025-11-08,Tottenham,Man United,S Barrott,2,2,D,0,1,A,10,5,4,2,5,3,5,1,0,0,10,8,6,0.9860144324336692,1.4915990929472356,1.3021108634531517,1.9107368132567506,5.649126936517655,6.25315942218368,4.44111754043915,6.508021713423454,9.380283549068258,13.848233052299086,13.568833901428997,13.674570999889902,3.969470336572619,2.8568963104034713,0.703864399823556,1.4761005088082566,3.95,1
2025-11-08,Everton,Fulham,A Madley,2,0,H,1,0,H,14,8,5,4,7,5,2,2,0,0,11,14,4,1.1336028128783724,1.2484974056048923,1.0765269112423754,1.9631909763831934,4.900002405982272,5.068546028983764,4.696882450173301,4.049278298746811,12.374656724880946,10.690642060544722,12.252737805431114,12.193187665055527,4.58666185839399,3.7603750227967945,0.9287605423999948,0.9771719136953364,3.43,1
2025-11-09,Aston Villa,Bournemouth,J Brooks,4,0,H,2,0,H,16,13,8,4,6,9,2,2,0,0,8,20,4,1.5683452087443142,0.8563487692010594,1.737806576208836,2.153124863989714,5.8318259406535065,4.51762118554334,5.014869543025168,5.493123377057999,12.332085365787197,11.057998941205707,11.567413587750673,14.45201252408314,4.310211160740615,4.618324319848057,1.4884915124838216,1.7113220706352053,4.49,1
2025-11-09,Brentford,Newcastle,S Attwell,3,1,H,0,1,A,15,5,7,1,6,2,2,1,0,0,10,13,3,1.907302527684182,1.5633556314668675,0.7692750334444463,1.3783775679765264,4.348123710589472,4.505503133286795,4.766893783984905,6.028299965982529,11.219672836395418,15.228846144502613,11.456365669433438,11.501753199039536,4.525353096177726,2.7069344140708873,2.0065466515001313,0.671004365597084,3.99,1
2025-11-09,Crystal Palace,Brighton,T Robinson,0,0,D,0,0,D,10,7,2,3,4,8,1,4,0,0,10,12,5,1.7907668226603946,1.0902421624847032,1.8009121816543139,1.9966405592402319,4.295483058081413,5.0689440646836035,5.9646761736186695,3.2660158939004362,13.846577913269993,10.439537984885435,13.714072275218722,10.684160388481653,4.449537340029272,5.659702973542979,1.9711186876476787,1.77524119747208,4.27,1
2025-11-09,Nott'm Forest,Leeds,J Gillett,3,1,H,1,1,D,14,10,6,3,6,4,2,1,0,0,10,11,3,1.0027910719600717,1.6944646978509301,0.7821768080032168,2.3690101731575437,5.821430533607519,4.90480967852139,4.101565730574411,4.143372740893693,13.763899491854346,13.47201509134498,9.41385282318457,12.80488010698412,3.769542134032205,2.7219929230489806,0.9644935301123785,0.587945073051826,3.81,1
2025-11-09,Man City,Liverpool,C Kavanagh,3,0,H,2,0,H,14,7,6,1,7,7,2,4,0,0,14,15,6,2.6249299886165205,0.829994987801591,1.6679793661940834,1.8965184299110875,7.381490609833592,3.034053687027685,5.4596364092820595,4.080673828837059,15.518345709020346,8.276248812348818,16.908783812742467,13.021491019149568,3.417650552171474,3.4305533665409405,2.798651737308609,1.5516237553071466,3.7,1
2025-11-22,Wolves,Crystal Palace,A Taylor,0,2,A,0,0,D,8,10,1,4,1,4,2,3,0,0,13,9,5,1.3630439100304799,2.1305070462189297,1.2242546712408098,1.1642538931645523,3.982683538433981,3.889918407946603,3.8445173779788497,5.921558787486411,12.401128928212314,11.341871142810867,11.86627679797792,12.46845328461135,3.043852761588067,3.5102963865568317,1.416250999273745,1.0007798445654994,3.72,1
2025-11-22,Newcastle,Man City,S Barrott,2,1,H,0,0,D,9,17,5,4,5,9,1,3,0,0,13,8,4,1.891231239193689,0.982726937703621,1.183145533595669,0.7343710079221581,6.88992504369711,4.278348194795682,4.6012180357737575,4.468915596465337,15.5062669647286,10.6990804625143,13.657075708379953,9.54215920326665,4.095627656621757,3.654566749790506,1.7469916649930155,0.8928533720263014,3.95,1
2025-11-22,Liverpool,Nott'm Forest,A Madley,0,3,A,0,1,A,21,15,4,7,8,6,2,0,0,0,11,8,2,2.01354509549081,0.9561389047031581,0.8677625618377683,1.755330740231479,5.635044394560892,4.128966350076007,3.7253388976761275,6.065043700473878,15.789819704833123,9.98464677873711,9.724440225948436,14.904021433088015,3.578327131785603,4.456260393668351,1.8266246797901686,0.45027343680424403,3.43,1
2025-11-22,Burnley,Chelsea,P Bankes,0,2,A,0,1,A,8,15,2,5,1,9,2,3,0,0,13,8,5,0.95317938648818,1.3617104029552594,1.6788855596120427,0.9647814474853362,3.0060264869325484,6.006339034615887,4.839160651496909,5.049964572683941,8.986275444724434,15.715980371444104,12.81171751457314,9.360885212908835,2.7310689349219364,5.049422241207247,0.8574185192126546,1.7728386711912856,4.09,1
2025-11-22,Brighton,Brentford,C Kavanagh,2,1,H,0,1,A,14,10,5,4,7,4,4,2,0,0,10,9,6,2.0349083317130034,1.1496596344738437,1.1438836357524054,1.4495904942434987,4.192269857000158,4.99141857827971,6.044949747645334,5.332509422691176,13.542815783960807,10.949573685372538,11.060549860620437,12.217689328710055,2.8180368399685882,3.7019611888783945,2.2798497972814,0.9310583940099402,3.7,1
2025-11-22,Bournemouth,West Ham,T Bramall,2,2,D,0,2,A,28,5,10,2,9,2,3,2,0,0,9,10,5,1.4941828600023181,0.5477753550153741,1.1773312060484238,1.5251164399659387,5.712678956917683,3.6478292333885896,3.98759077283713,5.574193703151975,13.3088939084017,8.900258538564925,10.205196937372525,14.711993404539777,4.3805553933151025,3.351655228023128,1.743081730738396,1.0374767917298493,4.06,1
2025-11-22,Fulham,Sunderland,D England,1,0,H,0,0,D,24,4,6,2,7,4,3,3,0,0,5,13,6,1.5143895416478508,1.0122980308200664,0.7663183074841671,1.0141173702476423,5.685730950911094,5.419580202390597,2.618027097507892,5.699358836101254,12.796834222020832,10.718521454250004,8.964843826591634,15.445893217780043,2.777070950754655,3.34467951608792,1.730106645152492,0.938388625592417,4.1,1
2025-11-23,Leeds,Aston Villa,R Jones,1,2,A,1,0,H,14,14,5,3,3,3,5,1,0,0,18,16,6,1.3076648152316954,1.7015932795864315,0.8440361900008835,1.1920081043060142,5.221696168267716,3.549414179783872,4.795007957014868,5.180849055961367,14.846813345052366,10.812614424472889,10.001003092213216,14.073647564754534,4.179633201245548,4.389028810756714,1.4206086458810574,0.7218857805802096,3.98,1
2025-11-23,Arsenal,Tottenham,M Oliver,4,1,H,2,0,H,17,3,8,2,4,1,1,3,0,0,11,15,4,1.8599492550983614,0.4852157306793476,1.9590276264806175,1.161289180325121,6.6210074766074545,3.2659272222211246,5.649470708606774,5.192595937601223,14.657438785190974,6.620687140949321,9.564096141216536,13.218036077094188,2.435929232256691,3.4569826630205784,1.7215415340987212,2.272648410250404,3.43,1
2025-11-24,Man United,Everton,T Harrington,0,1,A,0,1,A,25,3,6,1,9,1,2,0,0,1,12,9,3,1.9409113692306639,1.205317150282983,0.9884511156181129,1.274165457188246,4.182687386865278,3.969243206519561,2.9511568649346507,6.421001858314688,16.342437381627317,9.606578771886893,8.655076364073567,15.554846299604174,4.831826167329718,3.202996208113419,2.495420861979244,0.9401199914194939,3.69,1
2025-11-29,Brentford,Burnley,S Barrott,3,1,H,0,0,D,14,6,4,2,5,6,0,2,0,0,7,7,2,2.1059748095627557,1.4609273275233596,1.6100272768615291,2.5395839195541847,4.648464875562395,4.049957076527789,3.3890817101573067,7.070493228306792,11.907005097033984,13.369055803626058,10.656213888318172,18.308785398166194,4.2480161497986755,3.6805094733376413,2.3376977676667554,1.838123101646912,3.95,1
2025-11-29,Man City,Leeds,P Bankes,3,2,H,2,0,H,18,9,9,4,8,1,4,1,0,0,17,11,5,2.6931245362483325,0.6790868079633191,0.8217811527510658,2.4837359670712758,7.312128680663555,3.7551348359779797,4.083099174413139,4.480942424653475,15.242282852399478,8.044203573374007,9.52042538164712,13.022175335394474,3.887168634335273,2.7725398277058204,2.8657678248724054,0.7252967153689908,4.09,1
2025-11-29,Sunderland,Bournemouth,T Robinson,3,2,H,1,2,A,12,18,6,6,6,3,5,5,0,1,14,13,11,1.7404622133341936,0.9906315517853111,1.421840722810313,2.4889214287276973,3.57001419217495,2.923209044286037,5.739441059200154,5.585283060953903,10.902711027965037,12.56215204980163,11.827884686496871,14.73346570222989,3.0879882592007224,4.505901352831747,1.6962406015037597,1.1408813804188733,4.27,1
2025-11-29,Everton,Newcastle,C Pawson,1,4,A,0,3,A,10,13,2,8,8,7,0,0,0,0,4,6,0,1.291129574421634,1.021497876955115,0.8112250274297931,1.6732180106275765,5.281820150951259,5.0560831146034255,4.263822186103395,6.023154517613954,12.670173684459533,10.201434412401472,10.282481000412503,12.137798072944483,4.479996065790506,2.7602190661420285,1.2858403615999965,0.7806695770647227,3.87,1
2025-11-29,Tottenham,Fulham,S Attwell,1,2,A,0,2,A,14,7,2,3,8,2,3,2,0,0,11,7,5,1.1703754450091943,1.5840356216480564,0.8807947315870719,1.9698835266095378,5.531103856964687,5.661675889944786,4.751994735894876,4.58577319182474,9.492959267597174,12.239463403889493,11.479512694691515,12.521699022136824,4.338657548687079,3.8039432035807823,1.1359095998823705,0.6514479424635565,3.99,1
2025-11-30,Chelsea,Arsenal,A Taylor,1,1,D,0,0,D,11,8,4,4,3,3,1,6,1,0,12,13,8,1.7500804496741575,0.911579831186608,1.6276730047647934,0.8065540391029732,7.8553239543857485,2.795505196849074,6.653147344508263,3.254105867724597,16.257072747954098,8.926414685761378,15.221577682826567,8.17699582033757,3.9972042464430633,2.681589851565021,1.8980079894444366,1.679382719274474,3.72,1
2025-11-30,West Ham,Liverpool,D England,0,2,A,0,0,D,7,9,0,5,7,2,1,0,1,0,12,14,2,1.4870520496944826,1.9862212194355338,1.364710390044176,2.097151442970925,5.737431955883995,6.469858760471911,5.739702517126987,4.611460406249191,11.40940329692753,14.699620255080177,15.107186753039077,13.199401743221124,3.488582759042636,3.8977254824520466,1.9018076691310142,1.0344158368714311,4.1,1
2025-11-30,Nott'm Forest,Brighton,M Oliver,0,2,A,0,1,A,19,17,3,6,9,2,0,1,0,0,11,10,1,1.3659211417863528,1.5681979809932265,1.4734736026553399,1.633615002442243,5.853897814265823,4.740298296097609,6.334735051726132,3.399467549765356,13.80682699573502,12.840737579584928,12.493331859617479,10.55976759037973,3.6296249301072114,5.539756978164191,1.6429956867470532,1.1834941316480534,3.43,1
2025-11-30,Aston Villa,Wolves,C Kavanagh,1,0,H,0,0,D,16,9,6,4,7,3,0,4,0,0,13,21,4,2.0104642623971163,0.7006489927371461,0.49098270262492605,2.0058101680782574,5.862403042401089,5.332599153093409,3.535714740574394,7.3743730792524635,12.998978936695762,11.411090043361495,8.36019186557739,14.176113456669398,4.253809131426103,3.6478599049419924,2.3256610083225477,0.21182903619167529,3.7,1
2025-11-30,Crystal Palace,Man United,R Jones,1,2,A,1,0,H,14,14,3,6,4,4,3,2,0,0,14,14,5,1.4651728543904967,0.8920163144476091,1.4289997975708646,1.9269664835992995,4.241758865618252,5.601863326490636,4.179096169037005,6.233835946914071,13.147200109754346,9.814167441192781,12.010864098712256,13.0064671806745,4.549621460181783,3.428369709413146,1.3140791250984525,1.6507336725388377,3.98,1
2025-12-02,Bournemouth,Everton,M Salisbury,0,1,A,0,0,D,5,13,2,3,1,6,3,3,0,0,14,14,6,1.58614991001293,0.811817053073601,0.9905509127817674,1.0424990100614082,6.310375624079798,3.3482229497488323,2.596401070750718,6.889910612087852,15.980012741273622,8.191118330164397,7.62688065989327,17.272146975111603,4.493182049505627,3.1660878065800477,1.8287211538262875,0.9600799942796625,3.97,1
2025-12-02,Fulham,Man City,C Pawson,4,5,A,1,3,A,12,11,6,4,7,2,0,1,0,0,9,7,1,1.4208641637616326,0.8282438302571481,1.149846345616671,0.9644853704810203,5.924688976897458,5.161474692618654,5.400996575985236,4.565476397260279,14.833773599813927,9.496972011715725,14.264880125996651,9.443584802517261,3.3630580924557116,3.7173727953821865,1.4867377634349936,0.928568914684201,3.87,1
2025-12-02,Newcastle,Tottenham,T Bramall,2,2,D,0,0,D,19,8,7,2,11,8,0,3,0,0,5,12,3,1.911007377553296,0.9858674944897334,1.7846589668455255,1.6774184210799452,6.54630230793756,5.1368303425502955,4.804112396617865,4.975760312240868,14.323309332912418,11.844702198409255,8.370624113658694,13.905665882343275,4.078240809935837,3.555713088081626,1.8313277766620104,1.8484322735002694,4.06,1
2025-12-03,Arsenal,Brentford,T Harrington,2,0,H,1,0,H,15,6,7,1,4,8,0,1,0,0,7,9,1,2.249049391148635,0.5788128707034327,1.1177229728386964,1.5496649569806988,6.144460661927311,2.853940453894852,5.673140676072514,5.635689549302849,15.08335900673702,5.962380387011294,10.867722599467436,12.541745837536096,2.7203057359312095,4.119786457095999,2.481027689399147,0.9540389293399603,3.69,1
2025-12-03,Brighton,Aston Villa,A Madley,3,4,A,2,2,D,16,14,7,10,5,6,2,2,0,0,10,9,4,2.02856136230063,1.1224487917993242,1.0542114285139879,1.1570975398316847,4.702766247441547,4.811160654671859,4.468642873406577,4.784331045161263,13.625940187008112,10.776923924123444,10.728093440230163,14.06025709841441,3.3965755972502927,4.681932663808312,2.1865665315209335,1.1479238537201397,3.43,1
2025-12-03,Burnley,Crystal Palace,T Kirk,0,1,A,0,1,A,11,3,4,3,3,4,0,0,0,0,9,8,0,0.7798734832784859,1.477763432105153,1.3652992766921812,0.9525713668008098,2.6412932193979946,6.550642787785575,3.87278694566364,5.026729915623189,8.806952056929338,15.585801701287696,11.526953743265002,11.6560072315826,3.143603189363415,3.7811515894281835,0.5716123461394665,1.333853229710333,3.6,1
2025-12-03,Wolves,Nott'm Forest,T Robinson,0,1,A,0,0,D,5,10,1,3,3,9,2,2,0,0,19,11,4,1.11521774417957,2.1067784923235227,1.2554433492283716,1.4361786648930037,3.4403774396816753,3.9099332428969658,4.138914980439102,6.416855073982656,11.600923667275422,11.097894571005957,10.68363601274284,16.012384755314265,3.399515896405664,4.009666151202354,0.9441673328491634,1.300182291209678,4.27,1
2025-12-03,Leeds,Chelsea,D England,3,1,H,2,0,H,17,14,5,2,4,2,1,1,0,0,10,13,2,1.2517255770930893,1.7558492223168478,1.7372700034110165,0.7893666385750091,4.817750104644016,3.4495203696434045,5.595676897872317,4.31360737648926,14.692846784618212,11.392140947889924,13.209587058005464,9.113451537444298,4.510610052720915,5.040436379155395,1.2804057639195752,1.848559114127524,4.1,1
2025-12-03,Liverpool,Sunderland,S Attwell,1,1,D,0,0,D,23,9,4,6,7,3,1,1,0,0,10,5,2,1.6474459866424145,1.3277500135249791,0.5672789730026127,1.0104506015546884,6.065036323500646,4.4691542869623015,2.9769731961423087,6.037180272876819,16.737125214539187,10.89652918404113,7.6753023900912805,17.66769022352676,3.291358561917489,4.034357965358192,1.217749786526779,0.5954887218045113,3.99,1
2025-12-04,Man United,West Ham,A Kitchen,1,1,D,0,0,D,17,11,4,3,6,6,2,2,0,0,13,9,4,1.5880183924503937,1.1679867592635704,1.3269073506391378,1.6114589055628392,5.058562408816485,3.429380804482822,3.6262106317513907,6.197067576288435,17.916539678359257,8.405382629649532,9.25879749272141,17.127994607524403,4.498766863653625,3.651354277946094,1.6636139079861627,1.358317861153233,3.0,1
2025-12-06,Leeds,Liverpool,A Taylor,3,3,D,0,0,D,12,16,5,7,5,4,3,3,0,0,14,14,6,1.5695944946770657,1.6184217275216901,1.4802175920033618,1.7158511801205931,4.669067874204947,3.185970514496317,5.059756604044763,5.045740332946042,15.112330296854465,11.866298393222488,13.996789160144708,12.072237788453839,4.054134290405001,3.5526844851973856,1.8536038426161296,1.356277224580954,3.72,1
2025-12-06,Newcastle,Burnley,S Attwell,2,1,H,2,0,H,17,9,7,3,9,9,2,2,0,1,9,11,5,1.9271878543826648,1.170255223002238,1.4991129331795705,2.6232961555807375,7.356065525721002,5.657406644576474,3.86379538200326,6.694038918432193,15.17361672802547,11.145665434160168,9.809627305956448,17.525367799263496,3.8821970260581886,3.3749614882614463,1.8875518511080067,1.558748734429774,3.99,1
2025-12-06,Man City,Sunderland,A Madley,3,0,H,2,0,H,18,8,6,1,6,5,1,0,0,1,9,10,2,2.7489200751842637,0.9192528431889594,0.6715473576872789,1.0079324263907694,7.437196193431554,3.254201228790187,2.9825217308630556,6.269181149714892,15.743685970791974,8.217984742075686,7.994501299696508,18.95256267562157,4.089501610171743,3.5441594178317195,2.91051188324827,0.7387081107333658,3.43,1
2025-12-06,Tottenham,Brentford,R Jones,2,0,H,2,0,H,15,4,7,1,7,6,3,4,0,0,8,9,7,1.1393980913311896,1.6596655087187204,0.914500602269215,1.6315440604945701,5.979994065368481,4.995916636368539,6.096206032409683,5.338291432056651,10.312421220000473,11.286833692862249,9.982682075136037,12.98870116591182,4.458901630899122,3.552552522670005,1.0906063999215803,0.6360259528933061,3.98,1
2025-12-06,Bournemouth,Chelsea,M Oliver,0,0,D,0,0,D,13,11,5,4,5,0,0,2,0,0,15,13,2,1.2977582545522253,0.8460322248243819,1.6032209117087806,1.191299977534521,5.344850229740456,3.83036550677133,4.941917461052003,4.256587853417643,13.983641508361774,9.065462764397111,13.353298502189899,10.5473694415773,4.767149674178276,4.487629764050232,1.219147435880917,1.565706076085016,3.43,1
2025-12-06,Everton,Nott'm Forest,C Kavanagh,3,0,H,2,0,H,11,7,5,3,6,3,4,3,0,0,17,15,7,1.2381969244584938,1.5630437182074735,1.208998981079212,1.1750545806616075,5.776034669597793,5.409522548767927,5.022750957906687,5.795607053833581,12.184687559385933,10.710264519894098,10.559338227140811,14.01012768610104,3.665451325504882,4.007908664517405,1.1905602410666642,1.2001215274725812,3.7,1
2025-12-06,Aston Villa,Arsenal,P Bankes,2,1,H,1,0,H,15,15,6,9,3,3,0,2,0,0,10,8,2,1.8267434871787722,0.5732582666205687,1.5135506401148546,0.8417260320387232,6.069238853140494,4.908490215620118,5.98893873555884,3.2079048008059674,13.544619130727833,10.972710034911955,13.908563556982132,8.690269308211185,4.207662016561815,3.6485735161645105,1.8837740055483652,1.4529218128496495,4.09,1
2025-12-07,Brighton,West Ham,S Hooper,1,1,D,0,0,D,22,14,4,5,10,6,2,2,0,0,12,8,4,2.205186569382956,1.6456399212381438,1.26746965044624,1.5002845589534233,4.75680874797645,5.0273132631922355,4.057808699262563,6.161237107826126,14.057587426290853,11.362937756857118,9.575379767180541,17.104722860671757,3.5062891251645274,3.714744409310413,2.4577110210139557,1.2388785741021553,3.87,1
2025-12-07,Fulham,Crystal Palace,S Barrott,1,2,A,1,1,D,12,11,4,5,6,4,0,0,0,0,5,8,0,1.8897979795620734,1.5867449963375473,1.2988812262988143,0.7793765726135573,6.120200083428083,4.586661078563944,3.895916591936458,4.658233566852603,14.318542006113377,9.77024984373134,9.976598515216436,11.536733189322776,2.9334111414562085,3.093669481372382,2.324491842289998,1.2225688198068887,3.95,1
2025-12-08,Wolves,Man United,M Salisbury,1,4,A,1,1,D,8,27,2,10,1,9,3,2,0,0,17,12,5,0.9124508813398414,1.9055460389141463,1.5328180163282978,1.7584271227274193,3.3603088141816966,4.835399927200715,4.14653322917008,5.827683956042011,10.400755726222254,10.89827737602004,12.372525172140305,13.187109511694032,3.5086948244727774,3.714120671706726,0.6294448885661089,1.7671557816925585,3.97,1
2025-12-13,Burnley,Fulham,M Oliver,2,3,A,1,2,A,16,6,8,4,10,4,1,2,0,0,8,8,3,0.6380779294832238,1.390897123798727,1.0842866104585207,1.7935410569246784,2.706512806544047,6.086888327116475,4.251632027411833,5.206541738665177,9.205689101148373,13.29746806710748,10.665055793533531,12.790481033813247,2.5720374614526933,4.021408088360538,0.38107489742528744,1.1009652949757056,3.43,1
2025-12-13,Arsenal,Wolves,R Jones,2,1,H,0,0,D,16,3,2,2,8,0,0,4,0,0,7,15,4,2.2037676836086395,0.4735741668033853,0.40171312021430267,1.8229355918280703,5.754558722891992,3.78958764530303,3.4383120603442823,7.30630524657328,15.068202823674369,5.969220316654429,8.476520617440688,14.507729192248291,2.407522874449232,3.7118853768533313,2.320685126266098,0.14121935746111686,3.98,1
2025-12-13,Chelsea,Everton,T Bramall,2,0,H,2,0,H,17,11,5,2,4,7,1,0,0,0,13,11,1,1.6137021859210727,0.9276562255370586,0.9922689286418446,0.852953735260223,6.972537779722031,2.832686070197216,3.2152372405036016,5.819017772144679,15.301241338001885,8.757975651769248,8.603811450264093,15.04084752221232,4.724985293483362,3.681344569684862,1.5986719929629576,0.9733866628531084,4.06,1
2025-12-13,Liverpool,Brighton,C Pawson,2,0,H,1,0,H,18,14,4,1,2,2,1,2,0,0,8,15,3,1.529728534373724,1.2681591018980944,1.5692056750233445,1.3365940925240511,6.23502971944714,4.202035325351772,5.546601404940835,4.417746178394605,17.87582972245585,10.551705695588735,13.312726068016998,12.09435530319982,3.0565660958113625,4.714346617432968,1.145166524351186,1.4556627544320355,3.87,1
2025-12-14,Crystal Palace,Man City,D England,0,3,A,0,1,A,16,7,4,6,2,2,2,0,0,0,9,6,2,1.3805959716649154,1.0934678938988809,1.8498742836805044,1.5163971220147707,4.1978027081763996,5.310615448571094,4.782633561371879,5.008117052874993,13.30225463545362,10.575227907412435,13.671265556867697,9.908387566295664,4.631508467527115,3.2233050137661237,1.2093860833989682,2.2857126097894676,4.1,1
2025-12-14,Nott'm Forest,Tottenham,S Barrott,3,0,H,1,0,H,15,6,6,1,3,3,1,3,0,0,9,13,4,1.1175711864499553,1.64670764663487,1.8238118820150386,1.7360696173229038,6.425917906354738,4.242060924535866,5.385182870709811,6.071076620519423,14.751042766476141,13.59696911063184,8.303237911088349,14.83190845038506,3.1515100419449844,3.4546743446636894,1.0953304578284266,1.8989548490001795,3.95,1
2025-12-14,Sunderland,Newcastle,P Bankes,1,0,H,0,0,D,5,6,1,2,3,6,5,4,0,0,10,10,9,2.0439602230709295,1.2338488004993402,1.3910022959179025,1.5508147358100832,4.155543156983289,2.9417125798462243,4.761309061999218,6.382580969420631,11.167113591067372,13.872454962193801,10.776575364611382,11.749107513725786,4.994465255577964,2.2583610534686707,2.1578436134045655,1.8537797180431486,4.09,1
2025-12-14,West Ham,Aston Villa,A Taylor,2,3,A,2,1,H,10,7,3,4,5,3,1,2,0,0,18,13,3,1.2166789494011756,1.9887264522686692,1.5898093512934222,1.4921707148400785,5.966989782383098,5.657157166610228,4.747071442237358,4.823543582455264,10.607693605542645,13.663325661910312,11.322985542774072,14.412937626430484,3.2179313479583964,4.557944906592277,1.2678717794206762,2.098615902480093,3.72,1
2025-12-14,Brentford,Leeds,J Brooks,1,1,D,0,0,D,7,18,2,4,0,3,0,0,0,0,8,9,0,2.2685248536833114,1.3771223539871569,1.0360033279112644,2.577602403132115,4.7123803564665865,4.404510356052675,3.5225342055879105,5.120772766923863,12.287549647076064,12.02922739742598,9.425802334727326,13.927236759006705,3.8392859168677878,3.1775336574223747,2.5584651784445045,1.1501978102482766,4.49,1
2025-12-15,Man United,Bournemouth,S Hooper,4,4,D,2,1,H,25,14,9,9,5,4,2,3,0,0,15,12,5,1.4811059573214667,1.1374437120853305,1.5269608694094063,2.5818450510847475,5.229732880161618,3.896766113361728,5.241359549304713,5.660686340205185,17.749896100260738,8.877131243049211,12.950090438752044,14.236470623747863,4.408081979235957,5.686649684221626,1.442409271990775,1.4272542536141208,3.87,1
2025-12-20,Tottenham,Liverpool,J Brooks,1,2,A,0,0,D,15,8,4,4,2,6,3,3,2,0,9,7,8,1.295871165799795,1.3579081431785758,1.7565416664762783,1.9493327839815124,6.165449690042721,5.178477248130622,4.867073584924122,5.037423908765255,11.16470827180922,9.96195483821592,14.36100931323017,12.059103645084729,4.920919516677934,3.9976509429039666,1.3937375999477204,1.9041848163873027,4.49,1
2025-12-20,Leeds,Crystal Palace,T Bramall,4,1,H,2,0,H,20,9,8,3,9,5,1,3,0,0,5,10,4,1.8296687856941607,1.8696183206292503,1.4263573671063312,0.8194899230898027,4.72923748182366,3.333976195767506,3.914840847967989,4.90219110040967,14.546450836552257,12.617882129902931,10.162671512646245,11.620963518625736,4.407928821364348,2.531184120529054,2.2357358950787884,1.481712546537926,4.06,1
2025-12-20,Everton,Arsenal,S Barrott,0,1,A,0,1,A,5,13,1,2,2,3,2,2,0,0,4,5,4,1.5585247567132947,1.278853950960647,1.4201777963590365,1.0523212991630946,5.816755638804819,4.971427539438543,5.445495328519894,3.1701039278922494,11.969289821088372,10.03567097011029,14.107006546831238,9.837493071565707,4.2717329033258515,3.348832876545442,1.793706827377776,1.3019478752330997,3.95,1
2025-12-20,Wolves,Brentford,M Donohue,0,2,A,0,0,D,9,7,2,6,3,4,2,4,0,0,12,15,6,0.92836890293122,2.286355850422678,0.7482277575459326,1.6985360526974602,2.93116175660471,5.592599941236309,6.078714025680978,5.640420277032145,9.96425468463013,13.825863310743351,8.894921645848733,13.354391880497062,3.779841220309425,4.179361184870334,0.7529632590440727,0.4240173019288704,5.6,1
2025-12-20,Bournemouth,Burnley,C Kavanagh,1,1,D,0,0,D,16,4,1,1,5,3,1,1,0,0,11,11,2,1.0618016976819733,0.6922078510855928,1.4083649307766897,2.5099693366100957,5.282150052292116,3.1339339076179225,4.797652787874091,7.113305476880154,13.804797210748129,9.417197568355382,9.66242202269856,17.42984617451568,4.264030462897258,3.670423675202949,0.8127649572524893,1.3724991562858488,3.7,1
2025-12-20,Brighton,Sunderland,D England,0,0,D,0,0,D,16,14,4,6,3,4,2,2,0,0,11,15,4,1.9860617383547294,1.528250844525465,0.5187670974436375,1.461137399703559,5.710116249350755,5.204165397343983,3.4415077598694688,6.207941140897413,15.501662441216999,11.842403619752893,7.995752280515288,18.735850076258455,3.5960547388657402,3.1928557085498195,1.9718073473426372,0.48247422680412383,4.1,1
2025-12-20,Man City,West Ham,P Tierney,3,0,H,2,0,H,17,7,8,3,6,0,1,1,0,0,16,10,2,2.7945709706534996,0.7521159624327056,1.2188388048592214,1.4093237299567756,7.1758877943499595,3.5716191875270624,4.410934390678521,6.859193998049103,16.153924885626516,8.17835115256554,10.379856173996984,17.994773250580135,3.7095922261030903,3.766609062217818,2.940341255498847,1.1592523827347703,3.83,1
2025-12-20,Newcastle,Chelsea,A Madley,2,2,D,2,0,H,11,13,5,4,6,4,3,6,0,0,13,14,9,1.940426426327065,1.139299727878243,1.3117262001812773,0.9746999813904935,7.654962703178177,6.265150891658697,4.0433870126394424,4.39175369839349,15.505686414189581,10.755544445719204,12.925426046794586,10.99330227085219,4.085433930625798,4.035333442836347,1.9250345674053377,1.0438040507233441,3.43,1
2025-12-21,Aston Villa,Man United,M Oliver,2,1,H,1,1,D,12,15,4,6,5,5,1,2,0,0,11,14,3,1.8582446713613416,0.6508476727714657,1.981396559287617,1.6205312820859508,5.511195424707653,4.561491994231959,5.028981733888921,4.949923235835012,13.809233834511213,11.704944574791877,15.0320660527406,12.243998690390406,3.8062689222177424,3.947916913461408,1.9225160036989102,2.511437187795039,3.43,1
2025-12-22,Fulham,Nott'm Forest,A Taylor,1,0,H,1,0,H,11,12,1,2,1,5,5,4,0,0,5,9,9,1.7280165210002112,1.6618822733219294,0.9891805088526394,1.5068635567268773,6.098345521760249,4.4799954228178365,4.654977260641054,5.832769488098069,13.896988893944503,9.99384079192133,9.912184421825513,13.462830558873529,2.4000636356999365,4.551926448172639,1.8829945615266646,0.8000810183136216,3.72,1
2025-12-26,Man United,Newcastle,A Taylor,1,0,H,1,0,H,10,16,4,3,2,11,2,1,0,0,9,5,3,1.9390866928374082,1.657908492255623,1.1380927873022015,1.4506666019207075,5.187963265542683,3.915535910952138,4.986525596418934,5.7675662470585305,19.068096810695838,9.808561927114464,9.908107115583398,10.5219970553893,4.515703437670306,3.484113590495641,2.2949395146605167,1.2358531453620991,3.72,1
2025-12-27,Chelsea,Aston Villa,S Attwell,1,2,A,1,0,H,14,11,3,8,6,7,5,3,0,0,16,8,8,1.683938152191388,0.7589914570795375,1.8462076513289287,1.584503312239356,6.432076364656563,3.590379512779421,4.429422088767957,4.855626567497267,15.610106549600333,9.165616442786996,10.536988170530844,13.610585329868822,4.047715239407771,4.274682196003737,1.7324479953086385,2.399077268320062,3.99,1
2025-12-27,West Ham,Fulham,C Kavanagh,0,1,A,0,0,D,11,15,2,4,5,4,1,3,0,0,8,8,4,1.3591009587513139,2.1725943702321078,1.4325981524773554,1.8310790483688766,5.7911734581278385,5.174037681261985,4.205880747513894,6.078079646017838,10.497203858963703,12.451811903920374,9.816863790533294,13.374029964647193,3.1783074664695854,3.8356975179643467,1.511914519613784,1.733976863317138,3.7,1
2025-12-27,Liverpool,Wolves,S Hooper,2,1,H,2,0,H,14,9,4,4,6,4,0,1,0,0,5,13,1,1.6152324373051299,1.0375847194913919,0.5104925530174474,1.8551291206205889,5.465024315098417,3.8016652657742416,2.8131644123490025,7.432431565511287,17.898406136578622,11.178668297052655,7.480789595036663,14.779051157580485,3.0462813511075297,3.764269853844391,1.4301110162341242,0.4274795716407446,3.87,1
2025-12-27,Brentford,Bournemouth,P Bankes,4,1,H,2,0,H,15,20,7,10,2,15,2,2,0,0,9,8,4,2.0378839601718846,1.308554649985005,1.9766053206873508,2.8396919633896966,3.855583887067267,4.149144824565097,5.015657324668884,5.540561291137543,11.326176938022224,13.114822467962151,13.14098349932649,16.193480199671207,3.141233898619126,5.561804016936017,2.0389767856296688,2.284836169079152,4.09,1
2025-12-27,Arsenal,Brighton,J Brooks,2,1,H,1,0,H,24,8,6,3,7,2,2,3,0,0,7,13,5,2.1667190138225028,0.5692879547583583,1.2838955519906314,1.4572133485561043,6.16282077370626,3.1005717090660085,4.901764785179942,3.9781559636769743,15.237620492276061,5.429362076692797,13.437684964873098,13.168108885569756,2.69706417030958,4.4026472321161005,2.2137900841773988,0.9704418362880237,4.49,1
2025-12-27,Nott'm Forest,Man City,R Jones,1,2,A,0,0,D,7,16,2,5,5,5,1,2,0,0,5,13,3,1.4598317113517043,1.3473056084594748,2.0589880505048064,1.2406885540846617,5.803022393675049,4.016231176854788,4.276700186042889,4.461186679047611,14.796307815975286,12.215699010667922,12.458308181611258,11.01595346450205,3.3057812772381285,3.0008859201192983,1.7302203052212248,2.5238084065263116,3.98,1
2025-12-27,Burnley,Everton,C Pawson,0,0,D,0,0,D,16,15,0,6,6,5,0,2,0,0,8,8,2,0.885700659955181,1.683461916191032,0.8118563959710514,1.0615076017967122,4.0326042567108855,5.707453264760409,3.9033759247748554,5.488287267769229,10.441021028628356,11.970652820165046,9.03948209613055,15.397057064004304,2.6498490004745867,3.1938273746820434,0.9207165982854577,0.6489244419020722,3.87,1
2025-12-28,Sunderland,Leeds,T Harrington,1,1,D,1,0,H,8,17,3,6,3,9,1,0,0,0,7,9,1,1.8064542411933868,0.9531422521320143,1.02945725412594,2.290764981873155,3.8926515198921074,3.637487706651998,3.4275277808050473,4.189721158228675,9.764065528097948,12.081433518788158,10.98475073819616,12.667736441018562,5.9057437136978495,2.5997990149997627,1.7562252180808884,1.1001318734986718,3.69,1
2025-12-28,Crystal Palace,Tottenham,J Gillett,0,1,A,0,1,A,15,8,2,4,3,2,3,2,0,0,7,5,5,1.1295785220063006,1.4401100953741184,1.4922097212986023,1.9658751416886133,3.7982022153588404,4.708685366377268,4.951513257395666,5.5126990525627875,13.79275379316168,9.925186469014848,7.884467381357471,14.862470550347313,4.153052382017089,3.553824463920417,0.8062573889326455,1.265969899333453,3.81,1
2025-12-30,Arsenal,Aston Villa,D England,4,1,H,0,0,D,22,11,7,3,3,3,2,3,0,0,18,9,5,2.136406465828593,0.6475992357790245,1.8741698965660027,1.4782299826494991,6.315035178618413,2.9004677617902606,4.896799891213838,5.063694464495662,16.830780404147397,5.896750790425081,10.621172139597949,13.681387997226555,3.1157797760694987,4.9520127064062756,2.1425267227849325,2.2660515122133744,4.1,1
2025-12-30,Man United,Wolves,T Bramall,1,1,D,1,1,D,15,11,6,4,8,4,0,2,0,0,9,12,2,1.768343657628584,1.3564705843124192,0.599493907091149,1.8814692805305056,4.60833358039791,5.203620291891589,3.0289527011992043,7.171989462466099,17.419351934599785,10.934277941338705,7.757009668904942,14.637405492443506,4.240120994219492,3.2616753345294827,1.8632930097736777,0.6183197144271632,4.06,1
2025-12-30,West Ham,Brighton,M Salisbury,2,2,D,2,1,H,10,16,4,6,5,5,3,5,0,0,11,18,8,1.1119916933103648,1.959395393642122,1.2322781788568418,1.5559018307220536,5.6473237383439825,4.960576284484522,4.374171187418796,4.527582152573903,10.588621339231082,12.915118830880482,12.449014970405855,15.137543635349058,3.3277061090587017,4.51125682637062,1.007943013075856,0.9802945575253492,3.97,1
2025-12-30,Burnley,Newcastle,R Jones,1,3,A,1,2,A,15,20,4,9,3,4,2,1,0,0,9,3,3,0.7246638912163096,1.377377389515766,0.9311668257957988,1.368727219682532,4.390313206985261,5.5788251707082415,6.079884579832595,5.0825542015471274,11.45174626742667,12.521444191657894,11.015724004615834,10.427088499781997,2.5316944275628894,3.396092937602225,0.6138110655229058,0.823902096908066,3.98,1
2025-12-30,Chelsea,Bournemouth,S Barrott,2,2,D,2,2,D,17,17,3,6,12,3,1,1,0,0,5,12,2,1.5595857607764552,0.984629374169059,1.7990404025527764,3.050657434463098,6.353517025560243,4.210310510991348,6.830995570547917,4.896821734845953,15.317359903965599,9.499140726204711,14.388079616485257,15.976483415544841,4.766312469227038,5.277839147469291,1.4882986635390925,1.8565574460517453,3.95,1
2025-12-30,Nott'm Forest,Everton,M Oliver,0,2,A,0,1,A,21,11,6,3,9,2,1,0,0,0,11,9,1,1.37622579762969,1.4659775261172854,0.6642461420306365,0.8685062194851528,5.6570180636015825,4.195098552287662,4.102762120442554,5.581325946437002,13.378794794316478,12.90375495418296,10.123212625042873,15.506683052461847,3.2501845829444096,2.976767851825098,1.4868135368135689,0.43261629460138146,3.43,1
2026-01-01,Crystal Palace,Fulham,T Harrington,1,1,D,1,0,H,11,17,2,5,6,3,0,5,0,0,7,10,5,0.9242006087368533,1.3600900779642533,1.3539439398602253,1.498155572010025,3.653074539713699,4.216197117519656,4.168447882865728,5.8820651572584906,14.012253103685511,9.575152565255266,10.759252229106849,12.942388136013694,4.307042858146989,3.865570697684482,0.537504925955097,1.489317908878092,3.69,1
2026-01-01,Liverpool,Leeds,C Kavanagh,0,0,D,0,0,D,19,4,4,2,8,3,0,2,0,0,10,8,2,1.6851901760373496,1.0307511341234183,1.0241013802569952,2.0560800242118846,5.562292621528174,3.8377261265737084,4.440706341732949,3.9734078373928203,17.189605020224835,10.78254678815548,12.078434358493777,11.819055585542689,2.6742301960393515,2.3089259518361565,1.6200740108227496,1.066754582332368,3.7,1
2026-01-01,Brentford,Tottenham,A Madley,0,0,D,0,0,D,7,9,2,3,3,1,1,2,0,0,8,10,3,2.3946323450004585,1.252453802339348,1.4027170446215582,1.6084432974365017,3.5182049853162956,6.122027660885155,4.414874482860212,5.055844678974951,11.99414479359378,14.366672977286598,7.905473312037892,14.887475904851218,3.2973731958851507,3.8167654707074528,2.6926511904197796,1.177313266222302,3.43,1
2026-01-01,Sunderland,Man City,J Gillett,0,0,D,0,0,D,10,14,4,4,3,5,1,1,0,0,9,6,2,1.630998019584812,0.9633368583155442,2.0482629504037595,1.196926998758743,3.698441786849283,4.804182724497097,4.408209243239589,4.559152737487207,9.380266601364076,13.15154146347075,13.10225214914723,10.285780106689183,4.838425554502953,3.0007248437338325,1.497417975066507,2.349205604350874,3.81,1
2026-01-03,Aston Villa,Nott'm Forest,S Hooper,3,1,H,1,0,H,11,10,4,5,4,4,1,2,0,0,10,20,3,1.884018367499723,0.7143299141405767,0.8093291888218265,1.4147063832514524,5.4182508019532545,4.641220722622286,4.717708778861454,4.954082570937475,13.48028222795232,12.30404556171082,10.291787926297228,13.01504239173768,3.659674572596988,5.360668525812459,1.9483440024659402,0.5333873455417776,3.87,1
2026-01-03,Brighton,Burnley,T Robinson,2,0,H,1,0,H,15,5,4,3,4,4,0,4,0,0,7,17,4,1.6249596037965173,1.2503870543717426,1.3341166300902267,2.235428971161151,5.217367839952286,4.985226234001425,4.470806247770669,6.7290674371657415,15.592269270164897,12.23469387104575,8.63288892308752,17.16987368251224,3.6694993318626787,3.3667097419953067,1.3145382315617582,1.248332770856936,4.27,1
2026-01-03,Wolves,West Ham,P Bankes,3,0,H,3,0,H,11,6,8,0,6,7,1,0,0,0,11,10,1,0.7595745567979314,2.234291150300857,0.9972317492388617,1.6985375974871666,2.9436778008692097,5.303036315306873,3.6089463189533553,6.7029769073597905,9.788935650909586,12.584797253172603,9.765336869103113,17.81390538668207,4.1835064533291,3.445407414264417,0.5019755060293818,0.7728349218231801,4.09,1
2026-01-03,Bournemouth,Arsenal,C Kavanagh,2,3,A,1,1,D,15,12,3,5,7,5,3,1,0,0,13,8,4,1.0505650054819413,0.7481701590586701,1.3437818333186802,0.8609901536954538,5.230849951959205,3.109582244937156,5.000859813859502,2.957357759000811,14.20392569725684,8.432250812109128,13.90573262905171,8.957948875975882,3.8523878317516576,3.4672268990939865,0.8751766381684752,1.201298583488733,3.7,1
2026-01-04,Man City,Chelsea,M Oliver,1,1,D,1,0,H,14,8,3,3,8,2,3,3,0,0,12,14,6,2.831921703294215,0.6153676055086444,1.4368668911654974,1.1611181667532384,6.962090013374392,2.9222338801430614,4.0354984648800025,4.684162117119965,16.307756724736386,7.964105488277663,12.9389849473891,10.994520039789208,3.3987572756340487,4.938000090373041,2.960227503665898,1.362536033815563,3.43,1
2026-01-04,Tottenham,Sunderland,S Attwell,1,1,D,1,0,H,13,10,5,3,3,5,2,3,0,0,10,6,5,1.2420764083351858,1.4746521172469433,0.40590153091426345,1.143245032960474,5.408095200289889,5.327845021326796,3.5630161272952576,5.5100054081872045,11.862034041173487,9.605235776414005,9.302066470026837,18.14062483873288,5.480752332310948,3.3684620609464697,1.2624917332984802,0.31735433728026724,3.99,1
2026-01-04,Fulham,Liverpool,C Pawson,2,2,D,1,0,H,8,10,2,2,3,8,1,1,0,0,11,4,2,1.5956498756421238,1.3597218481746105,1.8008068180642793,1.776726823108515,5.1713735724634615,4.574541713275487,5.073060206024927,4.4851650157854746,13.370263619902325,10.358597025835882,13.204462164371185,12.593812073712991,3.600052112498525,4.725350772095424,1.5886630410177762,1.9361232109248683,3.87,1
2026-01-04,Everton,Brentford,A Taylor,2,4,A,0,1,A,14,11,6,7,4,5,0,2,0,0,9,8,2,1.2751566188843035,1.2281532325603735,0.9758227196195572,1.3897113037667075,5.122800067513638,4.612986168321936,5.700766006231958,5.160343844252792,10.702146216159644,10.57463988510122,8.55039042403962,12.562684234901308,4.222326920860295,4.510386436929644,1.195804551585184,0.9493448679525807,3.72,1
2026-01-04,Leeds,Man United,J Gillett,1,1,D,0,0,D,11,15,3,2,6,4,0,1,0,0,9,9,1,2.2242751596609693,1.7115056187629736,1.8029608210812014,1.6895255944935528,5.505741132631604,3.6368901510187297,5.023712327722747,4.959028102054692,15.53800698542612,11.960084214400467,15.026235861328184,12.199635292099286,4.3337598134386965,3.775568383592288,2.82382393005393,2.007624791863359,3.81,1
2026-01-04,Newcastle,Crystal Palace,J Brooks,2,0,H,0,0,D,12,11,7,1,8,6,1,3,0,0,5,12,4,1.9512579851860452,1.2957906865810025,1.3488378457473145,1.3977644830274978,7.354060393249516,5.853305274637754,4.112142512144226,5.647247264615081,14.68647070181116,11.163627274122735,9.95127669198252,13.144424698373292,4.978991398556543,2.7982415533908025,1.950023044936892,1.3211416976919506,4.49,1
2026-01-06,West Ham,Nott'm Forest,T Harrington,1,2,A,1,0,H,14,13,3,5,6,5,3,0,0,0,15,9,3,1.2734477491862168,1.9667780493487717,0.8439966592541518,1.7029420038249046,5.529628513107356,4.967744232765129,4.587216084586663,4.780612761302773,10.481599277477072,13.476006316571317,10.238735499211439,12.648670517071608,4.17721408983019,4.931455444830441,1.338628675383904,0.6889248970280992,3.69,1
2026-01-07,Bournemouth,Tottenham,D England,3,2,H,2,1,H,11,16,3,4,3,7,3,3,0,0,19,10,6,1.2231897999981434,1.157594359580442,1.147677581782858,1.3159990613322872,5.552514063009161,3.4532950619301226,3.7939882128104867,4.682054737078986,14.348666689240629,9.080933422294184,8.104478164535275,13.45338937568299,3.87922644667431,3.668262657746606,1.2501177587795802,0.7848755108148681,4.1,1
2026-01-07,Brentford,Sunderland,M Donohue,3,0,H,1,0,H,18,11,6,3,7,4,2,1,0,0,13,13,3,1.959244631979147,1.024734921900827,0.5306955769573111,1.1131555306828178,3.42398589406241,5.190749874564158,3.8648634487492246,4.9827632980372645,11.08611843843333,13.390914222923978,9.448671710751482,17.060804899452265,3.243305340357938,3.711176663461026,1.795100793613186,0.5489185695820767,5.6,1
2026-01-07,Crystal Palace,Aston Villa,A Madley,0,0,D,0,0,D,11,15,5,3,3,5,2,0,0,0,8,3,2,0.9379823162489831,1.2946191546517576,1.7152299152598622,1.9367336224917941,4.0797882600673105,3.9950703687234497,4.5519271834766935,4.6884772888676505,13.46457072081019,10.925124827071963,10.690049932446996,15.193862907890583,4.433035065845666,4.960737668884027,0.6916699506367313,1.8440343414755829,3.43,1
2026-01-07,Everton,Wolves,T Kirk,1,1,D,1,0,H,13,13,2,4,2,7,1,3,2,0,13,15,6,1.406946324634838,1.7321253724510053,0.6723131967624011,1.7212021385026082,4.918654600548708,4.6833523195858575,3.2055067556513914,7.322536833033199,11.301755995463449,10.651978087864743,8.346644274975281,14.703331766591278,3.818267480418332,3.032279818998373,1.4638697010567894,0.7455464762847755,3.6,1
2026-01-07,Fulham,Chelsea,P Bankes,2,1,H,0,0,D,16,14,5,6,2,11,3,3,0,1,11,6,7,1.6691680824230586,1.476136061322105,1.357436547261092,1.131823954595584,4.776578364838551,5.197352330788715,3.6654078346402796,5.287041732615114,12.393852021406868,10.293397564506924,12.040987683592835,11.54097094203189,3.3091335372817032,5.131090983168945,1.7257753606785176,1.2416906892103754,4.09,1
2026-01-07,Man City,Brighton,T Bramall,1,1,D,1,0,H,22,6,6,3,6,2,1,6,0,0,6,16,7,2.498845029732611,0.6853007681928578,1.3718639646178785,1.636646952466015,7.1508009201669545,2.7545549927258253,4.487958244332154,4.613476306712076,15.888164592669611,7.970631763140881,13.094648612606512,14.203444791898198,3.8717104985802733,5.145573767478775,2.3068183357772654,1.320196371683566,4.06,1
2026-01-07,Burnley,Man United,S Attwell,2,2,D,1,0,H,7,30,1,10,2,6,2,0,0,0,9,8,2,0.7747250744211711,1.6724001096909034,1.6569679444178107,1.564157304497037,4.137528621358291,5.291765632936659,4.837582813459802,5.148295719996684,12.09688424423754,13.881183581028433,15.021465704719688,11.98151978429073,2.6168410186191675,3.2709195862188754,0.7425407103488088,1.6717498612422395,3.99,1
2026-01-07,Newcastle,Leeds,M Salisbury,4,3,H,1,2,A,18,14,8,6,8,4,3,2,0,0,11,10,5,1.960120169703936,1.0601923797634152,0.8379008595774721,1.6822467510149028,7.471503958196238,5.879977042904283,4.178759354697694,4.70551656382906,14.198021482954857,11.13387686062485,10.609625983829332,13.124683734005027,4.8009929623295635,2.2527575155931796,1.9666820299579282,0.7111697215543461,3.97,1
2026-01-08,Arsenal,Liverpool,A Taylor,0,0,D,0,0,D,9,8,4,0,3,0,2,2,0,0,10,9,4,2.475241654099211,0.7116721020462999,1.8370237602600048,1.8173219462083823,5.712301509352754,2.9185645323866383,5.6052310780328405,4.21513501272456,17.770638513148427,6.8246142837307815,12.621832679528318,11.758573514265825,3.458365271571693,4.229832449546076,2.7616844818566215,1.957415473949912,3.72,1
2026-01-17,Nott'm Forest,Arsenal,M Oliver,0,0,D,0,0,D,6,15,0,3,4,9,1,1,0,0,8,14,2,1.126002562868563,1.563072662017381,1.6449124092917273,1.0680828531699043,6.264833841589716,3.795989146462761,5.000703484066754,3.6923836215201025,14.76447047531952,12.557617188382729,13.559235787161079,10.056503626574791,2.8410595206735807,3.5640947356908086,0.9912090245415904,1.8008657223258222,3.43,1
2026-01-17,Sunderland,Crystal Palace,R Jones,2,1,H,1,1,D,13,6,7,2,3,4,3,3,0,0,8,15,6,1.2883968304832574,0.7609820122635076,1.1035946008926725,1.5072618498271522,3.5517297836344093,4.845315350428181,4.455389328360574,6.075020489532825,9.510445422398243,13.329765409807779,10.141953657211358,12.936347480340194,4.242196767912213,3.0167430892923432,0.9894700560103407,0.8807611317946337,3.98,1
2026-01-17,Liverpool,Burnley,A Madley,1,1,D,1,0,H,32,7,11,1,9,1,1,2,0,0,8,10,3,1.378791961995847,0.8433418368776285,1.0915496186995453,2.192623641670969,6.0055121451999085,3.685412285270849,4.385204987813308,6.232872638910247,17.518767744052937,9.549356462164813,7.97236270752865,16.77535062329013,2.5516428875819286,3.48185359206233,1.0800493405484997,0.8322218472372951,3.43,1
2026-01-17,Tottenham,West Ham,J Gillett,1,2,A,0,1,A,21,17,6,4,11,5,5,3,0,0,12,17,8,1.1980625158795022,1.3883517322319656,0.8159168856127527,1.9351671253839975,4.970259709018675,5.26823683558889,4.225501534124826,6.5751629241131395,12.068936942924525,9.677011089844001,9.080730165146012,16.575013497318903,5.39334281728355,3.000787884083949,1.1749944888656534,0.5152232812154535,3.81,1
2026-01-17,Chelsea,Brentford,J Brooks,2,0,H,1,0,H,6,15,2,5,3,9,3,2,0,0,7,10,5,1.6396610770555065,1.169242215359695,1.5256731518267603,1.500672888450272,7.3801502943657145,3.9902540542919533,5.5733540010223015,4.94937222945675,15.623294467097146,10.862933322404004,8.99577399755528,12.824014382371471,4.26334656537577,4.0539525247023755,1.6588657756927283,1.966229911968388,4.49,1
2026-01-17,Man United,Man City,A Taylor,2,0,H,0,0,D,11,7,7,1,1,6,2,3,0,0,13,8,5,1.628644810688299,1.2916577507552673,1.6758515046126221,0.9793039079215421,5.2250002025795395,4.984780238665738,4.515807562726612,4.2756704213801076,16.97946976436169,10.946227406558293,13.26547903123581,10.23382008725443,3.832826267709933,2.8187748720172796,1.5755286731824516,1.5661370695672494,3.72,1
2026-01-17,Leeds,Fulham,C Kavanagh,1,0,H,0,0,D,14,8,5,1,7,3,1,5,0,0,6,11,6,2.0016793536415762,1.5821407734125787,1.2895904941902736,1.4075818287466404,5.595606511419954,3.7029102191951915,3.9560028064565533,5.903507856624828,14.712913611055694,12.512796976059368,11.893933678300879,12.589226645439002,3.72762078750849,4.0718305774320855,2.2158826200349857,1.3262119392520613,3.7,1
2026-01-18,Wolves,Newcastle,S Barrott,0,0,D,0,0,D,6,12,2,2,4,7,2,2,0,0,14,8,4,1.1669246376679978,1.8280563954136173,1.3073183122805687,1.301685906965603,3.4993727465584237,5.6115751672873015,5.701723746868516,4.7039079828164265,10.009129169081636,11.387561388113323,12.649228732203706,11.258526954954661,3.604687097769306,3.3240760398054725,1.3346503373529213,1.5492680646053774,3.95,1
2026-01-18,Aston Villa,Everton,T Harrington,0,1,A,0,0,D,18,9,5,3,6,4,1,2,0,0,15,13,3,2.0869241190068024,0.7662699297880867,0.9071104800148789,0.7105959976489853,5.160387019597705,4.524635136608571,3.720441734637361,6.202903047524084,13.029321822551388,11.885128186558262,10.282628511511373,16.505467952720075,3.539733741130956,2.617355514875631,2.29889600164396,0.9550775297342543,3.69,1
2026-01-19,Brighton,Bournemouth,P Tierney,1,1,D,0,1,A,17,11,5,2,11,6,2,3,0,0,7,6,5,1.693148766790794,1.0230439534162181,1.8355785641074753,2.8596285332973297,4.996028232531814,4.80609419132912,6.134449912365169,6.188310562953234,15.484583948240633,10.919294984471481,14.862974919586849,16.16257760956092,3.7295903624755664,4.681867530079864,1.5430254877078386,1.9043716307012397,3.83,1
2026-01-24,Bournemouth,Liverpool,M Salisbury,3,2,H,2,1,H,12,14,5,4,3,11,1,1,0,0,7,7,2,1.5462465828822134,1.3107592030043784,1.5030194400196084,1.4868997739794432,5.0884200469678165,4.098151269492812,4.586098154164875,3.9942013739196223,13.739817478685671,10.338947018316988,11.781499464582739,11.257014693200215,4.2648220951922555,4.188044731422627,1.8334118391870058,1.3049436492999413,3.97,1
2026-01-24,Man City,Wolves,F Hallam,2,0,H,2,0,H,11,11,4,1,4,6,1,3,0,0,16,14,4,2.226327751441838,0.7425188103726946,0.7318926155673227,1.5900744768808608,6.941564389106527,2.6173631757872595,3.8954146186591374,6.35480286283125,16.999407394644933,7.61233507872628,9.1927089527417,14.393635081577433,4.440490408258186,3.571865306765205,1.8712122238515103,0.8303643175231837,3.0,1
2026-01-24,Fulham,Brighton,M Oliver,2,1,H,0,1,A,12,13,4,5,6,6,1,1,0,0,10,6,2,1.729319341738954,1.3895658660882242,1.3042523346482617,1.5208929610416284,4.271745921652455,6.252379207354603,4.035602199646572,4.865571523819279,13.049515307405867,10.967325297693128,11.804712500477663,15.621000285099983,3.9802001844339605,5.4827421735866775,1.8171835737856785,1.213464247789044,3.43,1
2026-01-24,West Ham,Sunderland,T Bramall,3,1,H,3,0,H,13,7,5,2,3,3,2,4,0,0,9,16,6,1.2237299765781577,1.9728184040161238,0.42228110531012525,1.4986142665446618,5.615150601682741,4.973608917720314,3.892470156700465,5.394859536872497,11.12130850012385,13.389459713508309,9.765588685629039,17.252670716731725,3.9631751642827604,3.565892162205163,1.225752450255936,0.3638056185357998,4.06,1
2026-01-24,Burnley,Tottenham,P Bankes,2,2,D,1,1,D,9,18,4,11,1,3,1,0,0,0,8,9,1,0.9975025976510589,1.7319637967050374,1.3026452942755777,1.622181050357998,3.748886593223879,5.420535670474253,4.3768994471819855,4.376226602887794,11.170176919688094,16.811880948820694,9.540027589995265,13.007318579846343,2.504687973220265,4.092214902037808,1.1616938068996505,1.1899170072099121,4.09,1
2026-01-25,Brentford,Nott'm Forest,S Barrott,0,2,A,0,1,A,10,7,1,2,6,5,1,0,0,0,11,10,1,2.1484728856638085,0.8384194766778761,1.054179333950752,1.5751342152892929,4.074170293980612,4.9742498917031615,4.662267794521457,5.002319794739999,12.343187846171066,12.956202534648872,10.740784185287087,12.894367077892108,3.1990680045893636,4.580281311380402,2.1967338624087906,1.1259499313525299,3.95,1
2026-01-25,Crystal Palace,Chelsea,D England,1,3,A,0,1,A,13,10,7,6,4,5,2,2,1,0,11,10,5,0.7674400768323779,1.0592338536698824,1.2924480840851351,1.289674144760384,3.8834631217597377,4.177784847243014,4.998970047294937,4.689397780884987,13.016466953131058,11.66601122257817,12.397171741327357,12.351703498494862,3.9906650536179464,5.470892622789248,0.46111330042448756,1.1611271261402503,4.1,1
2026-01-25,Newcastle,Aston Villa,J Gillett,0,2,A,0,1,A,15,14,4,8,6,5,1,2,0,0,7,12,3,2.3310074117903965,1.4128846745558135,1.4033699304868412,1.58460023638059,7.567594147670664,5.538163034905866,4.633394968346218,4.381481417986935,14.889290304635486,11.65499015899437,11.473677217909731,14.431342378742313,4.837176060108746,4.422421728775674,2.644454686638619,1.2293562276503887,3.81,1
2026-01-25,Arsenal,Man United,C Pawson,2,3,A,1,1,D,15,10,4,3,9,2,2,0,0,0,11,9,2,2.025197716730046,0.5822771743267013,1.71933740910518,1.6434014309979403,5.219155780094387,2.3879164352822446,5.04893139295295,4.575878316029948,16.175976964381217,7.038320777721478,17.7448355781635,11.075788913895991,3.5568443131610534,3.039843297681834,1.8411229879044144,1.781166574161493,3.87,1
2026-01-26,Everton,Leeds,S Hooper,1,1,D,0,1,A,10,14,3,4,4,4,0,3,0,0,9,13,3,1.3329560837493586,1.5990116682920374,1.2310102601091584,2.1036569320997733,4.387990127414837,5.10456098899561,4.146257615322824,5.3045142621499775,11.610527632830445,11.07889116304527,11.226058353722692,14.011105923855732,4.214946120571633,2.752256741123279,1.309246467371193,1.474113147703707,3.87,1
2026-01-31,Liverpool,Newcastle,S Hooper,4,1,H,2,1,H,17,8,7,2,7,11,1,3,0,0,11,7,4,1.3099206961385987,0.8718251392799834,1.0696240735466658,1.0650157419259223,6.549964482751093,3.1971555058483823,5.937773974847089,4.57592471313944,20.151719064838424,9.085837105139564,12.531187144462052,10.302431144410084,2.6331623626141676,3.4469713053664455,1.0533662270323332,1.032845376403585,3.87,1
2026-01-31,Chelsea,West Ham,A Taylor,3,2,H,0,2,A,14,11,6,6,9,3,3,2,0,1,11,13,6,1.7051772449014777,0.9566527215350121,1.0312047247167324,1.765136738852231,6.583759331293289,4.9011169540382635,4.366319437092643,7.379678756557745,13.873604562976896,11.615127264220016,10.520597408679276,17.379556498271565,4.39728355356671,3.9097355420487885,1.7725771837951523,1.0101488541436356,3.72,1
2026-01-31,Wolves,Bournemouth,M Oliver,0,2,A,0,1,A,17,9,7,4,5,6,3,3,0,0,11,15,6,0.9547565216056854,1.495682505146234,1.6836550087568982,2.521513853785793,3.590395883600431,5.8640160461083,6.110004444780792,7.063164224738812,9.280196592463502,11.498913863066194,14.16061501086825,16.31483640646002,3.676562170943718,4.73970986589224,0.8897668915686142,1.6029144204671733,3.43,1
2026-01-31,Leeds,Arsenal,S Attwell,0,4,A,0,2,A,3,14,1,8,4,12,1,1,0,0,10,7,2,1.819555618946388,1.2944784736757535,1.345837425611214,0.8738859706630907,5.850951084702756,3.575108209690013,5.727848305565965,3.7483138721851503,14.5832928008748,11.69228746249783,13.821192916919621,9.31895751222565,4.140781133998721,3.279713874491686,1.8105884133562273,1.2005771482172147,3.99,1
2026-01-31,Brighton,Everton,C Kavanagh,1,1,D,0,0,D,11,7,2,4,5,2,1,2,0,0,13,14,3,1.5671217182105075,1.018854143701756,0.9239994836583026,0.5813967252744662,6.087659463611762,5.023167974849339,3.77127051018723,6.166011584316556,15.760114139628921,10.933968623666969,10.049423327465373,16.777201052382633,3.9605739330681105,2.686927239483925,1.3620169918052258,0.9700516864895029,3.7,1
2026-02-01,Aston Villa,Brentford,T Robinson,0,1,A,0,1,A,27,6,5,2,12,1,0,3,0,0,8,8,3,1.7074833698770804,0.8087663062148244,1.2482780260511834,1.591459638381374,5.313043925213662,4.429246929897313,6.196380562600497,4.594940905731803,13.933081491700966,11.360559425062544,10.087451481123049,11.583284462187871,3.441600333595859,4.225961161077495,1.5325973344293067,1.3108199413122583,4.27,1
2026-02-01,Man United,Fulham,J Brooks,3,2,H,1,0,H,13,14,6,6,3,7,2,1,0,0,6,9,3,1.696163936056739,1.0568108868457928,1.0551194891086302,1.333476039761863,4.456818347120912,5.16936564992415,3.782184109823336,6.1028700697301055,15.892293442940044,10.228731514041925,11.185945718257994,12.845730898437562,4.045039673703558,4.422406845258146,1.7170191154549677,0.8841412928347073,4.49,1
2026-02-01,Nott'm Forest,Crystal Palace,M Salisbury,1,1,D,1,1,D,9,14,1,3,5,7,1,3,0,0,4,12,4,0.9212745815235911,1.2788772957341128,1.084759218901296,1.5968506044558344,5.85304538234394,4.742174059424071,4.372591268610777,5.515925854749041,13.17092850024746,13.001687316802522,9.388871173646585,12.947920665739579,2.688139426584442,3.5591534370073594,0.6608060163607098,0.9205074211964224,3.97,1
2026-02-01,Tottenham,Man City,R Jones,2,2,D,0,2,A,12,15,6,3,3,4,3,3,0,0,15,12,6,1.1620511493351344,1.4995605082540915,1.3711512308705118,1.1648850156794748,6.066576126194629,5.219466501817257,4.785660733295986,3.680093980784814,13.692766590604428,11.008463619733126,12.126301024897892,10.37312552601599,5.867280487142392,3.2153612591525373,1.1166629925771023,1.0440913797114997,3.98,1
2026-02-02,Sunderland,Burnley,P Tierney,3,0,H,2,0,H,14,5,5,0,1,2,1,4,0,0,12,10,5,1.43376846159415,0.8098103989691119,1.0749042137534754,1.9757827225512428,3.4390182865315193,4.672627992418979,3.76971244237152,6.735987300849494,10.223317796394202,11.832385972884282,7.795569278444147,19.543471972533126,4.6012939922741225,3.394243744216664,1.3302531710632273,0.8881478981582561,3.83,1
2026-02-06,Leeds,Nott'm Forest,P Bankes,3,1,H,2,0,H,14,16,5,6,5,10,1,1,0,0,9,12,2,1.4887270037876366,1.7863919554710106,1.2261468945350158,1.2887458984347273,5.514414197507529,5.106908202407197,4.723673709608391,5.183716371596818,12.477237522108046,12.111871967097043,10.060640946608354,12.368118007971075,3.7515478231044495,3.929320441710148,1.2070589422370581,1.4172999542352258,4.09,1
2026-02-07,Man United,Tottenham,M Oliver,2,0,H,1,0,H,23,7,10,1,7,0,1,2,0,1,12,11,4,1.9332250387040253,1.2282998165913215,1.4294370590127277,1.6908754048708599,4.191942283882712,5.50220825918631,4.126554093030465,3.762367220254156,15.366421907611258,10.914416693631411,11.078204392541984,12.278715201347778,3.855032460213023,3.529994010492233,2.1446794103033118,1.4599446714732747,3.43,1
2026-02-07,Arsenal,Sunderland,S Barrott,3,0,H,1,0,H,16,5,5,3,5,2,1,2,0,0,11,8,3,2.020616313686052,1.0218631428388951,0.537708283126246,1.7985883882482034,5.906582002220612,2.3173861742884703,3.7141562527933663,4.916370984484738,15.96216297075621,7.576807909299591,9.213029127829364,16.402994890779887,3.2737817106342244,4.052222453284844,1.8940819919362764,0.5775175644028103,3.95,1
2026-02-07,Bournemouth,Aston Villa,A Taylor,1,1,D,0,1,A,20,7,9,4,11,4,1,1,0,0,4,11,2,1.8105656423050136,1.4360758330687073,1.5118481249950977,1.2964911023569123,4.708706942947282,5.353034073718955,4.700050428678439,4.675757523946707,13.423486721269274,11.004593660464888,11.933008633052534,14.534734673565351,3.853035860393202,4.1637995961486585,2.222274559458279,1.4862374851002589,3.72,1
2026-02-07,Burnley,West Ham,D England,0,2,A,0,2,A,18,6,5,4,5,2,3,1,0,0,11,10,4,1.179775029373366,1.7806976991068935,1.207349320306111,1.9896573318944044,3.2490885461648356,4.980437849079242,4.1178977211400944,7.674282619141162,10.77559891530391,17.02790280396628,10.60776151623337,16.76509168011332,2.231108076434952,4.289783625492437,1.4411292045999646,1.3400992360957573,4.1,1
2026-02-07,Fulham,Everton,S Attwell,1,2,A,1,0,H,13,16,3,3,6,6,1,5,0,0,11,12,6,1.7785340079314194,1.318735707100578,0.9378177593633301,0.6575064116242053,4.585973942627686,6.206492077761853,3.449221326364471,5.95400947797689,12.858694338335926,11.336902524210085,9.494982722209377,15.726800860543417,3.6201637795527897,2.7438495596046852,1.8781223825237856,0.9800344576596686,3.99,1
2026-02-07,Wolves,Chelsea,J Gillett,1,3,A,0,3,A,11,15,3,6,3,4,1,1,0,0,9,10,2,0.7811644266861657,1.5873765951630243,1.602912068943802,1.237006118415398,3.846687541248871,5.888740401373033,4.999157311423218,4.564052729755692,10.683797212679604,11.044565887748309,11.9613223336071,12.469575589733376,4.099005412790162,5.385275782241608,0.5931779277124095,1.774084750760167,3.81,1
2026-02-07,Newcastle,Brentford,A Madley,2,3,A,1,2,A,16,11,4,5,9,3,2,2,0,0,14,18,4,1.9071878821734618,1.5196329155961654,1.2031365658022979,1.3021033342963377,7.282577029777526,5.440315210331237,5.25158407643722,5.94131531534486,14.909419340165828,12.08135558483346,9.344278468637736,14.386323710917257,4.50314404902186,4.003059127016501,1.7629697910924127,1.2072132942081721,3.43,1
2026-02-08,Liverpool,Man City,C Pawson,1,2,A,0,0,D,15,17,4,7,5,4,2,4,1,0,13,16,7,1.7990260243447833,0.8951296594219204,1.4854873707663268,1.3167241038095836,6.631789122289605,4.615854505456193,4.642813327174592,3.556440529674532,19.57867923459671,8.888412176838974,12.648791747890908,10.668920885062107,2.881678296801886,3.7216592122734116,2.035577484688222,1.362727586474333,3.87,1
2026-02-08,Brighton,Crystal Palace,T Bramall,0,1,A,0,0,D,7,7,2,4,3,4,1,3,0,0,12,9,4,1.4640086784870894,1.0154261175725423,1.0693484518210425,1.4883323126852543,5.889903197406977,4.473501070071243,4.850301947271174,5.422121153841202,14.894638841105136,10.218701600843689,10.22725823338019,12.230116907992805,3.785924126973104,3.6393073575893946,1.241344661203484,0.9470049474642815,4.06,1
2026-02-10,Chelsea,Leeds,R Jones,2,2,D,1,0,H,19,4,4,2,4,1,4,4,0,0,9,13,8,1.9405995641216727,1.1463522268002069,1.1890083539054725,1.902991840769206,7.023075816720521,4.555459325867784,4.119665295841164,5.067329620851781,13.896585551537422,11.503285943399831,11.730411869390709,13.28181323050424,4.688686543965163,2.7973010136894345,2.1817181225301017,1.3160754318023595,3.98,1
2026-02-10,Everton,Bournemouth,A Madley,1,2,A,1,0,H,16,11,6,4,7,2,1,3,1,0,14,15,5,1.272418613948109,1.49010045582378,1.741172335666621,2.0630563448943655,4.317446467851494,4.903731718174128,6.090003617244006,6.688043092849118,11.317704426722745,11.610001860924658,13.222320462663339,16.439411726086295,3.994046825817743,4.968853748840174,1.2061643115807954,1.7352762803115422,3.43,1
2026-02-10,Tottenham,Newcastle,A Taylor,1,2,A,0,1,A,16,21,2,5,2,12,3,2,0,0,15,11,5,1.3144054858917307,1.5905495067963926,1.056965151077647,1.5986492436463862,5.50901683025911,4.997745319563774,6.858178707128494,5.016665674595318,13.384990846712567,11.734197507397703,11.707334935988296,11.520170936911608,5.891411307673373,3.5475219771655686,1.4111086617180681,1.02189691760239,3.72,1
2026-02-10,West Ham,Man United,S Hooper,1,1,D,0,0,D,7,9,3,3,5,3,1,1,0,0,10,4,2,1.54668816280764,1.7959423304749709,1.9521851530143932,1.708237534483533,5.139668673879122,4.6147709325105,4.494580230335617,5.380264077132312,11.4628887729902,12.227739765048126,16.336683654194882,11.789281838979711,4.333506952770181,2.8507808798320595,1.817168300170624,2.187444382774329,3.87,1
2026-02-11,Sunderland,Liverpool,C Kavanagh,0,1,A,0,0,D,11,23,2,3,3,11,1,0,0,0,8,10,1,1.7466986564458107,0.6480117633725918,1.593379541876972,1.7620089061133284,2.9517068967813684,4.138641810985724,5.752262126686583,3.813437487666903,10.977891988579135,10.46728776015604,12.184863198485791,11.392102930864082,4.6809547229047785,3.7902184164303105,1.8911585394760546,1.5366290995332943,3.7,1
2026-02-11,Man City,Fulham,P Tierney,3,0,H,3,0,H,13,14,5,3,4,4,3,1,0,0,8,10,4,2.1851772511602183,0.607515390241065,1.2269159493139181,1.6364804026586286,6.406734499925052,3.2323880532078024,4.367241556931834,5.538711863150426,15.908606049648004,8.228274155612889,11.697591962260574,12.873779826595129,4.360401243082446,4.163787413308391,1.9141414825676737,1.2560941952231384,3.83,1
2026-02-11,Nott'm Forest,Wolves,T Robinson,0,0,D,0,0,D,35,7,10,3,8,2,0,2,0,0,12,13,2,0.935588307853883,1.2281722837046605,0.5988212308557656,1.6646063902105093,5.697946071517801,5.152688264877578,4.278066506356682,5.926656887568478,12.412577128464692,13.183198889759485,9.521307325125935,13.776610520998727,2.926659762135241,3.6497079782992663,0.7738706775738865,0.5535762116821225,4.27,1
2026-02-11,Aston Villa,Brighton,P Bankes,1,0,H,0,0,D,15,9,1,3,7,5,2,3,0,0,9,15,5,1.3970318479343804,0.8435360687376687,1.2489337283224078,1.6080033318025424,6.528854121204531,3.8057474878028383,4.392765436243433,5.071831246858805,16.30888485797018,10.385912256408272,12.022037500493626,14.962636596588531,3.3613093638131737,4.849516323544081,1.0217315562862044,1.1423094985260294,4.09,1
2026-02-11,Crystal Palace,Burnley,F Hallam,2,3,A,2,3,A,21,8,3,3,8,2,2,1,0,0,11,8,3,0.8097236992464943,1.4121004258968366,0.8794668944643383,2.1620042263029355,3.904651645086173,4.32727851145137,3.447946231741477,5.693079507568054,13.013472961651267,11.36310009105702,7.287283462205365,18.535567000160572,4.1741804985015,3.686199710196375,0.6407422002829918,0.5920985987719614,3.0,1
2026-02-12,Brentford,Arsenal,J Brooks,1,1,D,0,0,D,12,7,3,2,6,4,3,2,0,0,12,11,5,1.7578414435400997,1.0496159399871814,1.8284124393647427,0.7149976122855443,4.424321157120128,4.97893172967559,6.868239523275282,3.7940749863549534,11.917153683196863,11.873256596063332,13.853703295676887,8.170056145822922,2.7992374497367067,3.0470386244740335,1.4644892416058604,2.1337180988114763,4.49,1
2026-02-18,Wolves,Arsenal,P Tierney,2,2,D,0,1,A,5,10,2,4,1,3,2,1,0,0,6,8,3,0.8209527127586271,1.8442172143237061,1.6777919957855807,0.7668162282536841,3.692744351871309,5.545333055535925,6.346741427932469,4.195152261718386,10.741288628578292,11.76373572661789,12.607575423253305,8.866409574124651,3.717368064862415,3.4021225110707394,0.7287852851416062,1.7558120658743175,3.83,1
2026-02-21,West Ham,Bournemouth,S Barrott,0,0,D,0,0,D,20,10,3,5,9,5,1,1,0,0,10,11,2,1.4472903149859595,1.651225543059871,1.788231948336673,1.8697732197461463,5.114274369527634,4.321176217394951,5.346366005930942,6.744762575513687,10.651454450314269,11.640877989357678,12.818261876147785,16.359518621593164,3.9092329611932,4.9745167080894515,1.544778866780416,1.8235175202077365,3.95,1
2026-02-21,Aston Villa,Leeds,M Oliver,1,1,D,0,1,A,16,14,4,4,7,2,1,4,0,0,11,16,5,1.3248442391910975,0.6901658743623651,1.3364614974562268,1.9206297018958116,6.6145170082914095,4.0228843082863674,3.5524529738484465,4.873269535822144,16.070905792792583,10.133928209691053,10.324881323456008,14.32148437709729,3.6592531159624655,3.7432470344335225,1.014487704190803,1.5440502878683473,3.43,1
2026-02-21,Brentford,Brighton,J Gillett,0,2,A,0,2,A,13,11,3,7,6,4,1,2,0,0,9,14,3,1.6200520877545455,1.0405948598314263,1.0218548685395308,1.497457271432019,4.710808224482335,4.800944139342784,4.503171720605543,5.422407383929262,11.932216650152306,10.987209926706512,11.472576136554837,14.969429942665974,3.199376102251172,4.876876992001202,1.3096594944039068,0.7615396656840195,3.81,1
2026-02-21,Chelsea,Burnley,L Smith,1,1,D,1,0,H,12,12,2,4,9,5,2,2,1,0,13,11,5,1.9513996433764578,1.3015609128966084,1.26501867409171,2.1325488890600517,6.473425668013133,3.9090121754597895,3.1846830716449253,6.112519929881721,14.82447908798068,10.13905213498091,7.416868390070552,18.98364608290637,5.290743536204531,3.561436027537826,2.121145415020068,1.394732399181686,4.4,1
2026-02-21,Man City,Newcastle,T Bramall,2,1,H,2,1,H,15,13,7,7,5,5,2,5,0,0,12,13,7,2.3333268419157034,0.4970580465181175,1.2284260327662593,1.4898039265776408,5.9691464088602135,3.3719538617694957,7.79305530619426,4.46818100627478,15.379768585870945,9.277678854998548,13.396910402826213,12.334685312333855,4.2948737443148195,3.8116088905104104,2.2760943217117826,1.3479312784015933,4.06,1
2026-02-22,Tottenham,Arsenal,P Bankes,1,4,A,1,1,D,6,20,5,7,2,5,2,1,0,0,17,11,3,1.2572408520711078,1.6649950510440454,1.736375269297664,0.9910314595512932,4.871013769965052,6.270882534681326,5.7382429862974975,3.614215486676522,13.860447056585222,13.418888870341108,12.133470800693472,8.16342601497027,5.729336524397299,3.3290093272165415,1.2740724411453788,1.8372080439162115,4.09,1
2026-02-22,Sunderland,Fulham,C Pawson,1,3,A,0,0,D,12,12,2,4,6,4,1,1,0,0,6,13,2,1.4038754193824678,0.7170962309443282,1.0038403182567455,1.884393061065129,2.9611853479796615,5.485315443743467,4.300470363592308,5.25894606494772,10.982231111422314,12.92707380475587,12.116211612821836,12.896728949434541,3.9584964963910134,4.134007883094099,1.2575165607380476,0.8373961301487589,3.87,1
2026-02-22,Nott'm Forest,Liverpool,A Taylor,0,1,A,0,0,D,18,10,2,4,7,2,2,0,0,0,13,9,2,0.7654812078279648,1.0048680549542541,1.4854923524030363,1.4416436503323582,6.116501663320406,4.579471761932753,6.706396285840151,3.665539762579311,16.519384545232928,12.058980017857195,14.151251708613126,11.320811488861201,2.7581760353461378,3.2829059768829834,0.515913785049136,1.3577527330221961,3.72,1
2026-02-22,Crystal Palace,Wolves,T Kirk,1,0,H,0,0,D,14,12,3,7,7,3,5,1,0,1,19,13,7,1.0261375721945336,1.7008094394818876,0.48994464338530247,1.3619506827823609,4.649260437176897,3.9041369637509753,3.8638725959496933,6.303628362701939,14.465568787367635,10.751627346991793,9.062887811289237,17.635408609583465,3.960693135054958,3.349761073037847,1.0938281335219946,0.36905080778808164,3.6,1
2026-02-23,Everton,Man United,D England,0,1,A,0,0,D,12,11,4,3,10,1,2,3,0,0,12,7,5,1.222887956847463,1.5828094638917043,1.7790605796720391,1.579467073618503,4.805183473885461,4.375780496483572,4.2228383701694145,5.311125153990584,12.169030894920853,11.499092431622701,15.002741171097675,10.918503322464536,4.176947403012584,2.6960934470754476,1.137442874387197,1.7916295885162192,4.1,1
2026-02-27,Wolves,Aston Villa,C Pawson,2,0,H,0,0,D,9,14,2,5,0,5,3,3,0,0,13,19,6,1.0353249468704022,1.8725413571829113,1.4187848295054222,1.2425836291802446,3.203154469557842,5.082545227110106,4.57276853250582,5.825619792765102,9.697417968506205,11.443056503494901,11.036097972150367,15.52841927875627,3.5869375075733974,3.770381487605716,1.1525235234277373,1.3241583234001726,3.87,1
2026-02-28,Bournemouth,Sunderland,J Gillett,1,1,D,0,1,A,21,8,5,4,7,3,4,2,0,0,15,12,6,1.6631899540501687,1.3567892550599863,0.43217268112824275,2.034388545456956,5.852579315404902,5.107027683317877,3.377720088921374,4.932784788723701,14.619217356994088,10.27648514452323,8.386141056372589,16.32389938540046,3.5161199821063294,3.845703540469138,1.8148497063053273,0.3840174613572272,3.81,1
2026-02-28,Burnley,Brentford,S Barrott,3,4,A,1,3,A,12,16,3,7,4,8,2,2,0,0,9,9,4,0.9652703083919248,1.8205708763588733,1.529839014108847,1.4289936393751805,3.5674363358002963,4.4385396283999645,4.84220514627466,6.497439813209528,12.089127427391386,15.022827976071605,9.645318752342682,14.67971940498287,2.552725044978676,4.002502922094663,0.9607528030664166,1.804808862805448,3.95,1
2026-02-28,Liverpool,West Ham,T Robinson,5,2,H,3,0,H,18,11,7,4,10,5,2,2,0,0,12,11,4,1.653748565316773,1.0960151759684174,1.3514676257607827,1.6279014532281268,6.335100190849385,4.503880958966271,3.732825408056484,7.188049415472748,18.746192100711447,10.363246327075469,9.769986694775758,16.989620465634168,3.6304640613095516,4.237095693564328,1.690384989792148,1.5600661573971717,4.27,1
2026-02-28,Newcastle,Everton,S Attwell,2,3,A,1,2,A,17,9,7,5,7,2,2,3,0,0,15,7,5,1.9240628126939097,1.7887905674101343,1.130941803190203,0.7197779731711801,7.594835751757022,4.99662153555382,3.912999267204987,5.962371391075237,15.1077067329397,11.884745478424003,10.677713136810917,15.23101888570726,4.411663312800658,3.335876912632985,1.8419798607282754,1.3200229717731125,3.99,1
2026-02-28,Leeds,Man City,P Bankes,0,1,A,0,1,A,14,14,2,5,5,3,0,3,0,0,10,8,3,1.7635041301957994,1.6434114864912972,1.5790351215722944,1.2591379030946426,5.420884269209374,5.996561962358965,4.525938176733973,3.8189058880171167,12.75410364684262,12.818804897590544,13.439920521307867,11.456389815355614,3.4330843298736844,4.317721173908959,1.8047059614916539,1.5751517243162219,4.09,1
2026-03-01,Arsenal,Chelsea,D England,2,1,H,1,1,D,12,9,5,3,5,10,1,3,0,1,11,14,5,2.198686074902967,0.8360698440690004,1.8569280565068853,1.1939140968686464,5.741748910843973,2.259679597122776,4.8174923456395895,4.279679506053678,15.969042430621382,7.108297380154686,12.51380918225602,12.202380027860249,3.224003217772371,4.769771094323077,2.2627213279575176,2.1827231671734446,4.1,1
2026-03-01,Man United,Crystal Palace,C Kavanagh,2,1,H,0,1,A,20,8,11,3,7,1,2,2,0,1,13,12,5,1.945365940762538,1.0049725771246396,1.0567396423941544,1.2177264375468302,4.702498232465291,4.501806757128854,4.69570159316203,4.981735489335981,16.754345197673697,10.202704567241133,9.64048400890213,11.279186560716953,3.8813901947299483,3.70488783805307,2.096452940202208,0.9646699649761876,3.7,1
2026-03-01,Brighton,Nott'm Forest,A Madley,2,1,H,2,1,H,14,13,7,4,4,4,3,1,0,0,12,13,4,1.197825282295498,1.0126213689219035,1.1850292447244255,1.5998832546640542,5.364466252220513,4.387409966388603,5.68300652353364,5.150313368441182,13.459249960348618,9.633483127736502,11.14052526763273,12.664824060107751,3.82484701299306,3.5785346285431747,0.8275631074689893,1.278199969490085,3.43,1
2026-03-01,Fulham,Tottenham,T Bramall,2,1,H,2,0,H,18,13,4,1,5,8,3,3,0,0,11,14,6,1.6369823676451494,1.4426019443438378,1.1695394118189077,1.7470798767342763,4.843069593928008,6.168948062965411,3.3762715303708832,4.35102772589034,12.88438627727053,12.184738443756677,10.336712684520075,14.22803971094815,4.052861281762166,3.615449644981268,1.5854149216825235,0.9732964476488498,4.06,1
2026-03-03,Bournemouth,Brentford,C Pawson,0,0,D,0,0,D,13,5,2,2,4,3,2,1,0,0,9,10,3,1.5426098841314895,1.291918439302557,1.9789591998012042,1.7146311635842135,6.061201393483228,4.723931492213869,5.416349673365814,6.0433598406609,15.77936040881623,9.862578485927072,10.80071535939174,14.19249768800027,3.967734823974956,4.002047845343653,1.5432331375367994,2.5365392418702988,3.87,1
2026-03-03,Everton,Burnley,T Robinson,2,0,H,1,0,H,14,5,5,2,6,3,0,1,0,0,10,12,1,1.0005446918956928,1.4768441067869273,1.2168334293415812,1.9266307755615277,5.749695569841766,3.762002224201274,3.5147409092355386,6.637516647062567,12.138298004925511,11.408348353117109,8.250165587346848,17.713891425403734,4.32659332978496,3.8229932832269853,0.7582952495914647,1.2631549327877494,4.27,1
2026-03-03,Leeds,Sunderland,S Attwell,0,1,A,0,0,D,18,3,4,1,9,2,1,3,0,0,15,19,4,1.442866807476639,1.5264275039176816,0.5420321371123299,1.8342619240293998,5.344359806950859,5.451732160987207,3.304641316371977,5.33273584948648,12.98063040355489,13.033567782894082,8.311433051004862,17.228600255847276,3.3543416733271973,4.262502502418972,1.2031373076609135,0.590050738631536,3.99,1
2026-03-03,Wolves,Liverpool,T Bramall,2,1,H,0,0,D,4,19,3,7,2,11,2,1,0,0,10,13,3,1.21072041112123,1.5320792921523474,1.39722101557453,1.179526622916193,2.62076274766915,5.067537003995289,5.850687869961859,4.27180526048416,9.570614701472222,11.907955321161742,13.39647867044444,12.535209400361932,4.025676142673733,3.049650344648572,1.435015682285158,1.2385018220147974,4.06,1
2026-03-04,Newcastle,Man United,P Bankes,2,1,H,1,1,D,12,14,5,5,2,4,2,3,1,0,15,16,6,1.9378695740266623,2.0090104643143962,1.6374132015049923,1.2922912419605574,7.486683796857858,4.451781256189673,3.6368677572257697,6.163647853535007,15.45176005433235,11.360246300362627,14.27497004884944,11.115139082078711,4.518633619598051,3.1149855477398427,1.894653240485517,1.5277530590108128,4.09,1
2026-03-04,Man City,Nott'm Forest,D England,2,2,D,1,0,H,21,9,7,4,6,1,0,4,0,0,10,6,4,2.272721961548201,0.5885020380892372,1.1513875420273068,1.6726318010399437,5.792937970829826,3.667962250632421,5.377005138799263,4.9411653475039765,15.31071975205436,9.954464517940416,11.478611802073663,12.907583479490881,4.786714881867885,3.655164745824357,2.1840628811411884,1.185466646326694,4.1,1
2026-03-04,Brighton,Arsenal,C Kavanagh,0,1,A,0,1,A,11,7,3,2,4,3,4,1,0,0,14,12,5,1.3436752310152327,1.0103265745717396,2.147943402259275,0.9926621032696625,5.116381479010945,4.316971790659277,5.604016988754083,3.3207217617501983,13.55756814940728,10.245577104705527,13.563748837301619,7.770075830328301,3.856693010640771,3.269189449525307,1.2183754049793263,2.558138695944141,3.7,1
2026-03-04,Aston Villa,Chelsea,J Gillett,1,4,A,1,2,A,9,15,4,8,3,8,3,2,0,0,10,9,5,1.2657816502285573,0.7464993517688662,1.7011229552744738,1.3404751702116702,6.684604824987895,3.655087161208733,5.759766464912616,4.410646868630848,16.058013830462578,10.836850353606197,11.874934785279875,12.165583659146733,3.903025276773762,4.811630895368501,1.0096584694605353,1.788482111448963,3.81,1
2026-03-04,Fulham,West Ham,M Donohue,0,1,A,0,0,D,13,9,5,3,7,5,2,4,0,0,14,12,6,1.702985574474194,1.3621288624002377,1.4693826029325283,2.2410102801080862,4.871602395441106,6.5018666017450375,3.9632207884828143,7.699313158275977,13.814497876557148,12.33296781974439,9.993625477614625,17.173325835577042,4.406886508335916,4.19398738562989,1.7236099477883489,1.7067107715981145,5.6,1
2026-03-05,Tottenham,Crystal Palace,A Madley,1,3,A,1,3,A,12,9,4,4,6,3,3,2,0,0,14,14,5,1.2104697880433672,2.0895414055341224,1.0464233437737684,1.3599579944015405,4.349011266169731,6.039812982847908,4.023755848737955,5.348692673209286,12.431274864026216,14.615454530658027,9.342214189007285,12.864789004725102,5.233093519804272,3.9403627766634473,1.1827149607635858,0.9764466433174585,3.43,1
2026-03-14,Burnley,Bournemouth,P Bankes,0,0,D,0,0,D,15,22,2,3,5,8,1,0,0,0,11,5,1,1.3352214015611592,2.2168309742486745,1.4630986557643002,1.5298142318390273,3.6460843257991535,5.086078298124222,5.283390327609,7.154806009777183,12.072922430073662,15.200495732116881,12.30585029331289,17.021424756426953,2.8158661167067063,4.433695137368594,1.640501868711158,1.2156783468049668,4.09,1
2026-03-14,Sunderland,Brighton,T Kirk,0,1,A,0,0,D,14,12,4,4,7,3,1,2,0,0,7,12,3,1.3257362873187573,1.158777280441562,1.199699437952301,1.2251923129036106,3.5491150114744627,5.1979464828089315,4.411685953193745,5.527424223248109,11.179142272087914,12.74770972616602,11.386653202608565,14.61135177115876,3.5795796100605575,4.535626629711095,1.1713826565560042,1.1743597771226797,3.6,1
2026-03-14,Arsenal,Everton,A Madley,2,0,H,0,0,D,25,9,7,3,8,3,0,0,0,0,11,12,0,2.162561334000078,0.8658753269749848,1.4707705663541495,0.9525456144864983,5.606885472465995,3.6670105799097743,3.565181218512113,6.151031138212214,15.247398352098049,7.452243311144575,10.372674384566876,15.552651815680525,3.546911723734201,3.6384447467955345,2.1751475519716785,1.8800153145154084,3.43,1
2026-03-14,Chelsea,Newcastle,P Tierney,0,1,A,0,1,A,22,7,3,5,8,1,2,2,0,0,9,10,4,1.7784178899805023,1.246731655988952,1.186894026795605,1.5825668490474465,6.932802819428952,4.107373598166283,7.285227068543572,4.564875368800896,14.310937435457923,10.477406292364261,13.324744875016775,12.819287982972078,5.237881075059694,4.39131636514665,1.7474302766800454,1.2319541856010623,3.83,1
2026-03-14,West Ham,Man City,M Oliver,1,1,D,1,1,D,1,24,1,6,1,15,2,2,0,0,14,5,4,1.1841466212688143,1.3510027169539085,1.4737560085258097,1.030203738823116,5.820769938928167,4.444598723362229,4.248494871785388,4.033650272082012,12.351190005340872,11.34253653665271,13.541753153829594,11.918864394528326,3.5620996954117765,4.078135505849638,1.0298525778536107,1.3834344828774814,3.43,1
2026-03-15,Crystal Palace,Leeds,T Bramall,0,0,D,0,0,D,12,10,0,3,8,3,2,1,0,1,12,11,4,1.021385286339477,1.391571359478158,1.2752866400259433,1.7532423747117027,5.076667630552816,3.739748424835102,3.270188613556363,5.259948053044303,14.380919916910347,10.978604193065166,10.993085152948268,14.626669233914185,4.513294383401786,3.9717477219560746,1.0625520890146631,1.3627001919121746,4.06,1
2026-03-15,Man United,Aston Villa,A Taylor,3,1,H,0,0,D,16,9,6,2,6,6,3,2,0,0,10,5,5,1.955299406081586,1.0040684721926005,1.1608239513318341,1.38029569664563,5.1202258266948,3.86511461926743,4.650446981165725,4.766416193745101,17.344464252829,9.802212827615914,11.57498925011187,14.341433954970135,4.0847737957525485,4.175766671805785,2.0643019601348054,0.8827722156001151,3.72,1
2026-03-15,Nott'm Forest,Fulham,S Barrott,0,0,D,0,0,D,11,5,2,0,5,4,2,3,0,0,8,10,5,0.6263027160585485,1.003982953478927,1.366778447413819,1.723594320384142,6.277137828810034,4.1104765916838675,4.245839387610416,5.393683145979975,16.78858752994066,11.684619771598697,12.095082228369462,12.733687319926958,2.620325757617431,3.746006444241154,0.3439425233660366,1.5582640867658393,3.95,1
2026-03-15,Liverpool,Tottenham,C Kavanagh,1,1,D,1,0,H,17,13,4,7,3,4,0,0,0,0,8,13,0,2.2621579172700352,1.2603760531171198,1.138714064205708,1.7930653537062435,7.001445610905975,4.59408442100097,4.216949434206046,4.4690226848567365,18.610520809630035,10.47901972218932,10.820946742033412,14.913850672811128,3.6976524138200015,4.049004255121975,2.793589993194765,0.9821976317658999,3.7,1
2026-03-16,Brentford,Wolves,S Attwell,2,2,D,2,1,H,10,13,3,4,1,5,2,4,0,0,12,10,6,1.3254971584849784,1.215032160544951,0.4008637991052185,1.2961414677101815,4.945206732482682,4.6553179301015835,3.7068048511818255,6.430241387705321,12.126359080180928,10.989535394611398,9.596908209405765,16.97442522581351,3.1631259013221182,4.013440878150236,0.8731063296026046,0.24603387185872108,3.99,1
2026-03-20,Bournemouth,Man United,S Attwell,2,2,D,0,0,D,16,14,5,5,6,8,2,2,0,1,10,9,5,1.2621352107800579,1.057024052855601,1.5215198921104192,1.420965561637433,5.686437304716734,4.410489236247021,3.702891801383646,5.4066209708779445,15.274021884275706,8.978472837107152,14.224975494500224,11.276022885378813,3.7917829443472706,3.639533630104877,1.0288220916910917,1.3518353726738752,3.99,1
2026-03-21,Everton,Chelsea,S Barrott,3,0,H,1,0,H,10,12,9,4,3,9,0,2,0,0,6,7,2,1.1822638388708335,1.2083269963924563,2.119100599878325,1.2785705937935083,5.795205466245964,3.623456365219689,6.1670816532158605,4.154165619722419,12.476789276844944,10.243194106793915,12.443128460830756,11.590022993698195,3.72175817875825,4.845879823492193,1.1721968330609764,2.5256547409659755,3.95,1
2026-03-21,Leeds,Brentford,J Gillett,0,0,D,0,0,D,14,6,4,2,6,2,2,0,0,0,6,9,2,1.1805272486033482,1.4307133614612109,1.619148431980055,1.4028800392753944,6.009022013243598,4.824144162032705,4.977013363963642,5.671839865273355,13.893243542155169,11.209281762555843,9.746039827129964,13.975679924002192,3.4717341587073514,3.819857325871171,0.802091538440525,1.6910261612468658,3.81,1
2026-03-21,Fulham,Burnley,C Kavanagh,3,1,H,0,0,D,22,9,6,5,6,6,2,2,0,1,6,9,5,1.3933518300283991,1.2962872502823537,0.9955908701381999,1.939970641635324,5.258583782627845,6.228799943678966,3.4211516033043505,6.521604467852303,13.666407351809513,11.726973663591053,7.659226075791462,17.038638080330518,4.696543510218254,3.3097215045801396,1.1490732985255658,0.8421032885250781,3.7,1
2026-03-21,Brighton,Liverpool,D England,2,1,H,1,1,D,16,12,7,5,4,8,5,5,0,0,11,11,10,1.0993706434946164,1.0084490155582095,1.3249990127240838,1.3287036006064472,4.913403028229089,4.077522374113729,6.78692643930229,3.858749758470923,13.092555758485467,9.655472176424349,14.415300730627617,10.983353145348573,4.064567008759947,3.040623009255584,0.8122502699862175,1.1590012146765316,4.1,1
2026-03-22,Newcastle,Sunderland,A Taylor,1,2,A,1,0,H,16,17,4,7,9,5,1,6,0,0,8,19,7,1.9491660151156507,1.8255540162096981,0.6296159116678323,1.4834696614086982,6.489104924443403,4.369639209588448,3.055136012204064,6.034079464666819,14.8241673170184,11.840201518602873,7.295651393373665,17.3761261124828,4.787972961559103,4.212300377214921,1.9297688269903446,0.7270132680326729,3.72,1
2026-03-22,Aston Villa,West Ham,P Tierney,2,0,H,1,0,H,23,9,7,1,6,6,0,1,0,0,3,7,1,1.2174577138108438,1.3380449243278012,1.3840403114681377,1.8335538654374044,6.014676674816512,4.445071313920928,4.1517260997166,7.572165311283764,14.774738588227784,11.593786653146653,9.812966299819701,16.414539319820975,4.102475226502939,4.522353315600446,1.0064389796403568,1.471140514398743,3.83,1
2026-03-22,Tottenham,Nott'm Forest,M Oliver,0,3,A,0,1,A,14,8,3,7,13,3,1,2,0,0,13,13,3,1.1722025538437488,2.255079331843538,1.305680798151393,1.7321533233726385,4.649191036034831,5.48711971309599,4.581185599983434,5.13368084111447,12.352861252364768,13.594462797546566,11.027954871437558,14.378932719218726,5.190712879828878,3.7178620980647934,1.1218099738423906,1.456977764217853,3.43,1
2026-04-10,West Ham,Wolves,J Gillett,4,0,H,1,0,H,18,14,7,3,5,2,2,2,0,0,11,7,4,1.150665417393082,1.287184041127571,0.6916158357068787,1.4241157463414895,4.944266313441391,6.363762592339095,3.9419312419369623,5.442924771503077,10.287337276562315,13.643893530584883,10.21565217149231,15.706347911700664,3.641717932630265,4.374633445852872,1.0199017185690737,0.8306892479058141,3.81,1
2026-04-11,Arsenal,Bournemouth,M Oliver,1,2,A,1,1,D,15,8,3,3,10,1,1,3,0,0,12,18,4,2.133004727810587,0.7084434493023775,1.1970805770668138,1.2516660419582155,6.041997204857647,3.545735928985665,5.777319621285339,6.763022890827297,17.020598652176037,7.733653618282113,14.068423903382659,16.65389278732995,2.902018682888158,3.8093865989956055,2.1167650346477855,0.8104522312032263,3.43,1
2026-04-11,Brentford,Everton,F Hallam,2,2,D,1,1,D,17,14,4,7,2,3,0,2,0,0,6,7,2,1.4481340401990868,1.3577535875746756,1.2033577360386516,1.1429918664473904,4.227896409071083,4.717987398091015,3.4624209969378295,6.487207294988008,11.73974833379453,11.35507441806109,10.123097223671868,17.270351486001864,3.678921198041605,2.976909338115846,1.248737553068403,1.2533435430102722,3.0,1
2026-04-11,Burnley,Brighton,T Bramall,0,2,A,0,1,A,10,13,5,6,8,2,2,1,0,0,7,11,3,1.0924537450674028,1.813770583041733,1.1633904492242928,1.0024300741361438,3.892250942759905,5.6158825253060005,4.155015779819286,5.795165273636009,12.605118634535044,16.436769891970265,11.498170802163177,14.500196903646547,2.485708465590662,4.256421787873098,1.093667912473991,1.1162398514151197,4.06,1
2026-04-11,Liverpool,Fulham,A Taylor,2,0,H,2,0,H,18,19,5,4,6,9,0,0,0,0,10,4,0,2.0326746595251133,1.2130349525381041,1.1182732722415536,1.4102135311834911,6.273910045098196,4.486069071700078,4.201141316611443,5.3221043913257455,18.317698844166884,10.937379772819119,10.805067262623702,12.418471439878813,3.025351974769439,3.974005275235592,2.1957266621298435,1.0388427245105596,3.72,1
2026-04-12,Crystal Palace,Newcastle,A Madley,2,1,H,0,1,A,11,7,5,3,2,4,0,3,0,0,17,12,3,0.8356788705932722,1.1385583849620262,1.1529132946421448,1.294827421873355,5.60818260695366,3.60524871119387,6.142458510330458,5.1894434837262,13.948025386450846,10.800676157916307,12.174791261079397,14.488508350136936,4.419968131850007,4.320167935101551,0.7083680593431088,1.1546361237340415,3.43,1
2026-04-12,Nott'm Forest,Aston Villa,M Salisbury,1,1,D,1,1,D,15,12,4,5,7,3,2,2,0,0,15,10,4,0.512429434477356,0.8214405013501779,1.1315832329002877,1.6747873882409117,6.044930827516298,4.090389927982138,4.89582025738099,4.9907041585768335,15.736116510969872,10.469233713072796,11.106809386333858,14.642991417780973,3.0529940314829545,4.3256272769708355,0.2292950155773337,0.9218481437334102,3.97,1
2026-04-12,Sunderland,Tottenham,R Jones,1,0,H,0,0,D,13,11,2,7,2,6,3,3,0,0,14,15,6,1.0721966887616967,1.1284120197722984,1.1134933252526806,1.6488716529950191,4.209077330546886,4.7776015965508005,4.177504082521999,4.201927651177214,11.718615425808304,12.604714452051024,11.217138243584538,15.293150550580112,3.468738273761463,3.312821663090865,0.7800280508592438,0.9881317545105999,3.98,1
2026-04-12,Chelsea,Man City,C Kavanagh,0,3,A,0,0,D,12,18,3,8,4,12,3,1,0,0,10,14,4,1.455069182627538,1.2018713548884281,1.387618552407889,1.024712149944763,7.1268386704921465,3.542396580171477,6.203313986512737,3.482077495196911,15.708948811191448,9.845150602679663,15.443252580898728,9.933616322281509,5.0128117886268875,4.063929050236932,1.164953517786697,1.2556229885849877,3.7,1
2026-04-13,Man United,Leeds,P Tierney,1,2,A,0,2,A,20,15,9,6,11,4,3,2,1,0,12,15,6,2.1452449686614234,1.0033287499755723,1.043416218689895,1.434470864551174,5.280184767337192,4.253275597683018,3.2210633850004973,5.758139580723408,17.100016206796752,9.656355949829774,10.81252412015018,14.149092755918831,4.251178560204293,3.9768845025104564,2.376201306756537,0.9084667946080213,3.83,1
2026-04-18,Chelsea,Man United,M Oliver,0,1,A,0,1,A,21,4,3,1,7,1,1,3,0,0,12,13,4,1.1905111493664453,1.5288038358871137,1.6085162753815132,1.5262445504529458,6.558322548463959,5.080142656829935,4.484184201297706,5.514508067104826,15.03459448174095,11.327850493415871,14.184070859127875,12.134927815492025,4.828664190655687,3.886891151956429,0.7766356785244647,1.56789024844925,3.43,1
2026-04-18,Tottenham,Brighton,S Attwell,2,2,D,1,1,D,13,10,6,3,7,5,3,1,0,0,14,14,4,0.9590748167360664,2.390519453355244,1.315501276670305,0.8201700606182062,6.167519938895835,5.0349161288008535,3.763194728859987,6.196044314878082,12.65234102472557,12.577287743231551,11.771230656373215,13.681979284628259,4.7924014470482765,4.027981462756833,0.747873315894927,1.41082656761008,3.99,1
2026-04-18,Brentford,Fulham,P Tierney,0,0,D,0,0,D,13,11,4,0,9,3,0,1,0,0,8,13,1,1.5484733065804976,1.4745256636818844,0.9149508571552232,1.517447435633913,3.822824330806613,4.405626049985492,5.0736610856020485,5.445358139540426,12.696157736829754,11.835969983029289,12.295055047356762,13.433294824186644,3.3736627954677854,3.2514588546213434,1.4991583687122685,0.6925618163403731,3.83,1
2026-04-18,Leeds,Wolves,F Hallam,3,0,H,2,0,H,17,7,6,2,5,6,2,1,0,0,9,17,3,0.9658858374035959,1.1705835463386152,0.5658675019153333,1.8924583380150515,6.00738164648649,4.310663182167652,3.5888528342372084,5.362392994849081,13.91265381565255,10.262139212330977,10.903715413185031,16.123375564207137,3.2041460135717315,4.306518273865183,0.534727692293646,0.5537928319372094,3.0,1
2026-04-18,Newcastle,Bournemouth,T Bramall,1,2,A,0,1,A,12,12,3,3,2,3,2,4,0,0,11,12,6,1.7765903759671284,1.857271467814659,1.3430659901286137,1.2059085599001989,6.945631301914113,4.484250262414846,4.908715676329313,7.351564439153362,15.037955077605833,12.7783466972376,12.965073623309616,16.35318487714357,5.190159695906347,3.8440435960565127,1.61984588466023,1.2069681541355395,4.06,1
2026-04-19,Aston Villa,Sunderland,S Barrott,4,3,H,2,1,H,15,10,7,7,4,5,1,3,0,0,11,11,4,1.3597381295117625,1.0947640289438987,0.8892468213936697,1.3918722259998033,6.012008188485671,4.727785620540693,3.4236070202548263,6.595998311594094,16.2702406634125,11.122189079747283,9.134222695016174,17.11540732749149,3.538388821564638,4.740453757911959,1.3376259864269044,1.1519891785207876,3.95,1
2026-04-19,Everton,Liverpool,C Kavanagh,1,2,A,0,1,A,10,14,4,6,1,6,2,0,0,0,8,12,2,1.5127613227825647,0.9886311788199802,1.2659082831253596,1.45075749143115,5.286986290457138,4.601009753568802,7.007485268566813,3.8844316205725633,12.02646395368676,10.562613360171829,13.97615514314768,11.895470755478565,3.4087112370994754,4.305964280568273,1.781464555373984,1.1060008097843543,3.7,1
2026-04-19,Nott'm Forest,Burnley,T Kirk,4,1,H,0,1,A,10,4,4,3,4,4,0,2,0,0,8,12,2,0.6010786667310407,0.8539058788488005,0.9963925304614322,2.1327033359985776,6.218579843426611,3.8921371276533256,3.890033333727631,6.426767250667889,15.60227708717941,10.747554977094255,7.903003258853033,17.94070427589732,3.2251770096713583,3.6170450009303816,0.4861966770515917,0.8947355256833928,3.6,1
2026-04-19,Man City,Arsenal,A Taylor,2,1,H,1,1,D,15,9,5,3,8,5,2,2,0,0,5,12,4,2.2231361503447706,0.8451380312304179,1.9392264199860685,0.812178084455098,5.8305856125068845,3.1828782049372006,5.130559354334787,3.444226896003618,16.345134342857957,9.780925514633557,12.370339957539233,8.357334770393107,4.643675812400298,3.5838822769510563,2.122708587427459,2.0387591306294275,3.72,1
2026-04-20,Crystal Palace,West Ham,D England,0,0,D,0,0,D,9,9,1,4,4,6,2,1,0,0,13,12,3,1.0473736214393743,1.1133659513272263,1.132396618420583,1.8638167990006556,4.952149405550281,3.6770216728102003,4.487775899839369,7.286317072807935,13.41202077061888,10.109644129057754,9.665154245275692,17.61189580738009,4.161792107822546,3.881925439900959,1.1389120395620724,0.9807603429324954,4.1,1
2026-04-21,Brighton,Chelsea,C Pawson,3,0,H,1,0,H,15,6,9,0,6,5,1,1,0,0,15,6,2,1.2631214356212193,1.0069128309109365,1.733809581636949,1.5915577586246774,4.747329750334047,4.790700124426062,6.682157716376717,3.944317325182946,13.62118198432745,10.081749962619382,12.362559649753539,11.3009279038736,5.143736643759647,4.328447128202099,1.2081668466574784,1.6837698273106503,3.87,1
2026-04-22,Bournemouth,Leeds,M Salisbury,2,2,D,0,0,D,17,10,7,3,12,1,3,0,0,0,6,10,3,1.3962925034813887,1.2284742995669353,1.217340618142858,1.355476127578547,5.743448728633314,5.0631278405318,3.3626882856340505,6.711205525653314,15.40601796267504,9.891478172559053,11.573883701878804,15.212894535296813,4.011458868107372,4.344723843715828,1.3525480611274396,1.2723111964053984,3.97,1
2026-04-22,Burnley,Man City,A Madley,0,1,A,0,1,A,9,28,1,9,3,11,0,0,0,0,10,12,0,0.8938257051054823,1.8476304917478812,1.6807788156686039,0.8384008499153084,4.6391147322603805,4.95844905320071,7.257256898279309,3.5762452233628905,12.131460495156299,15.811902367350193,15.9081157481066,10.309322445582701,2.5792160579349335,4.0523055865550255,0.7291119416492765,1.837081992389992,3.43,1
2026-04-24,Sunderland,Nott'm Forest,D England,0,5,A,0,4,A,14,10,4,6,3,6,2,5,0,0,13,15,7,1.058518412618542,0.9146247744784534,1.6137389687170223,1.4172162186315989,3.790548859683912,5.009195360837123,4.293697184150006,6.563921309691867,11.961384621348907,12.3006876638071,10.477417382850632,14.310035831239993,3.948307315997896,3.5873416598811483,0.8534638353968139,1.9713185094786405,4.1,1
2026-04-25,West Ham,Everton,S Attwell,2,1,H,0,0,D,10,11,3,3,3,4,3,4,0,0,9,11,7,1.6687262507041676,1.0531505790547617,1.3482017840623306,1.2988115271263527,4.95439971099965,5.570351211745603,3.3783444520222186,5.671351422999047,11.689639590211904,13.708640161401359,10.827988637699146,17.22119667035474,3.706860126711299,2.7992894584207644,2.0132678123793823,1.502229028673515,3.99,1
2026-04-25,Wolves,Tottenham,A Taylor,0,1,A,0,0,D,11,11,2,2,5,5,3,4,0,0,8,14,7,1.3542257909477928,1.4353376026495934,0.9110399933456372,1.530894988789096,2.5078967935235594,6.1461666398611765,4.5088669766791565,3.8015771690601197,8.55777566462619,13.197417990314786,11.177658562924433,14.876214086749885,3.839189571238974,3.801399542632467,1.6233437881901054,0.6587545030070666,3.72,1
2026-04-25,Fulham,Aston Villa,M Oliver,1,0,H,1,0,H,13,10,6,1,2,5,2,2,0,0,14,12,4,1.6854696819179118,1.2424168406230558,1.1076590087315272,1.5520987721710997,5.393386732534812,6.187199953519874,4.551125665056826,5.356030675276676,15.181606029659855,11.231160265452012,11.269207679762129,14.707902069107284,4.751717417980861,4.266422317509041,1.7660488656837103,0.9478987624889402,3.43,1
2026-04-25,Liverpool,Crystal Palace,A Madley,3,1,H,2,0,H,9,14,3,7,5,8,1,3,0,0,10,10,4,2.0267338123374694,0.9924831429389651,1.4016190995432993,1.2945110863115754,6.2241082187061485,5.306783786110418,3.837618421646461,5.467112187201918,18.259935417942476,12.403310723526415,9.279993427353475,12.707554640188889,2.4752879792402016,4.133024090047287,2.130484441419896,1.6509644288783056,3.43,1
2026-04-25,Arsenal,Newcastle,S Barrott,1,0,H,1,0,H,11,13,4,3,7,2,2,2,0,0,13,10,4,1.9270038681649904,0.9432719131153646,1.1251108774285878,1.4230406179235624,6.761634076854272,3.082874850890146,5.752920599278703,4.609544668380318,16.65321707897524,7.782080233150177,11.233920122501862,13.854234104523028,3.1016516496780873,4.080137401395838,1.7445100230985238,1.1030907491560276,3.95,1
